id,pre,post,mask
image_466,data/datasets/s1gfloods/A/image_466.png,data/datasets/s1gfloods/B/image_466.png,data/datasets/s1gfloods/Label/image_466.png
image_4007,data/datasets/s1gfloods/A/image_4007.png,data/datasets/s1gfloods/B/image_4007.png,data/datasets/s1gfloods/Label/image_4007.png
image_1605,data/datasets/s1gfloods/A/image_1605.png,data/datasets/s1gfloods/B/image_1605.png,data/datasets/s1gfloods/Label/image_1605.png
image_633,data/datasets/s1gfloods/A/image_633.png,data/datasets/s1gfloods/B/image_633.png,data/datasets/s1gfloods/Label/image_633.png
image_3382,data/datasets/s1gfloods/A/image_3382.png,data/datasets/s1gfloods/B/image_3382.png,data/datasets/s1gfloods/Label/image_3382.png
image_3575,data/datasets/s1gfloods/A/image_3575.png,data/datasets/s1gfloods/B/image_3575.png,data/datasets/s1gfloods/Label/image_3575.png
image_5127,data/datasets/s1gfloods/A/image_5127.png,data/datasets/s1gfloods/B/image_5127.png,data/datasets/s1gfloods/Label/image_5127.png
image_3200,data/datasets/s1gfloods/A/image_3200.png,data/datasets/s1gfloods/B/image_3200.png,data/datasets/s1gfloods/Label/image_3200.png
image_725,data/datasets/s1gfloods/A/image_725.png,data/datasets/s1gfloods/B/image_725.png,data/datasets/s1gfloods/Label/image_725.png
image_4980,data/datasets/s1gfloods/A/image_4980.png,data/datasets/s1gfloods/B/image_4980.png,data/datasets/s1gfloods/Label/image_4980.png
image_1721,data/datasets/s1gfloods/A/image_1721.png,data/datasets/s1gfloods/B/image_1721.png,data/datasets/s1gfloods/Label/image_1721.png
image_2049,data/datasets/s1gfloods/A/image_2049.png,data/datasets/s1gfloods/B/image_2049.png,data/datasets/s1gfloods/Label/image_2049.png
image_1173,data/datasets/s1gfloods/A/image_1173.png,data/datasets/s1gfloods/B/image_1173.png,data/datasets/s1gfloods/Label/image_1173.png
image_4387,data/datasets/s1gfloods/A/image_4387.png,data/datasets/s1gfloods/B/image_4387.png,data/datasets/s1gfloods/Label/image_4387.png
image_2460,data/datasets/s1gfloods/A/image_2460.png,data/datasets/s1gfloods/B/image_2460.png,data/datasets/s1gfloods/Label/image_2460.png
image_4549,data/datasets/s1gfloods/A/image_4549.png,data/datasets/s1gfloods/B/image_4549.png,data/datasets/s1gfloods/Label/image_4549.png
image_4688,data/datasets/s1gfloods/A/image_4688.png,data/datasets/s1gfloods/B/image_4688.png,data/datasets/s1gfloods/Label/image_4688.png
image_1616,data/datasets/s1gfloods/A/image_1616.png,data/datasets/s1gfloods/B/image_1616.png,data/datasets/s1gfloods/Label/image_1616.png
image_2611,data/datasets/s1gfloods/A/image_2611.png,data/datasets/s1gfloods/B/image_2611.png,data/datasets/s1gfloods/Label/image_2611.png
image_106,data/datasets/s1gfloods/A/image_106.png,data/datasets/s1gfloods/B/image_106.png,data/datasets/s1gfloods/Label/image_106.png
image_1548,data/datasets/s1gfloods/A/image_1548.png,data/datasets/s1gfloods/B/image_1548.png,data/datasets/s1gfloods/Label/image_1548.png
image_4951,data/datasets/s1gfloods/A/image_4951.png,data/datasets/s1gfloods/B/image_4951.png,data/datasets/s1gfloods/Label/image_4951.png
image_294,data/datasets/s1gfloods/A/image_294.png,data/datasets/s1gfloods/B/image_294.png,data/datasets/s1gfloods/Label/image_294.png
image_5095,data/datasets/s1gfloods/A/image_5095.png,data/datasets/s1gfloods/B/image_5095.png,data/datasets/s1gfloods/Label/image_5095.png
image_1124,data/datasets/s1gfloods/A/image_1124.png,data/datasets/s1gfloods/B/image_1124.png,data/datasets/s1gfloods/Label/image_1124.png
image_3158,data/datasets/s1gfloods/A/image_3158.png,data/datasets/s1gfloods/B/image_3158.png,data/datasets/s1gfloods/Label/image_3158.png
image_4697,data/datasets/s1gfloods/A/image_4697.png,data/datasets/s1gfloods/B/image_4697.png,data/datasets/s1gfloods/Label/image_4697.png
image_1474,data/datasets/s1gfloods/A/image_1474.png,data/datasets/s1gfloods/B/image_1474.png,data/datasets/s1gfloods/Label/image_1474.png
image_1360,data/datasets/s1gfloods/A/image_1360.png,data/datasets/s1gfloods/B/image_1360.png,data/datasets/s1gfloods/Label/image_1360.png
image_4572,data/datasets/s1gfloods/A/image_4572.png,data/datasets/s1gfloods/B/image_4572.png,data/datasets/s1gfloods/Label/image_4572.png
image_116,data/datasets/s1gfloods/A/image_116.png,data/datasets/s1gfloods/B/image_116.png,data/datasets/s1gfloods/Label/image_116.png
image_5232,data/datasets/s1gfloods/A/image_5232.png,data/datasets/s1gfloods/B/image_5232.png,data/datasets/s1gfloods/Label/image_5232.png
image_3552,data/datasets/s1gfloods/A/image_3552.png,data/datasets/s1gfloods/B/image_3552.png,data/datasets/s1gfloods/Label/image_3552.png
image_4533,data/datasets/s1gfloods/A/image_4533.png,data/datasets/s1gfloods/B/image_4533.png,data/datasets/s1gfloods/Label/image_4533.png
image_3611,data/datasets/s1gfloods/A/image_3611.png,data/datasets/s1gfloods/B/image_3611.png,data/datasets/s1gfloods/Label/image_3611.png
image_5012,data/datasets/s1gfloods/A/image_5012.png,data/datasets/s1gfloods/B/image_5012.png,data/datasets/s1gfloods/Label/image_5012.png
image_1731,data/datasets/s1gfloods/A/image_1731.png,data/datasets/s1gfloods/B/image_1731.png,data/datasets/s1gfloods/Label/image_1731.png
image_1445,data/datasets/s1gfloods/A/image_1445.png,data/datasets/s1gfloods/B/image_1445.png,data/datasets/s1gfloods/Label/image_1445.png
image_1759,data/datasets/s1gfloods/A/image_1759.png,data/datasets/s1gfloods/B/image_1759.png,data/datasets/s1gfloods/Label/image_1759.png
image_3625,data/datasets/s1gfloods/A/image_3625.png,data/datasets/s1gfloods/B/image_3625.png,data/datasets/s1gfloods/Label/image_3625.png
image_798,data/datasets/s1gfloods/A/image_798.png,data/datasets/s1gfloods/B/image_798.png,data/datasets/s1gfloods/Label/image_798.png
image_1612,data/datasets/s1gfloods/A/image_1612.png,data/datasets/s1gfloods/B/image_1612.png,data/datasets/s1gfloods/Label/image_1612.png
image_4460,data/datasets/s1gfloods/A/image_4460.png,data/datasets/s1gfloods/B/image_4460.png,data/datasets/s1gfloods/Label/image_4460.png
image_3591,data/datasets/s1gfloods/A/image_3591.png,data/datasets/s1gfloods/B/image_3591.png,data/datasets/s1gfloods/Label/image_3591.png
image_3143,data/datasets/s1gfloods/A/image_3143.png,data/datasets/s1gfloods/B/image_3143.png,data/datasets/s1gfloods/Label/image_3143.png
image_3512,data/datasets/s1gfloods/A/image_3512.png,data/datasets/s1gfloods/B/image_3512.png,data/datasets/s1gfloods/Label/image_3512.png
image_762,data/datasets/s1gfloods/A/image_762.png,data/datasets/s1gfloods/B/image_762.png,data/datasets/s1gfloods/Label/image_762.png
image_4194,data/datasets/s1gfloods/A/image_4194.png,data/datasets/s1gfloods/B/image_4194.png,data/datasets/s1gfloods/Label/image_4194.png
image_4408,data/datasets/s1gfloods/A/image_4408.png,data/datasets/s1gfloods/B/image_4408.png,data/datasets/s1gfloods/Label/image_4408.png
image_2862,data/datasets/s1gfloods/A/image_2862.png,data/datasets/s1gfloods/B/image_2862.png,data/datasets/s1gfloods/Label/image_2862.png
image_4287,data/datasets/s1gfloods/A/image_4287.png,data/datasets/s1gfloods/B/image_4287.png,data/datasets/s1gfloods/Label/image_4287.png
image_3217,data/datasets/s1gfloods/A/image_3217.png,data/datasets/s1gfloods/B/image_3217.png,data/datasets/s1gfloods/Label/image_3217.png
image_4392,data/datasets/s1gfloods/A/image_4392.png,data/datasets/s1gfloods/B/image_4392.png,data/datasets/s1gfloods/Label/image_4392.png
image_1932,data/datasets/s1gfloods/A/image_1932.png,data/datasets/s1gfloods/B/image_1932.png,data/datasets/s1gfloods/Label/image_1932.png
image_2340,data/datasets/s1gfloods/A/image_2340.png,data/datasets/s1gfloods/B/image_2340.png,data/datasets/s1gfloods/Label/image_2340.png
image_1345,data/datasets/s1gfloods/A/image_1345.png,data/datasets/s1gfloods/B/image_1345.png,data/datasets/s1gfloods/Label/image_1345.png
image_3631,data/datasets/s1gfloods/A/image_3631.png,data/datasets/s1gfloods/B/image_3631.png,data/datasets/s1gfloods/Label/image_3631.png
image_1228,data/datasets/s1gfloods/A/image_1228.png,data/datasets/s1gfloods/B/image_1228.png,data/datasets/s1gfloods/Label/image_1228.png
image_4474,data/datasets/s1gfloods/A/image_4474.png,data/datasets/s1gfloods/B/image_4474.png,data/datasets/s1gfloods/Label/image_4474.png
image_4835,data/datasets/s1gfloods/A/image_4835.png,data/datasets/s1gfloods/B/image_4835.png,data/datasets/s1gfloods/Label/image_4835.png
image_650,data/datasets/s1gfloods/A/image_650.png,data/datasets/s1gfloods/B/image_650.png,data/datasets/s1gfloods/Label/image_650.png
image_303,data/datasets/s1gfloods/A/image_303.png,data/datasets/s1gfloods/B/image_303.png,data/datasets/s1gfloods/Label/image_303.png
image_3423,data/datasets/s1gfloods/A/image_3423.png,data/datasets/s1gfloods/B/image_3423.png,data/datasets/s1gfloods/Label/image_3423.png
image_5349,data/datasets/s1gfloods/A/image_5349.png,data/datasets/s1gfloods/B/image_5349.png,data/datasets/s1gfloods/Label/image_5349.png
image_3216,data/datasets/s1gfloods/A/image_3216.png,data/datasets/s1gfloods/B/image_3216.png,data/datasets/s1gfloods/Label/image_3216.png
image_1855,data/datasets/s1gfloods/A/image_1855.png,data/datasets/s1gfloods/B/image_1855.png,data/datasets/s1gfloods/Label/image_1855.png
image_1225,data/datasets/s1gfloods/A/image_1225.png,data/datasets/s1gfloods/B/image_1225.png,data/datasets/s1gfloods/Label/image_1225.png
image_1886,data/datasets/s1gfloods/A/image_1886.png,data/datasets/s1gfloods/B/image_1886.png,data/datasets/s1gfloods/Label/image_1886.png
image_4119,data/datasets/s1gfloods/A/image_4119.png,data/datasets/s1gfloods/B/image_4119.png,data/datasets/s1gfloods/Label/image_4119.png
image_1739,data/datasets/s1gfloods/A/image_1739.png,data/datasets/s1gfloods/B/image_1739.png,data/datasets/s1gfloods/Label/image_1739.png
image_4863,data/datasets/s1gfloods/A/image_4863.png,data/datasets/s1gfloods/B/image_4863.png,data/datasets/s1gfloods/Label/image_4863.png
image_2407,data/datasets/s1gfloods/A/image_2407.png,data/datasets/s1gfloods/B/image_2407.png,data/datasets/s1gfloods/Label/image_2407.png
image_5243,data/datasets/s1gfloods/A/image_5243.png,data/datasets/s1gfloods/B/image_5243.png,data/datasets/s1gfloods/Label/image_5243.png
image_4774,data/datasets/s1gfloods/A/image_4774.png,data/datasets/s1gfloods/B/image_4774.png,data/datasets/s1gfloods/Label/image_4774.png
image_5011,data/datasets/s1gfloods/A/image_5011.png,data/datasets/s1gfloods/B/image_5011.png,data/datasets/s1gfloods/Label/image_5011.png
image_3922,data/datasets/s1gfloods/A/image_3922.png,data/datasets/s1gfloods/B/image_3922.png,data/datasets/s1gfloods/Label/image_3922.png
image_2593,data/datasets/s1gfloods/A/image_2593.png,data/datasets/s1gfloods/B/image_2593.png,data/datasets/s1gfloods/Label/image_2593.png
image_2085,data/datasets/s1gfloods/A/image_2085.png,data/datasets/s1gfloods/B/image_2085.png,data/datasets/s1gfloods/Label/image_2085.png
image_123,data/datasets/s1gfloods/A/image_123.png,data/datasets/s1gfloods/B/image_123.png,data/datasets/s1gfloods/Label/image_123.png
image_943,data/datasets/s1gfloods/A/image_943.png,data/datasets/s1gfloods/B/image_943.png,data/datasets/s1gfloods/Label/image_943.png
image_1665,data/datasets/s1gfloods/A/image_1665.png,data/datasets/s1gfloods/B/image_1665.png,data/datasets/s1gfloods/Label/image_1665.png
image_1712,data/datasets/s1gfloods/A/image_1712.png,data/datasets/s1gfloods/B/image_1712.png,data/datasets/s1gfloods/Label/image_1712.png
image_5294,data/datasets/s1gfloods/A/image_5294.png,data/datasets/s1gfloods/B/image_5294.png,data/datasets/s1gfloods/Label/image_5294.png
image_1330,data/datasets/s1gfloods/A/image_1330.png,data/datasets/s1gfloods/B/image_1330.png,data/datasets/s1gfloods/Label/image_1330.png
image_609,data/datasets/s1gfloods/A/image_609.png,data/datasets/s1gfloods/B/image_609.png,data/datasets/s1gfloods/Label/image_609.png
image_264,data/datasets/s1gfloods/A/image_264.png,data/datasets/s1gfloods/B/image_264.png,data/datasets/s1gfloods/Label/image_264.png
image_2364,data/datasets/s1gfloods/A/image_2364.png,data/datasets/s1gfloods/B/image_2364.png,data/datasets/s1gfloods/Label/image_2364.png
image_1667,data/datasets/s1gfloods/A/image_1667.png,data/datasets/s1gfloods/B/image_1667.png,data/datasets/s1gfloods/Label/image_1667.png
image_3603,data/datasets/s1gfloods/A/image_3603.png,data/datasets/s1gfloods/B/image_3603.png,data/datasets/s1gfloods/Label/image_3603.png
image_5297,data/datasets/s1gfloods/A/image_5297.png,data/datasets/s1gfloods/B/image_5297.png,data/datasets/s1gfloods/Label/image_5297.png
image_1395,data/datasets/s1gfloods/A/image_1395.png,data/datasets/s1gfloods/B/image_1395.png,data/datasets/s1gfloods/Label/image_1395.png
image_3685,data/datasets/s1gfloods/A/image_3685.png,data/datasets/s1gfloods/B/image_3685.png,data/datasets/s1gfloods/Label/image_3685.png
image_2290,data/datasets/s1gfloods/A/image_2290.png,data/datasets/s1gfloods/B/image_2290.png,data/datasets/s1gfloods/Label/image_2290.png
image_23,data/datasets/s1gfloods/A/image_23.png,data/datasets/s1gfloods/B/image_23.png,data/datasets/s1gfloods/Label/image_23.png
image_2529,data/datasets/s1gfloods/A/image_2529.png,data/datasets/s1gfloods/B/image_2529.png,data/datasets/s1gfloods/Label/image_2529.png
image_3210,data/datasets/s1gfloods/A/image_3210.png,data/datasets/s1gfloods/B/image_3210.png,data/datasets/s1gfloods/Label/image_3210.png
image_2119,data/datasets/s1gfloods/A/image_2119.png,data/datasets/s1gfloods/B/image_2119.png,data/datasets/s1gfloods/Label/image_2119.png
image_464,data/datasets/s1gfloods/A/image_464.png,data/datasets/s1gfloods/B/image_464.png,data/datasets/s1gfloods/Label/image_464.png
image_4479,data/datasets/s1gfloods/A/image_4479.png,data/datasets/s1gfloods/B/image_4479.png,data/datasets/s1gfloods/Label/image_4479.png
image_1468,data/datasets/s1gfloods/A/image_1468.png,data/datasets/s1gfloods/B/image_1468.png,data/datasets/s1gfloods/Label/image_1468.png
image_714,data/datasets/s1gfloods/A/image_714.png,data/datasets/s1gfloods/B/image_714.png,data/datasets/s1gfloods/Label/image_714.png
image_4982,data/datasets/s1gfloods/A/image_4982.png,data/datasets/s1gfloods/B/image_4982.png,data/datasets/s1gfloods/Label/image_4982.png
image_1246,data/datasets/s1gfloods/A/image_1246.png,data/datasets/s1gfloods/B/image_1246.png,data/datasets/s1gfloods/Label/image_1246.png
image_918,data/datasets/s1gfloods/A/image_918.png,data/datasets/s1gfloods/B/image_918.png,data/datasets/s1gfloods/Label/image_918.png
image_3949,data/datasets/s1gfloods/A/image_3949.png,data/datasets/s1gfloods/B/image_3949.png,data/datasets/s1gfloods/Label/image_3949.png
image_3032,data/datasets/s1gfloods/A/image_3032.png,data/datasets/s1gfloods/B/image_3032.png,data/datasets/s1gfloods/Label/image_3032.png
image_2425,data/datasets/s1gfloods/A/image_2425.png,data/datasets/s1gfloods/B/image_2425.png,data/datasets/s1gfloods/Label/image_2425.png
image_1583,data/datasets/s1gfloods/A/image_1583.png,data/datasets/s1gfloods/B/image_1583.png,data/datasets/s1gfloods/Label/image_1583.png
image_746,data/datasets/s1gfloods/A/image_746.png,data/datasets/s1gfloods/B/image_746.png,data/datasets/s1gfloods/Label/image_746.png
image_33,data/datasets/s1gfloods/A/image_33.png,data/datasets/s1gfloods/B/image_33.png,data/datasets/s1gfloods/Label/image_33.png
image_2289,data/datasets/s1gfloods/A/image_2289.png,data/datasets/s1gfloods/B/image_2289.png,data/datasets/s1gfloods/Label/image_2289.png
image_3294,data/datasets/s1gfloods/A/image_3294.png,data/datasets/s1gfloods/B/image_3294.png,data/datasets/s1gfloods/Label/image_3294.png
image_3175,data/datasets/s1gfloods/A/image_3175.png,data/datasets/s1gfloods/B/image_3175.png,data/datasets/s1gfloods/Label/image_3175.png
image_4673,data/datasets/s1gfloods/A/image_4673.png,data/datasets/s1gfloods/B/image_4673.png,data/datasets/s1gfloods/Label/image_4673.png
image_5073,data/datasets/s1gfloods/A/image_5073.png,data/datasets/s1gfloods/B/image_5073.png,data/datasets/s1gfloods/Label/image_5073.png
image_457,data/datasets/s1gfloods/A/image_457.png,data/datasets/s1gfloods/B/image_457.png,data/datasets/s1gfloods/Label/image_457.png
image_1320,data/datasets/s1gfloods/A/image_1320.png,data/datasets/s1gfloods/B/image_1320.png,data/datasets/s1gfloods/Label/image_1320.png
image_1195,data/datasets/s1gfloods/A/image_1195.png,data/datasets/s1gfloods/B/image_1195.png,data/datasets/s1gfloods/Label/image_1195.png
image_4488,data/datasets/s1gfloods/A/image_4488.png,data/datasets/s1gfloods/B/image_4488.png,data/datasets/s1gfloods/Label/image_4488.png
image_3050,data/datasets/s1gfloods/A/image_3050.png,data/datasets/s1gfloods/B/image_3050.png,data/datasets/s1gfloods/Label/image_3050.png
image_2021,data/datasets/s1gfloods/A/image_2021.png,data/datasets/s1gfloods/B/image_2021.png,data/datasets/s1gfloods/Label/image_2021.png
image_4280,data/datasets/s1gfloods/A/image_4280.png,data/datasets/s1gfloods/B/image_4280.png,data/datasets/s1gfloods/Label/image_4280.png
image_2165,data/datasets/s1gfloods/A/image_2165.png,data/datasets/s1gfloods/B/image_2165.png,data/datasets/s1gfloods/Label/image_2165.png
image_2179,data/datasets/s1gfloods/A/image_2179.png,data/datasets/s1gfloods/B/image_2179.png,data/datasets/s1gfloods/Label/image_2179.png
image_2240,data/datasets/s1gfloods/A/image_2240.png,data/datasets/s1gfloods/B/image_2240.png,data/datasets/s1gfloods/Label/image_2240.png
image_4651,data/datasets/s1gfloods/A/image_4651.png,data/datasets/s1gfloods/B/image_4651.png,data/datasets/s1gfloods/Label/image_4651.png
image_2829,data/datasets/s1gfloods/A/image_2829.png,data/datasets/s1gfloods/B/image_2829.png,data/datasets/s1gfloods/Label/image_2829.png
image_2188,data/datasets/s1gfloods/A/image_2188.png,data/datasets/s1gfloods/B/image_2188.png,data/datasets/s1gfloods/Label/image_2188.png
image_3816,data/datasets/s1gfloods/A/image_3816.png,data/datasets/s1gfloods/B/image_3816.png,data/datasets/s1gfloods/Label/image_3816.png
image_4659,data/datasets/s1gfloods/A/image_4659.png,data/datasets/s1gfloods/B/image_4659.png,data/datasets/s1gfloods/Label/image_4659.png
image_1449,data/datasets/s1gfloods/A/image_1449.png,data/datasets/s1gfloods/B/image_1449.png,data/datasets/s1gfloods/Label/image_1449.png
image_5138,data/datasets/s1gfloods/A/image_5138.png,data/datasets/s1gfloods/B/image_5138.png,data/datasets/s1gfloods/Label/image_5138.png
image_1232,data/datasets/s1gfloods/A/image_1232.png,data/datasets/s1gfloods/B/image_1232.png,data/datasets/s1gfloods/Label/image_1232.png
image_2140,data/datasets/s1gfloods/A/image_2140.png,data/datasets/s1gfloods/B/image_2140.png,data/datasets/s1gfloods/Label/image_2140.png
image_2601,data/datasets/s1gfloods/A/image_2601.png,data/datasets/s1gfloods/B/image_2601.png,data/datasets/s1gfloods/Label/image_2601.png
image_4288,data/datasets/s1gfloods/A/image_4288.png,data/datasets/s1gfloods/B/image_4288.png,data/datasets/s1gfloods/Label/image_4288.png
image_3948,data/datasets/s1gfloods/A/image_3948.png,data/datasets/s1gfloods/B/image_3948.png,data/datasets/s1gfloods/Label/image_3948.png
image_2626,data/datasets/s1gfloods/A/image_2626.png,data/datasets/s1gfloods/B/image_2626.png,data/datasets/s1gfloods/Label/image_2626.png
image_2513,data/datasets/s1gfloods/A/image_2513.png,data/datasets/s1gfloods/B/image_2513.png,data/datasets/s1gfloods/Label/image_2513.png
image_3828,data/datasets/s1gfloods/A/image_3828.png,data/datasets/s1gfloods/B/image_3828.png,data/datasets/s1gfloods/Label/image_3828.png
image_3245,data/datasets/s1gfloods/A/image_3245.png,data/datasets/s1gfloods/B/image_3245.png,data/datasets/s1gfloods/Label/image_3245.png
image_212,data/datasets/s1gfloods/A/image_212.png,data/datasets/s1gfloods/B/image_212.png,data/datasets/s1gfloods/Label/image_212.png
image_1644,data/datasets/s1gfloods/A/image_1644.png,data/datasets/s1gfloods/B/image_1644.png,data/datasets/s1gfloods/Label/image_1644.png
image_3461,data/datasets/s1gfloods/A/image_3461.png,data/datasets/s1gfloods/B/image_3461.png,data/datasets/s1gfloods/Label/image_3461.png
image_4434,data/datasets/s1gfloods/A/image_4434.png,data/datasets/s1gfloods/B/image_4434.png,data/datasets/s1gfloods/Label/image_4434.png
image_5002,data/datasets/s1gfloods/A/image_5002.png,data/datasets/s1gfloods/B/image_5002.png,data/datasets/s1gfloods/Label/image_5002.png
image_2217,data/datasets/s1gfloods/A/image_2217.png,data/datasets/s1gfloods/B/image_2217.png,data/datasets/s1gfloods/Label/image_2217.png
image_3638,data/datasets/s1gfloods/A/image_3638.png,data/datasets/s1gfloods/B/image_3638.png,data/datasets/s1gfloods/Label/image_3638.png
image_4222,data/datasets/s1gfloods/A/image_4222.png,data/datasets/s1gfloods/B/image_4222.png,data/datasets/s1gfloods/Label/image_4222.png
image_4789,data/datasets/s1gfloods/A/image_4789.png,data/datasets/s1gfloods/B/image_4789.png,data/datasets/s1gfloods/Label/image_4789.png
image_4540,data/datasets/s1gfloods/A/image_4540.png,data/datasets/s1gfloods/B/image_4540.png,data/datasets/s1gfloods/Label/image_4540.png
image_3752,data/datasets/s1gfloods/A/image_3752.png,data/datasets/s1gfloods/B/image_3752.png,data/datasets/s1gfloods/Label/image_3752.png
image_621,data/datasets/s1gfloods/A/image_621.png,data/datasets/s1gfloods/B/image_621.png,data/datasets/s1gfloods/Label/image_621.png
image_1339,data/datasets/s1gfloods/A/image_1339.png,data/datasets/s1gfloods/B/image_1339.png,data/datasets/s1gfloods/Label/image_1339.png
image_198,data/datasets/s1gfloods/A/image_198.png,data/datasets/s1gfloods/B/image_198.png,data/datasets/s1gfloods/Label/image_198.png
image_4536,data/datasets/s1gfloods/A/image_4536.png,data/datasets/s1gfloods/B/image_4536.png,data/datasets/s1gfloods/Label/image_4536.png
image_3963,data/datasets/s1gfloods/A/image_3963.png,data/datasets/s1gfloods/B/image_3963.png,data/datasets/s1gfloods/Label/image_3963.png
image_4214,data/datasets/s1gfloods/A/image_4214.png,data/datasets/s1gfloods/B/image_4214.png,data/datasets/s1gfloods/Label/image_4214.png
image_4998,data/datasets/s1gfloods/A/image_4998.png,data/datasets/s1gfloods/B/image_4998.png,data/datasets/s1gfloods/Label/image_4998.png
image_5163,data/datasets/s1gfloods/A/image_5163.png,data/datasets/s1gfloods/B/image_5163.png,data/datasets/s1gfloods/Label/image_5163.png
image_2931,data/datasets/s1gfloods/A/image_2931.png,data/datasets/s1gfloods/B/image_2931.png,data/datasets/s1gfloods/Label/image_2931.png
image_4298,data/datasets/s1gfloods/A/image_4298.png,data/datasets/s1gfloods/B/image_4298.png,data/datasets/s1gfloods/Label/image_4298.png
image_1727,data/datasets/s1gfloods/A/image_1727.png,data/datasets/s1gfloods/B/image_1727.png,data/datasets/s1gfloods/Label/image_1727.png
image_1874,data/datasets/s1gfloods/A/image_1874.png,data/datasets/s1gfloods/B/image_1874.png,data/datasets/s1gfloods/Label/image_1874.png
image_1366,data/datasets/s1gfloods/A/image_1366.png,data/datasets/s1gfloods/B/image_1366.png,data/datasets/s1gfloods/Label/image_1366.png
image_3318,data/datasets/s1gfloods/A/image_3318.png,data/datasets/s1gfloods/B/image_3318.png,data/datasets/s1gfloods/Label/image_3318.png
image_703,data/datasets/s1gfloods/A/image_703.png,data/datasets/s1gfloods/B/image_703.png,data/datasets/s1gfloods/Label/image_703.png
image_3595,data/datasets/s1gfloods/A/image_3595.png,data/datasets/s1gfloods/B/image_3595.png,data/datasets/s1gfloods/Label/image_3595.png
image_3188,data/datasets/s1gfloods/A/image_3188.png,data/datasets/s1gfloods/B/image_3188.png,data/datasets/s1gfloods/Label/image_3188.png
image_4063,data/datasets/s1gfloods/A/image_4063.png,data/datasets/s1gfloods/B/image_4063.png,data/datasets/s1gfloods/Label/image_4063.png
image_4575,data/datasets/s1gfloods/A/image_4575.png,data/datasets/s1gfloods/B/image_4575.png,data/datasets/s1gfloods/Label/image_4575.png
image_3443,data/datasets/s1gfloods/A/image_3443.png,data/datasets/s1gfloods/B/image_3443.png,data/datasets/s1gfloods/Label/image_3443.png
image_1679,data/datasets/s1gfloods/A/image_1679.png,data/datasets/s1gfloods/B/image_1679.png,data/datasets/s1gfloods/Label/image_1679.png
image_4016,data/datasets/s1gfloods/A/image_4016.png,data/datasets/s1gfloods/B/image_4016.png,data/datasets/s1gfloods/Label/image_4016.png
image_2505,data/datasets/s1gfloods/A/image_2505.png,data/datasets/s1gfloods/B/image_2505.png,data/datasets/s1gfloods/Label/image_2505.png
image_3866,data/datasets/s1gfloods/A/image_3866.png,data/datasets/s1gfloods/B/image_3866.png,data/datasets/s1gfloods/Label/image_3866.png
image_1097,data/datasets/s1gfloods/A/image_1097.png,data/datasets/s1gfloods/B/image_1097.png,data/datasets/s1gfloods/Label/image_1097.png
image_4505,data/datasets/s1gfloods/A/image_4505.png,data/datasets/s1gfloods/B/image_4505.png,data/datasets/s1gfloods/Label/image_4505.png
image_2225,data/datasets/s1gfloods/A/image_2225.png,data/datasets/s1gfloods/B/image_2225.png,data/datasets/s1gfloods/Label/image_2225.png
image_4153,data/datasets/s1gfloods/A/image_4153.png,data/datasets/s1gfloods/B/image_4153.png,data/datasets/s1gfloods/Label/image_4153.png
image_2732,data/datasets/s1gfloods/A/image_2732.png,data/datasets/s1gfloods/B/image_2732.png,data/datasets/s1gfloods/Label/image_2732.png
image_5290,data/datasets/s1gfloods/A/image_5290.png,data/datasets/s1gfloods/B/image_5290.png,data/datasets/s1gfloods/Label/image_5290.png
image_1433,data/datasets/s1gfloods/A/image_1433.png,data/datasets/s1gfloods/B/image_1433.png,data/datasets/s1gfloods/Label/image_1433.png
image_3663,data/datasets/s1gfloods/A/image_3663.png,data/datasets/s1gfloods/B/image_3663.png,data/datasets/s1gfloods/Label/image_3663.png
image_3442,data/datasets/s1gfloods/A/image_3442.png,data/datasets/s1gfloods/B/image_3442.png,data/datasets/s1gfloods/Label/image_3442.png
image_2894,data/datasets/s1gfloods/A/image_2894.png,data/datasets/s1gfloods/B/image_2894.png,data/datasets/s1gfloods/Label/image_2894.png
image_1280,data/datasets/s1gfloods/A/image_1280.png,data/datasets/s1gfloods/B/image_1280.png,data/datasets/s1gfloods/Label/image_1280.png
image_4930,data/datasets/s1gfloods/A/image_4930.png,data/datasets/s1gfloods/B/image_4930.png,data/datasets/s1gfloods/Label/image_4930.png
image_3547,data/datasets/s1gfloods/A/image_3547.png,data/datasets/s1gfloods/B/image_3547.png,data/datasets/s1gfloods/Label/image_3547.png
image_1737,data/datasets/s1gfloods/A/image_1737.png,data/datasets/s1gfloods/B/image_1737.png,data/datasets/s1gfloods/Label/image_1737.png
image_1034,data/datasets/s1gfloods/A/image_1034.png,data/datasets/s1gfloods/B/image_1034.png,data/datasets/s1gfloods/Label/image_1034.png
image_901,data/datasets/s1gfloods/A/image_901.png,data/datasets/s1gfloods/B/image_901.png,data/datasets/s1gfloods/Label/image_901.png
image_2974,data/datasets/s1gfloods/A/image_2974.png,data/datasets/s1gfloods/B/image_2974.png,data/datasets/s1gfloods/Label/image_2974.png
image_4195,data/datasets/s1gfloods/A/image_4195.png,data/datasets/s1gfloods/B/image_4195.png,data/datasets/s1gfloods/Label/image_4195.png
image_44,data/datasets/s1gfloods/A/image_44.png,data/datasets/s1gfloods/B/image_44.png,data/datasets/s1gfloods/Label/image_44.png
image_2533,data/datasets/s1gfloods/A/image_2533.png,data/datasets/s1gfloods/B/image_2533.png,data/datasets/s1gfloods/Label/image_2533.png
image_3837,data/datasets/s1gfloods/A/image_3837.png,data/datasets/s1gfloods/B/image_3837.png,data/datasets/s1gfloods/Label/image_3837.png
image_291,data/datasets/s1gfloods/A/image_291.png,data/datasets/s1gfloods/B/image_291.png,data/datasets/s1gfloods/Label/image_291.png
image_5037,data/datasets/s1gfloods/A/image_5037.png,data/datasets/s1gfloods/B/image_5037.png,data/datasets/s1gfloods/Label/image_5037.png
image_2850,data/datasets/s1gfloods/A/image_2850.png,data/datasets/s1gfloods/B/image_2850.png,data/datasets/s1gfloods/Label/image_2850.png
image_2472,data/datasets/s1gfloods/A/image_2472.png,data/datasets/s1gfloods/B/image_2472.png,data/datasets/s1gfloods/Label/image_2472.png
image_3863,data/datasets/s1gfloods/A/image_3863.png,data/datasets/s1gfloods/B/image_3863.png,data/datasets/s1gfloods/Label/image_3863.png
image_4267,data/datasets/s1gfloods/A/image_4267.png,data/datasets/s1gfloods/B/image_4267.png,data/datasets/s1gfloods/Label/image_4267.png
image_16,data/datasets/s1gfloods/A/image_16.png,data/datasets/s1gfloods/B/image_16.png,data/datasets/s1gfloods/Label/image_16.png
image_144,data/datasets/s1gfloods/A/image_144.png,data/datasets/s1gfloods/B/image_144.png,data/datasets/s1gfloods/Label/image_144.png
image_2531,data/datasets/s1gfloods/A/image_2531.png,data/datasets/s1gfloods/B/image_2531.png,data/datasets/s1gfloods/Label/image_2531.png
image_5266,data/datasets/s1gfloods/A/image_5266.png,data/datasets/s1gfloods/B/image_5266.png,data/datasets/s1gfloods/Label/image_5266.png
image_854,data/datasets/s1gfloods/A/image_854.png,data/datasets/s1gfloods/B/image_854.png,data/datasets/s1gfloods/Label/image_854.png
image_4207,data/datasets/s1gfloods/A/image_4207.png,data/datasets/s1gfloods/B/image_4207.png,data/datasets/s1gfloods/Label/image_4207.png
image_257,data/datasets/s1gfloods/A/image_257.png,data/datasets/s1gfloods/B/image_257.png,data/datasets/s1gfloods/Label/image_257.png
image_4610,data/datasets/s1gfloods/A/image_4610.png,data/datasets/s1gfloods/B/image_4610.png,data/datasets/s1gfloods/Label/image_4610.png
image_1625,data/datasets/s1gfloods/A/image_1625.png,data/datasets/s1gfloods/B/image_1625.png,data/datasets/s1gfloods/Label/image_1625.png
image_5311,data/datasets/s1gfloods/A/image_5311.png,data/datasets/s1gfloods/B/image_5311.png,data/datasets/s1gfloods/Label/image_5311.png
image_4879,data/datasets/s1gfloods/A/image_4879.png,data/datasets/s1gfloods/B/image_4879.png,data/datasets/s1gfloods/Label/image_4879.png
image_4856,data/datasets/s1gfloods/A/image_4856.png,data/datasets/s1gfloods/B/image_4856.png,data/datasets/s1gfloods/Label/image_4856.png
image_2705,data/datasets/s1gfloods/A/image_2705.png,data/datasets/s1gfloods/B/image_2705.png,data/datasets/s1gfloods/Label/image_2705.png
image_365,data/datasets/s1gfloods/A/image_365.png,data/datasets/s1gfloods/B/image_365.png,data/datasets/s1gfloods/Label/image_365.png
image_1535,data/datasets/s1gfloods/A/image_1535.png,data/datasets/s1gfloods/B/image_1535.png,data/datasets/s1gfloods/Label/image_1535.png
image_3862,data/datasets/s1gfloods/A/image_3862.png,data/datasets/s1gfloods/B/image_3862.png,data/datasets/s1gfloods/Label/image_3862.png
image_1290,data/datasets/s1gfloods/A/image_1290.png,data/datasets/s1gfloods/B/image_1290.png,data/datasets/s1gfloods/Label/image_1290.png
image_523,data/datasets/s1gfloods/A/image_523.png,data/datasets/s1gfloods/B/image_523.png,data/datasets/s1gfloods/Label/image_523.png
image_3849,data/datasets/s1gfloods/A/image_3849.png,data/datasets/s1gfloods/B/image_3849.png,data/datasets/s1gfloods/Label/image_3849.png
image_3367,data/datasets/s1gfloods/A/image_3367.png,data/datasets/s1gfloods/B/image_3367.png,data/datasets/s1gfloods/Label/image_3367.png
image_4037,data/datasets/s1gfloods/A/image_4037.png,data/datasets/s1gfloods/B/image_4037.png,data/datasets/s1gfloods/Label/image_4037.png
image_2575,data/datasets/s1gfloods/A/image_2575.png,data/datasets/s1gfloods/B/image_2575.png,data/datasets/s1gfloods/Label/image_2575.png
image_1714,data/datasets/s1gfloods/A/image_1714.png,data/datasets/s1gfloods/B/image_1714.png,data/datasets/s1gfloods/Label/image_1714.png
image_4322,data/datasets/s1gfloods/A/image_4322.png,data/datasets/s1gfloods/B/image_4322.png,data/datasets/s1gfloods/Label/image_4322.png
image_2462,data/datasets/s1gfloods/A/image_2462.png,data/datasets/s1gfloods/B/image_2462.png,data/datasets/s1gfloods/Label/image_2462.png
image_4448,data/datasets/s1gfloods/A/image_4448.png,data/datasets/s1gfloods/B/image_4448.png,data/datasets/s1gfloods/Label/image_4448.png
image_3643,data/datasets/s1gfloods/A/image_3643.png,data/datasets/s1gfloods/B/image_3643.png,data/datasets/s1gfloods/Label/image_3643.png
image_3244,data/datasets/s1gfloods/A/image_3244.png,data/datasets/s1gfloods/B/image_3244.png,data/datasets/s1gfloods/Label/image_3244.png
image_3277,data/datasets/s1gfloods/A/image_3277.png,data/datasets/s1gfloods/B/image_3277.png,data/datasets/s1gfloods/Label/image_3277.png
image_142,data/datasets/s1gfloods/A/image_142.png,data/datasets/s1gfloods/B/image_142.png,data/datasets/s1gfloods/Label/image_142.png
image_3070,data/datasets/s1gfloods/A/image_3070.png,data/datasets/s1gfloods/B/image_3070.png,data/datasets/s1gfloods/Label/image_3070.png
image_617,data/datasets/s1gfloods/A/image_617.png,data/datasets/s1gfloods/B/image_617.png,data/datasets/s1gfloods/Label/image_617.png
image_4012,data/datasets/s1gfloods/A/image_4012.png,data/datasets/s1gfloods/B/image_4012.png,data/datasets/s1gfloods/Label/image_4012.png
image_3053,data/datasets/s1gfloods/A/image_3053.png,data/datasets/s1gfloods/B/image_3053.png,data/datasets/s1gfloods/Label/image_3053.png
image_2784,data/datasets/s1gfloods/A/image_2784.png,data/datasets/s1gfloods/B/image_2784.png,data/datasets/s1gfloods/Label/image_2784.png
image_5315,data/datasets/s1gfloods/A/image_5315.png,data/datasets/s1gfloods/B/image_5315.png,data/datasets/s1gfloods/Label/image_5315.png
image_3803,data/datasets/s1gfloods/A/image_3803.png,data/datasets/s1gfloods/B/image_3803.png,data/datasets/s1gfloods/Label/image_3803.png
image_4457,data/datasets/s1gfloods/A/image_4457.png,data/datasets/s1gfloods/B/image_4457.png,data/datasets/s1gfloods/Label/image_4457.png
image_481,data/datasets/s1gfloods/A/image_481.png,data/datasets/s1gfloods/B/image_481.png,data/datasets/s1gfloods/Label/image_481.png
image_3479,data/datasets/s1gfloods/A/image_3479.png,data/datasets/s1gfloods/B/image_3479.png,data/datasets/s1gfloods/Label/image_3479.png
image_5185,data/datasets/s1gfloods/A/image_5185.png,data/datasets/s1gfloods/B/image_5185.png,data/datasets/s1gfloods/Label/image_5185.png
image_1868,data/datasets/s1gfloods/A/image_1868.png,data/datasets/s1gfloods/B/image_1868.png,data/datasets/s1gfloods/Label/image_1868.png
image_3243,data/datasets/s1gfloods/A/image_3243.png,data/datasets/s1gfloods/B/image_3243.png,data/datasets/s1gfloods/Label/image_3243.png
image_2837,data/datasets/s1gfloods/A/image_2837.png,data/datasets/s1gfloods/B/image_2837.png,data/datasets/s1gfloods/Label/image_2837.png
image_3396,data/datasets/s1gfloods/A/image_3396.png,data/datasets/s1gfloods/B/image_3396.png,data/datasets/s1gfloods/Label/image_3396.png
image_2422,data/datasets/s1gfloods/A/image_2422.png,data/datasets/s1gfloods/B/image_2422.png,data/datasets/s1gfloods/Label/image_2422.png
image_4983,data/datasets/s1gfloods/A/image_4983.png,data/datasets/s1gfloods/B/image_4983.png,data/datasets/s1gfloods/Label/image_4983.png
image_816,data/datasets/s1gfloods/A/image_816.png,data/datasets/s1gfloods/B/image_816.png,data/datasets/s1gfloods/Label/image_816.png
image_684,data/datasets/s1gfloods/A/image_684.png,data/datasets/s1gfloods/B/image_684.png,data/datasets/s1gfloods/Label/image_684.png
image_1160,data/datasets/s1gfloods/A/image_1160.png,data/datasets/s1gfloods/B/image_1160.png,data/datasets/s1gfloods/Label/image_1160.png
image_495,data/datasets/s1gfloods/A/image_495.png,data/datasets/s1gfloods/B/image_495.png,data/datasets/s1gfloods/Label/image_495.png
image_3696,data/datasets/s1gfloods/A/image_3696.png,data/datasets/s1gfloods/B/image_3696.png,data/datasets/s1gfloods/Label/image_3696.png
image_5034,data/datasets/s1gfloods/A/image_5034.png,data/datasets/s1gfloods/B/image_5034.png,data/datasets/s1gfloods/Label/image_5034.png
image_3747,data/datasets/s1gfloods/A/image_3747.png,data/datasets/s1gfloods/B/image_3747.png,data/datasets/s1gfloods/Label/image_3747.png
image_4236,data/datasets/s1gfloods/A/image_4236.png,data/datasets/s1gfloods/B/image_4236.png,data/datasets/s1gfloods/Label/image_4236.png
image_1934,data/datasets/s1gfloods/A/image_1934.png,data/datasets/s1gfloods/B/image_1934.png,data/datasets/s1gfloods/Label/image_1934.png
image_195,data/datasets/s1gfloods/A/image_195.png,data/datasets/s1gfloods/B/image_195.png,data/datasets/s1gfloods/Label/image_195.png
image_1887,data/datasets/s1gfloods/A/image_1887.png,data/datasets/s1gfloods/B/image_1887.png,data/datasets/s1gfloods/Label/image_1887.png
image_4493,data/datasets/s1gfloods/A/image_4493.png,data/datasets/s1gfloods/B/image_4493.png,data/datasets/s1gfloods/Label/image_4493.png
image_2754,data/datasets/s1gfloods/A/image_2754.png,data/datasets/s1gfloods/B/image_2754.png,data/datasets/s1gfloods/Label/image_2754.png
image_3648,data/datasets/s1gfloods/A/image_3648.png,data/datasets/s1gfloods/B/image_3648.png,data/datasets/s1gfloods/Label/image_3648.png
image_3937,data/datasets/s1gfloods/A/image_3937.png,data/datasets/s1gfloods/B/image_3937.png,data/datasets/s1gfloods/Label/image_3937.png
image_3454,data/datasets/s1gfloods/A/image_3454.png,data/datasets/s1gfloods/B/image_3454.png,data/datasets/s1gfloods/Label/image_3454.png
image_3322,data/datasets/s1gfloods/A/image_3322.png,data/datasets/s1gfloods/B/image_3322.png,data/datasets/s1gfloods/Label/image_3322.png
image_3853,data/datasets/s1gfloods/A/image_3853.png,data/datasets/s1gfloods/B/image_3853.png,data/datasets/s1gfloods/Label/image_3853.png
image_807,data/datasets/s1gfloods/A/image_807.png,data/datasets/s1gfloods/B/image_807.png,data/datasets/s1gfloods/Label/image_807.png
image_4054,data/datasets/s1gfloods/A/image_4054.png,data/datasets/s1gfloods/B/image_4054.png,data/datasets/s1gfloods/Label/image_4054.png
image_2278,data/datasets/s1gfloods/A/image_2278.png,data/datasets/s1gfloods/B/image_2278.png,data/datasets/s1gfloods/Label/image_2278.png
image_2664,data/datasets/s1gfloods/A/image_2664.png,data/datasets/s1gfloods/B/image_2664.png,data/datasets/s1gfloods/Label/image_2664.png
image_1295,data/datasets/s1gfloods/A/image_1295.png,data/datasets/s1gfloods/B/image_1295.png,data/datasets/s1gfloods/Label/image_1295.png
image_3776,data/datasets/s1gfloods/A/image_3776.png,data/datasets/s1gfloods/B/image_3776.png,data/datasets/s1gfloods/Label/image_3776.png
image_4978,data/datasets/s1gfloods/A/image_4978.png,data/datasets/s1gfloods/B/image_4978.png,data/datasets/s1gfloods/Label/image_4978.png
image_5283,data/datasets/s1gfloods/A/image_5283.png,data/datasets/s1gfloods/B/image_5283.png,data/datasets/s1gfloods/Label/image_5283.png
image_3514,data/datasets/s1gfloods/A/image_3514.png,data/datasets/s1gfloods/B/image_3514.png,data/datasets/s1gfloods/Label/image_3514.png
image_1152,data/datasets/s1gfloods/A/image_1152.png,data/datasets/s1gfloods/B/image_1152.png,data/datasets/s1gfloods/Label/image_1152.png
image_75,data/datasets/s1gfloods/A/image_75.png,data/datasets/s1gfloods/B/image_75.png,data/datasets/s1gfloods/Label/image_75.png
image_1635,data/datasets/s1gfloods/A/image_1635.png,data/datasets/s1gfloods/B/image_1635.png,data/datasets/s1gfloods/Label/image_1635.png
image_242,data/datasets/s1gfloods/A/image_242.png,data/datasets/s1gfloods/B/image_242.png,data/datasets/s1gfloods/Label/image_242.png
image_3616,data/datasets/s1gfloods/A/image_3616.png,data/datasets/s1gfloods/B/image_3616.png,data/datasets/s1gfloods/Label/image_3616.png
image_1251,data/datasets/s1gfloods/A/image_1251.png,data/datasets/s1gfloods/B/image_1251.png,data/datasets/s1gfloods/Label/image_1251.png
image_4351,data/datasets/s1gfloods/A/image_4351.png,data/datasets/s1gfloods/B/image_4351.png,data/datasets/s1gfloods/Label/image_4351.png
image_620,data/datasets/s1gfloods/A/image_620.png,data/datasets/s1gfloods/B/image_620.png,data/datasets/s1gfloods/Label/image_620.png
image_4024,data/datasets/s1gfloods/A/image_4024.png,data/datasets/s1gfloods/B/image_4024.png,data/datasets/s1gfloods/Label/image_4024.png
image_2551,data/datasets/s1gfloods/A/image_2551.png,data/datasets/s1gfloods/B/image_2551.png,data/datasets/s1gfloods/Label/image_2551.png
image_3071,data/datasets/s1gfloods/A/image_3071.png,data/datasets/s1gfloods/B/image_3071.png,data/datasets/s1gfloods/Label/image_3071.png
image_538,data/datasets/s1gfloods/A/image_538.png,data/datasets/s1gfloods/B/image_538.png,data/datasets/s1gfloods/Label/image_538.png
image_2060,data/datasets/s1gfloods/A/image_2060.png,data/datasets/s1gfloods/B/image_2060.png,data/datasets/s1gfloods/Label/image_2060.png
image_867,data/datasets/s1gfloods/A/image_867.png,data/datasets/s1gfloods/B/image_867.png,data/datasets/s1gfloods/Label/image_867.png
image_1093,data/datasets/s1gfloods/A/image_1093.png,data/datasets/s1gfloods/B/image_1093.png,data/datasets/s1gfloods/Label/image_1093.png
image_1645,data/datasets/s1gfloods/A/image_1645.png,data/datasets/s1gfloods/B/image_1645.png,data/datasets/s1gfloods/Label/image_1645.png
image_1390,data/datasets/s1gfloods/A/image_1390.png,data/datasets/s1gfloods/B/image_1390.png,data/datasets/s1gfloods/Label/image_1390.png
image_3680,data/datasets/s1gfloods/A/image_3680.png,data/datasets/s1gfloods/B/image_3680.png,data/datasets/s1gfloods/Label/image_3680.png
image_314,data/datasets/s1gfloods/A/image_314.png,data/datasets/s1gfloods/B/image_314.png,data/datasets/s1gfloods/Label/image_314.png
image_781,data/datasets/s1gfloods/A/image_781.png,data/datasets/s1gfloods/B/image_781.png,data/datasets/s1gfloods/Label/image_781.png
image_280,data/datasets/s1gfloods/A/image_280.png,data/datasets/s1gfloods/B/image_280.png,data/datasets/s1gfloods/Label/image_280.png
image_1863,data/datasets/s1gfloods/A/image_1863.png,data/datasets/s1gfloods/B/image_1863.png,data/datasets/s1gfloods/Label/image_1863.png
image_2985,data/datasets/s1gfloods/A/image_2985.png,data/datasets/s1gfloods/B/image_2985.png,data/datasets/s1gfloods/Label/image_2985.png
image_4630,data/datasets/s1gfloods/A/image_4630.png,data/datasets/s1gfloods/B/image_4630.png,data/datasets/s1gfloods/Label/image_4630.png
image_2406,data/datasets/s1gfloods/A/image_2406.png,data/datasets/s1gfloods/B/image_2406.png,data/datasets/s1gfloods/Label/image_2406.png
image_4476,data/datasets/s1gfloods/A/image_4476.png,data/datasets/s1gfloods/B/image_4476.png,data/datasets/s1gfloods/Label/image_4476.png
image_947,data/datasets/s1gfloods/A/image_947.png,data/datasets/s1gfloods/B/image_947.png,data/datasets/s1gfloods/Label/image_947.png
image_1963,data/datasets/s1gfloods/A/image_1963.png,data/datasets/s1gfloods/B/image_1963.png,data/datasets/s1gfloods/Label/image_1963.png
image_3028,data/datasets/s1gfloods/A/image_3028.png,data/datasets/s1gfloods/B/image_3028.png,data/datasets/s1gfloods/Label/image_3028.png
image_1589,data/datasets/s1gfloods/A/image_1589.png,data/datasets/s1gfloods/B/image_1589.png,data/datasets/s1gfloods/Label/image_1589.png
image_647,data/datasets/s1gfloods/A/image_647.png,data/datasets/s1gfloods/B/image_647.png,data/datasets/s1gfloods/Label/image_647.png
image_3530,data/datasets/s1gfloods/A/image_3530.png,data/datasets/s1gfloods/B/image_3530.png,data/datasets/s1gfloods/Label/image_3530.png
image_5075,data/datasets/s1gfloods/A/image_5075.png,data/datasets/s1gfloods/B/image_5075.png,data/datasets/s1gfloods/Label/image_5075.png
image_3495,data/datasets/s1gfloods/A/image_3495.png,data/datasets/s1gfloods/B/image_3495.png,data/datasets/s1gfloods/Label/image_3495.png
image_4328,data/datasets/s1gfloods/A/image_4328.png,data/datasets/s1gfloods/B/image_4328.png,data/datasets/s1gfloods/Label/image_4328.png
image_2458,data/datasets/s1gfloods/A/image_2458.png,data/datasets/s1gfloods/B/image_2458.png,data/datasets/s1gfloods/Label/image_2458.png
image_4541,data/datasets/s1gfloods/A/image_4541.png,data/datasets/s1gfloods/B/image_4541.png,data/datasets/s1gfloods/Label/image_4541.png
image_5177,data/datasets/s1gfloods/A/image_5177.png,data/datasets/s1gfloods/B/image_5177.png,data/datasets/s1gfloods/Label/image_5177.png
image_5295,data/datasets/s1gfloods/A/image_5295.png,data/datasets/s1gfloods/B/image_5295.png,data/datasets/s1gfloods/Label/image_5295.png
image_5156,data/datasets/s1gfloods/A/image_5156.png,data/datasets/s1gfloods/B/image_5156.png,data/datasets/s1gfloods/Label/image_5156.png
image_2330,data/datasets/s1gfloods/A/image_2330.png,data/datasets/s1gfloods/B/image_2330.png,data/datasets/s1gfloods/Label/image_2330.png
image_1765,data/datasets/s1gfloods/A/image_1765.png,data/datasets/s1gfloods/B/image_1765.png,data/datasets/s1gfloods/Label/image_1765.png
image_2282,data/datasets/s1gfloods/A/image_2282.png,data/datasets/s1gfloods/B/image_2282.png,data/datasets/s1gfloods/Label/image_2282.png
image_1458,data/datasets/s1gfloods/A/image_1458.png,data/datasets/s1gfloods/B/image_1458.png,data/datasets/s1gfloods/Label/image_1458.png
image_3182,data/datasets/s1gfloods/A/image_3182.png,data/datasets/s1gfloods/B/image_3182.png,data/datasets/s1gfloods/Label/image_3182.png
image_2673,data/datasets/s1gfloods/A/image_2673.png,data/datasets/s1gfloods/B/image_2673.png,data/datasets/s1gfloods/Label/image_2673.png
image_1147,data/datasets/s1gfloods/A/image_1147.png,data/datasets/s1gfloods/B/image_1147.png,data/datasets/s1gfloods/Label/image_1147.png
image_1805,data/datasets/s1gfloods/A/image_1805.png,data/datasets/s1gfloods/B/image_1805.png,data/datasets/s1gfloods/Label/image_1805.png
image_4403,data/datasets/s1gfloods/A/image_4403.png,data/datasets/s1gfloods/B/image_4403.png,data/datasets/s1gfloods/Label/image_4403.png
image_180,data/datasets/s1gfloods/A/image_180.png,data/datasets/s1gfloods/B/image_180.png,data/datasets/s1gfloods/Label/image_180.png
image_2939,data/datasets/s1gfloods/A/image_2939.png,data/datasets/s1gfloods/B/image_2939.png,data/datasets/s1gfloods/Label/image_2939.png
image_669,data/datasets/s1gfloods/A/image_669.png,data/datasets/s1gfloods/B/image_669.png,data/datasets/s1gfloods/Label/image_669.png
image_2441,data/datasets/s1gfloods/A/image_2441.png,data/datasets/s1gfloods/B/image_2441.png,data/datasets/s1gfloods/Label/image_2441.png
image_5170,data/datasets/s1gfloods/A/image_5170.png,data/datasets/s1gfloods/B/image_5170.png,data/datasets/s1gfloods/Label/image_5170.png
image_5116,data/datasets/s1gfloods/A/image_5116.png,data/datasets/s1gfloods/B/image_5116.png,data/datasets/s1gfloods/Label/image_5116.png
image_1331,data/datasets/s1gfloods/A/image_1331.png,data/datasets/s1gfloods/B/image_1331.png,data/datasets/s1gfloods/Label/image_1331.png
image_1185,data/datasets/s1gfloods/A/image_1185.png,data/datasets/s1gfloods/B/image_1185.png,data/datasets/s1gfloods/Label/image_1185.png
image_1311,data/datasets/s1gfloods/A/image_1311.png,data/datasets/s1gfloods/B/image_1311.png,data/datasets/s1gfloods/Label/image_1311.png
image_253,data/datasets/s1gfloods/A/image_253.png,data/datasets/s1gfloods/B/image_253.png,data/datasets/s1gfloods/Label/image_253.png
image_1603,data/datasets/s1gfloods/A/image_1603.png,data/datasets/s1gfloods/B/image_1603.png,data/datasets/s1gfloods/Label/image_1603.png
image_2405,data/datasets/s1gfloods/A/image_2405.png,data/datasets/s1gfloods/B/image_2405.png,data/datasets/s1gfloods/Label/image_2405.png
image_5196,data/datasets/s1gfloods/A/image_5196.png,data/datasets/s1gfloods/B/image_5196.png,data/datasets/s1gfloods/Label/image_5196.png
image_3877,data/datasets/s1gfloods/A/image_3877.png,data/datasets/s1gfloods/B/image_3877.png,data/datasets/s1gfloods/Label/image_3877.png
image_553,data/datasets/s1gfloods/A/image_553.png,data/datasets/s1gfloods/B/image_553.png,data/datasets/s1gfloods/Label/image_553.png
image_477,data/datasets/s1gfloods/A/image_477.png,data/datasets/s1gfloods/B/image_477.png,data/datasets/s1gfloods/Label/image_477.png
image_1530,data/datasets/s1gfloods/A/image_1530.png,data/datasets/s1gfloods/B/image_1530.png,data/datasets/s1gfloods/Label/image_1530.png
image_4120,data/datasets/s1gfloods/A/image_4120.png,data/datasets/s1gfloods/B/image_4120.png,data/datasets/s1gfloods/Label/image_4120.png
image_2348,data/datasets/s1gfloods/A/image_2348.png,data/datasets/s1gfloods/B/image_2348.png,data/datasets/s1gfloods/Label/image_2348.png
image_4414,data/datasets/s1gfloods/A/image_4414.png,data/datasets/s1gfloods/B/image_4414.png,data/datasets/s1gfloods/Label/image_4414.png
image_4731,data/datasets/s1gfloods/A/image_4731.png,data/datasets/s1gfloods/B/image_4731.png,data/datasets/s1gfloods/Label/image_4731.png
image_1609,data/datasets/s1gfloods/A/image_1609.png,data/datasets/s1gfloods/B/image_1609.png,data/datasets/s1gfloods/Label/image_1609.png
image_3724,data/datasets/s1gfloods/A/image_3724.png,data/datasets/s1gfloods/B/image_3724.png,data/datasets/s1gfloods/Label/image_3724.png
image_2393,data/datasets/s1gfloods/A/image_2393.png,data/datasets/s1gfloods/B/image_2393.png,data/datasets/s1gfloods/Label/image_2393.png
image_2006,data/datasets/s1gfloods/A/image_2006.png,data/datasets/s1gfloods/B/image_2006.png,data/datasets/s1gfloods/Label/image_2006.png
image_136,data/datasets/s1gfloods/A/image_136.png,data/datasets/s1gfloods/B/image_136.png,data/datasets/s1gfloods/Label/image_136.png
image_2758,data/datasets/s1gfloods/A/image_2758.png,data/datasets/s1gfloods/B/image_2758.png,data/datasets/s1gfloods/Label/image_2758.png
image_4165,data/datasets/s1gfloods/A/image_4165.png,data/datasets/s1gfloods/B/image_4165.png,data/datasets/s1gfloods/Label/image_4165.png
image_1715,data/datasets/s1gfloods/A/image_1715.png,data/datasets/s1gfloods/B/image_1715.png,data/datasets/s1gfloods/Label/image_1715.png
image_4662,data/datasets/s1gfloods/A/image_4662.png,data/datasets/s1gfloods/B/image_4662.png,data/datasets/s1gfloods/Label/image_4662.png
image_4410,data/datasets/s1gfloods/A/image_4410.png,data/datasets/s1gfloods/B/image_4410.png,data/datasets/s1gfloods/Label/image_4410.png
image_1594,data/datasets/s1gfloods/A/image_1594.png,data/datasets/s1gfloods/B/image_1594.png,data/datasets/s1gfloods/Label/image_1594.png
image_2893,data/datasets/s1gfloods/A/image_2893.png,data/datasets/s1gfloods/B/image_2893.png,data/datasets/s1gfloods/Label/image_2893.png
image_1744,data/datasets/s1gfloods/A/image_1744.png,data/datasets/s1gfloods/B/image_1744.png,data/datasets/s1gfloods/Label/image_1744.png
image_3682,data/datasets/s1gfloods/A/image_3682.png,data/datasets/s1gfloods/B/image_3682.png,data/datasets/s1gfloods/Label/image_3682.png
image_2631,data/datasets/s1gfloods/A/image_2631.png,data/datasets/s1gfloods/B/image_2631.png,data/datasets/s1gfloods/Label/image_2631.png
image_5114,data/datasets/s1gfloods/A/image_5114.png,data/datasets/s1gfloods/B/image_5114.png,data/datasets/s1gfloods/Label/image_5114.png
image_658,data/datasets/s1gfloods/A/image_658.png,data/datasets/s1gfloods/B/image_658.png,data/datasets/s1gfloods/Label/image_658.png
image_4672,data/datasets/s1gfloods/A/image_4672.png,data/datasets/s1gfloods/B/image_4672.png,data/datasets/s1gfloods/Label/image_4672.png
image_5106,data/datasets/s1gfloods/A/image_5106.png,data/datasets/s1gfloods/B/image_5106.png,data/datasets/s1gfloods/Label/image_5106.png
image_1069,data/datasets/s1gfloods/A/image_1069.png,data/datasets/s1gfloods/B/image_1069.png,data/datasets/s1gfloods/Label/image_1069.png
image_5351,data/datasets/s1gfloods/A/image_5351.png,data/datasets/s1gfloods/B/image_5351.png,data/datasets/s1gfloods/Label/image_5351.png
image_848,data/datasets/s1gfloods/A/image_848.png,data/datasets/s1gfloods/B/image_848.png,data/datasets/s1gfloods/Label/image_848.png
image_577,data/datasets/s1gfloods/A/image_577.png,data/datasets/s1gfloods/B/image_577.png,data/datasets/s1gfloods/Label/image_577.png
image_4656,data/datasets/s1gfloods/A/image_4656.png,data/datasets/s1gfloods/B/image_4656.png,data/datasets/s1gfloods/Label/image_4656.png
image_3926,data/datasets/s1gfloods/A/image_3926.png,data/datasets/s1gfloods/B/image_3926.png,data/datasets/s1gfloods/Label/image_3926.png
image_4417,data/datasets/s1gfloods/A/image_4417.png,data/datasets/s1gfloods/B/image_4417.png,data/datasets/s1gfloods/Label/image_4417.png
image_5343,data/datasets/s1gfloods/A/image_5343.png,data/datasets/s1gfloods/B/image_5343.png,data/datasets/s1gfloods/Label/image_5343.png
image_3555,data/datasets/s1gfloods/A/image_3555.png,data/datasets/s1gfloods/B/image_3555.png,data/datasets/s1gfloods/Label/image_3555.png
image_2550,data/datasets/s1gfloods/A/image_2550.png,data/datasets/s1gfloods/B/image_2550.png,data/datasets/s1gfloods/Label/image_2550.png
image_333,data/datasets/s1gfloods/A/image_333.png,data/datasets/s1gfloods/B/image_333.png,data/datasets/s1gfloods/Label/image_333.png
image_2915,data/datasets/s1gfloods/A/image_2915.png,data/datasets/s1gfloods/B/image_2915.png,data/datasets/s1gfloods/Label/image_2915.png
image_2401,data/datasets/s1gfloods/A/image_2401.png,data/datasets/s1gfloods/B/image_2401.png,data/datasets/s1gfloods/Label/image_2401.png
image_2697,data/datasets/s1gfloods/A/image_2697.png,data/datasets/s1gfloods/B/image_2697.png,data/datasets/s1gfloods/Label/image_2697.png
image_3136,data/datasets/s1gfloods/A/image_3136.png,data/datasets/s1gfloods/B/image_3136.png,data/datasets/s1gfloods/Label/image_3136.png
image_1991,data/datasets/s1gfloods/A/image_1991.png,data/datasets/s1gfloods/B/image_1991.png,data/datasets/s1gfloods/Label/image_1991.png
image_4036,data/datasets/s1gfloods/A/image_4036.png,data/datasets/s1gfloods/B/image_4036.png,data/datasets/s1gfloods/Label/image_4036.png
image_5204,data/datasets/s1gfloods/A/image_5204.png,data/datasets/s1gfloods/B/image_5204.png,data/datasets/s1gfloods/Label/image_5204.png
image_1999,data/datasets/s1gfloods/A/image_1999.png,data/datasets/s1gfloods/B/image_1999.png,data/datasets/s1gfloods/Label/image_1999.png
image_2690,data/datasets/s1gfloods/A/image_2690.png,data/datasets/s1gfloods/B/image_2690.png,data/datasets/s1gfloods/Label/image_2690.png
image_4429,data/datasets/s1gfloods/A/image_4429.png,data/datasets/s1gfloods/B/image_4429.png,data/datasets/s1gfloods/Label/image_4429.png
image_3196,data/datasets/s1gfloods/A/image_3196.png,data/datasets/s1gfloods/B/image_3196.png,data/datasets/s1gfloods/Label/image_3196.png
image_4893,data/datasets/s1gfloods/A/image_4893.png,data/datasets/s1gfloods/B/image_4893.png,data/datasets/s1gfloods/Label/image_4893.png
image_1655,data/datasets/s1gfloods/A/image_1655.png,data/datasets/s1gfloods/B/image_1655.png,data/datasets/s1gfloods/Label/image_1655.png
image_3082,data/datasets/s1gfloods/A/image_3082.png,data/datasets/s1gfloods/B/image_3082.png,data/datasets/s1gfloods/Label/image_3082.png
image_1614,data/datasets/s1gfloods/A/image_1614.png,data/datasets/s1gfloods/B/image_1614.png,data/datasets/s1gfloods/Label/image_1614.png
image_3190,data/datasets/s1gfloods/A/image_3190.png,data/datasets/s1gfloods/B/image_3190.png,data/datasets/s1gfloods/Label/image_3190.png
image_1183,data/datasets/s1gfloods/A/image_1183.png,data/datasets/s1gfloods/B/image_1183.png,data/datasets/s1gfloods/Label/image_1183.png
image_2998,data/datasets/s1gfloods/A/image_2998.png,data/datasets/s1gfloods/B/image_2998.png,data/datasets/s1gfloods/Label/image_2998.png
image_3606,data/datasets/s1gfloods/A/image_3606.png,data/datasets/s1gfloods/B/image_3606.png,data/datasets/s1gfloods/Label/image_3606.png
image_1860,data/datasets/s1gfloods/A/image_1860.png,data/datasets/s1gfloods/B/image_1860.png,data/datasets/s1gfloods/Label/image_1860.png
image_4323,data/datasets/s1gfloods/A/image_4323.png,data/datasets/s1gfloods/B/image_4323.png,data/datasets/s1gfloods/Label/image_4323.png
image_4855,data/datasets/s1gfloods/A/image_4855.png,data/datasets/s1gfloods/B/image_4855.png,data/datasets/s1gfloods/Label/image_4855.png
image_2190,data/datasets/s1gfloods/A/image_2190.png,data/datasets/s1gfloods/B/image_2190.png,data/datasets/s1gfloods/Label/image_2190.png
image_3417,data/datasets/s1gfloods/A/image_3417.png,data/datasets/s1gfloods/B/image_3417.png,data/datasets/s1gfloods/Label/image_3417.png
image_2706,data/datasets/s1gfloods/A/image_2706.png,data/datasets/s1gfloods/B/image_2706.png,data/datasets/s1gfloods/Label/image_2706.png
image_2777,data/datasets/s1gfloods/A/image_2777.png,data/datasets/s1gfloods/B/image_2777.png,data/datasets/s1gfloods/Label/image_2777.png
image_4175,data/datasets/s1gfloods/A/image_4175.png,data/datasets/s1gfloods/B/image_4175.png,data/datasets/s1gfloods/Label/image_4175.png
image_2994,data/datasets/s1gfloods/A/image_2994.png,data/datasets/s1gfloods/B/image_2994.png,data/datasets/s1gfloods/Label/image_2994.png
image_71,data/datasets/s1gfloods/A/image_71.png,data/datasets/s1gfloods/B/image_71.png,data/datasets/s1gfloods/Label/image_71.png
image_2143,data/datasets/s1gfloods/A/image_2143.png,data/datasets/s1gfloods/B/image_2143.png,data/datasets/s1gfloods/Label/image_2143.png
image_5333,data/datasets/s1gfloods/A/image_5333.png,data/datasets/s1gfloods/B/image_5333.png,data/datasets/s1gfloods/Label/image_5333.png
image_397,data/datasets/s1gfloods/A/image_397.png,data/datasets/s1gfloods/B/image_397.png,data/datasets/s1gfloods/Label/image_397.png
image_2434,data/datasets/s1gfloods/A/image_2434.png,data/datasets/s1gfloods/B/image_2434.png,data/datasets/s1gfloods/Label/image_2434.png
image_4931,data/datasets/s1gfloods/A/image_4931.png,data/datasets/s1gfloods/B/image_4931.png,data/datasets/s1gfloods/Label/image_4931.png
image_5273,data/datasets/s1gfloods/A/image_5273.png,data/datasets/s1gfloods/B/image_5273.png,data/datasets/s1gfloods/Label/image_5273.png
image_4081,data/datasets/s1gfloods/A/image_4081.png,data/datasets/s1gfloods/B/image_4081.png,data/datasets/s1gfloods/Label/image_4081.png
image_3232,data/datasets/s1gfloods/A/image_3232.png,data/datasets/s1gfloods/B/image_3232.png,data/datasets/s1gfloods/Label/image_3232.png
image_2982,data/datasets/s1gfloods/A/image_2982.png,data/datasets/s1gfloods/B/image_2982.png,data/datasets/s1gfloods/Label/image_2982.png
image_2221,data/datasets/s1gfloods/A/image_2221.png,data/datasets/s1gfloods/B/image_2221.png,data/datasets/s1gfloods/Label/image_2221.png
image_1019,data/datasets/s1gfloods/A/image_1019.png,data/datasets/s1gfloods/B/image_1019.png,data/datasets/s1gfloods/Label/image_1019.png
image_1373,data/datasets/s1gfloods/A/image_1373.png,data/datasets/s1gfloods/B/image_1373.png,data/datasets/s1gfloods/Label/image_1373.png
image_5348,data/datasets/s1gfloods/A/image_5348.png,data/datasets/s1gfloods/B/image_5348.png,data/datasets/s1gfloods/Label/image_5348.png
image_4609,data/datasets/s1gfloods/A/image_4609.png,data/datasets/s1gfloods/B/image_4609.png,data/datasets/s1gfloods/Label/image_4609.png
image_2370,data/datasets/s1gfloods/A/image_2370.png,data/datasets/s1gfloods/B/image_2370.png,data/datasets/s1gfloods/Label/image_2370.png
image_782,data/datasets/s1gfloods/A/image_782.png,data/datasets/s1gfloods/B/image_782.png,data/datasets/s1gfloods/Label/image_782.png
image_4588,data/datasets/s1gfloods/A/image_4588.png,data/datasets/s1gfloods/B/image_4588.png,data/datasets/s1gfloods/Label/image_4588.png
image_1748,data/datasets/s1gfloods/A/image_1748.png,data/datasets/s1gfloods/B/image_1748.png,data/datasets/s1gfloods/Label/image_1748.png
image_4135,data/datasets/s1gfloods/A/image_4135.png,data/datasets/s1gfloods/B/image_4135.png,data/datasets/s1gfloods/Label/image_4135.png
image_307,data/datasets/s1gfloods/A/image_307.png,data/datasets/s1gfloods/B/image_307.png,data/datasets/s1gfloods/Label/image_307.png
image_3132,data/datasets/s1gfloods/A/image_3132.png,data/datasets/s1gfloods/B/image_3132.png,data/datasets/s1gfloods/Label/image_3132.png
image_4440,data/datasets/s1gfloods/A/image_4440.png,data/datasets/s1gfloods/B/image_4440.png,data/datasets/s1gfloods/Label/image_4440.png
image_3128,data/datasets/s1gfloods/A/image_3128.png,data/datasets/s1gfloods/B/image_3128.png,data/datasets/s1gfloods/Label/image_3128.png
image_4605,data/datasets/s1gfloods/A/image_4605.png,data/datasets/s1gfloods/B/image_4605.png,data/datasets/s1gfloods/Label/image_4605.png
image_1795,data/datasets/s1gfloods/A/image_1795.png,data/datasets/s1gfloods/B/image_1795.png,data/datasets/s1gfloods/Label/image_1795.png
image_914,data/datasets/s1gfloods/A/image_914.png,data/datasets/s1gfloods/B/image_914.png,data/datasets/s1gfloods/Label/image_914.png
image_5213,data/datasets/s1gfloods/A/image_5213.png,data/datasets/s1gfloods/B/image_5213.png,data/datasets/s1gfloods/Label/image_5213.png
image_2218,data/datasets/s1gfloods/A/image_2218.png,data/datasets/s1gfloods/B/image_2218.png,data/datasets/s1gfloods/Label/image_2218.png
image_4965,data/datasets/s1gfloods/A/image_4965.png,data/datasets/s1gfloods/B/image_4965.png,data/datasets/s1gfloods/Label/image_4965.png
image_2443,data/datasets/s1gfloods/A/image_2443.png,data/datasets/s1gfloods/B/image_2443.png,data/datasets/s1gfloods/Label/image_2443.png
image_2003,data/datasets/s1gfloods/A/image_2003.png,data/datasets/s1gfloods/B/image_2003.png,data/datasets/s1gfloods/Label/image_2003.png
image_697,data/datasets/s1gfloods/A/image_697.png,data/datasets/s1gfloods/B/image_697.png,data/datasets/s1gfloods/Label/image_697.png
image_4253,data/datasets/s1gfloods/A/image_4253.png,data/datasets/s1gfloods/B/image_4253.png,data/datasets/s1gfloods/Label/image_4253.png
image_3744,data/datasets/s1gfloods/A/image_3744.png,data/datasets/s1gfloods/B/image_3744.png,data/datasets/s1gfloods/Label/image_3744.png
image_2206,data/datasets/s1gfloods/A/image_2206.png,data/datasets/s1gfloods/B/image_2206.png,data/datasets/s1gfloods/Label/image_2206.png
image_2504,data/datasets/s1gfloods/A/image_2504.png,data/datasets/s1gfloods/B/image_2504.png,data/datasets/s1gfloods/Label/image_2504.png
image_1888,data/datasets/s1gfloods/A/image_1888.png,data/datasets/s1gfloods/B/image_1888.png,data/datasets/s1gfloods/Label/image_1888.png
image_1819,data/datasets/s1gfloods/A/image_1819.png,data/datasets/s1gfloods/B/image_1819.png,data/datasets/s1gfloods/Label/image_1819.png
image_2519,data/datasets/s1gfloods/A/image_2519.png,data/datasets/s1gfloods/B/image_2519.png,data/datasets/s1gfloods/Label/image_2519.png
image_713,data/datasets/s1gfloods/A/image_713.png,data/datasets/s1gfloods/B/image_713.png,data/datasets/s1gfloods/Label/image_713.png
image_1821,data/datasets/s1gfloods/A/image_1821.png,data/datasets/s1gfloods/B/image_1821.png,data/datasets/s1gfloods/Label/image_1821.png
image_3017,data/datasets/s1gfloods/A/image_3017.png,data/datasets/s1gfloods/B/image_3017.png,data/datasets/s1gfloods/Label/image_3017.png
image_1209,data/datasets/s1gfloods/A/image_1209.png,data/datasets/s1gfloods/B/image_1209.png,data/datasets/s1gfloods/Label/image_1209.png
image_2124,data/datasets/s1gfloods/A/image_2124.png,data/datasets/s1gfloods/B/image_2124.png,data/datasets/s1gfloods/Label/image_2124.png
image_4695,data/datasets/s1gfloods/A/image_4695.png,data/datasets/s1gfloods/B/image_4695.png,data/datasets/s1gfloods/Label/image_4695.png
image_4361,data/datasets/s1gfloods/A/image_4361.png,data/datasets/s1gfloods/B/image_4361.png,data/datasets/s1gfloods/Label/image_4361.png
image_3943,data/datasets/s1gfloods/A/image_3943.png,data/datasets/s1gfloods/B/image_3943.png,data/datasets/s1gfloods/Label/image_3943.png
image_4349,data/datasets/s1gfloods/A/image_4349.png,data/datasets/s1gfloods/B/image_4349.png,data/datasets/s1gfloods/Label/image_4349.png
image_3413,data/datasets/s1gfloods/A/image_3413.png,data/datasets/s1gfloods/B/image_3413.png,data/datasets/s1gfloods/Label/image_3413.png
image_281,data/datasets/s1gfloods/A/image_281.png,data/datasets/s1gfloods/B/image_281.png,data/datasets/s1gfloods/Label/image_281.png
image_756,data/datasets/s1gfloods/A/image_756.png,data/datasets/s1gfloods/B/image_756.png,data/datasets/s1gfloods/Label/image_756.png
image_3198,data/datasets/s1gfloods/A/image_3198.png,data/datasets/s1gfloods/B/image_3198.png,data/datasets/s1gfloods/Label/image_3198.png
image_3481,data/datasets/s1gfloods/A/image_3481.png,data/datasets/s1gfloods/B/image_3481.png,data/datasets/s1gfloods/Label/image_3481.png
image_2201,data/datasets/s1gfloods/A/image_2201.png,data/datasets/s1gfloods/B/image_2201.png,data/datasets/s1gfloods/Label/image_2201.png
image_606,data/datasets/s1gfloods/A/image_606.png,data/datasets/s1gfloods/B/image_606.png,data/datasets/s1gfloods/Label/image_606.png
image_4827,data/datasets/s1gfloods/A/image_4827.png,data/datasets/s1gfloods/B/image_4827.png,data/datasets/s1gfloods/Label/image_4827.png
image_2547,data/datasets/s1gfloods/A/image_2547.png,data/datasets/s1gfloods/B/image_2547.png,data/datasets/s1gfloods/Label/image_2547.png
image_3386,data/datasets/s1gfloods/A/image_3386.png,data/datasets/s1gfloods/B/image_3386.png,data/datasets/s1gfloods/Label/image_3386.png
image_3557,data/datasets/s1gfloods/A/image_3557.png,data/datasets/s1gfloods/B/image_3557.png,data/datasets/s1gfloods/Label/image_3557.png
image_4122,data/datasets/s1gfloods/A/image_4122.png,data/datasets/s1gfloods/B/image_4122.png,data/datasets/s1gfloods/Label/image_4122.png
image_1563,data/datasets/s1gfloods/A/image_1563.png,data/datasets/s1gfloods/B/image_1563.png,data/datasets/s1gfloods/Label/image_1563.png
image_894,data/datasets/s1gfloods/A/image_894.png,data/datasets/s1gfloods/B/image_894.png,data/datasets/s1gfloods/Label/image_894.png
image_1268,data/datasets/s1gfloods/A/image_1268.png,data/datasets/s1gfloods/B/image_1268.png,data/datasets/s1gfloods/Label/image_1268.png
image_3008,data/datasets/s1gfloods/A/image_3008.png,data/datasets/s1gfloods/B/image_3008.png,data/datasets/s1gfloods/Label/image_3008.png
image_3813,data/datasets/s1gfloods/A/image_3813.png,data/datasets/s1gfloods/B/image_3813.png,data/datasets/s1gfloods/Label/image_3813.png
image_4116,data/datasets/s1gfloods/A/image_4116.png,data/datasets/s1gfloods/B/image_4116.png,data/datasets/s1gfloods/Label/image_4116.png
image_1132,data/datasets/s1gfloods/A/image_1132.png,data/datasets/s1gfloods/B/image_1132.png,data/datasets/s1gfloods/Label/image_1132.png
image_639,data/datasets/s1gfloods/A/image_639.png,data/datasets/s1gfloods/B/image_639.png,data/datasets/s1gfloods/Label/image_639.png
image_3237,data/datasets/s1gfloods/A/image_3237.png,data/datasets/s1gfloods/B/image_3237.png,data/datasets/s1gfloods/Label/image_3237.png
image_4977,data/datasets/s1gfloods/A/image_4977.png,data/datasets/s1gfloods/B/image_4977.png,data/datasets/s1gfloods/Label/image_4977.png
image_1436,data/datasets/s1gfloods/A/image_1436.png,data/datasets/s1gfloods/B/image_1436.png,data/datasets/s1gfloods/Label/image_1436.png
image_3342,data/datasets/s1gfloods/A/image_3342.png,data/datasets/s1gfloods/B/image_3342.png,data/datasets/s1gfloods/Label/image_3342.png
image_2235,data/datasets/s1gfloods/A/image_2235.png,data/datasets/s1gfloods/B/image_2235.png,data/datasets/s1gfloods/Label/image_2235.png
image_4631,data/datasets/s1gfloods/A/image_4631.png,data/datasets/s1gfloods/B/image_4631.png,data/datasets/s1gfloods/Label/image_4631.png
image_161,data/datasets/s1gfloods/A/image_161.png,data/datasets/s1gfloods/B/image_161.png,data/datasets/s1gfloods/Label/image_161.png
image_763,data/datasets/s1gfloods/A/image_763.png,data/datasets/s1gfloods/B/image_763.png,data/datasets/s1gfloods/Label/image_763.png
image_1925,data/datasets/s1gfloods/A/image_1925.png,data/datasets/s1gfloods/B/image_1925.png,data/datasets/s1gfloods/Label/image_1925.png
image_5250,data/datasets/s1gfloods/A/image_5250.png,data/datasets/s1gfloods/B/image_5250.png,data/datasets/s1gfloods/Label/image_5250.png
image_2988,data/datasets/s1gfloods/A/image_2988.png,data/datasets/s1gfloods/B/image_2988.png,data/datasets/s1gfloods/Label/image_2988.png
image_3703,data/datasets/s1gfloods/A/image_3703.png,data/datasets/s1gfloods/B/image_3703.png,data/datasets/s1gfloods/Label/image_3703.png
image_2464,data/datasets/s1gfloods/A/image_2464.png,data/datasets/s1gfloods/B/image_2464.png,data/datasets/s1gfloods/Label/image_2464.png
image_1000,data/datasets/s1gfloods/A/image_1000.png,data/datasets/s1gfloods/B/image_1000.png,data/datasets/s1gfloods/Label/image_1000.png
image_833,data/datasets/s1gfloods/A/image_833.png,data/datasets/s1gfloods/B/image_833.png,data/datasets/s1gfloods/Label/image_833.png
image_462,data/datasets/s1gfloods/A/image_462.png,data/datasets/s1gfloods/B/image_462.png,data/datasets/s1gfloods/Label/image_462.png
image_1208,data/datasets/s1gfloods/A/image_1208.png,data/datasets/s1gfloods/B/image_1208.png,data/datasets/s1gfloods/Label/image_1208.png
image_3475,data/datasets/s1gfloods/A/image_3475.png,data/datasets/s1gfloods/B/image_3475.png,data/datasets/s1gfloods/Label/image_3475.png
image_4886,data/datasets/s1gfloods/A/image_4886.png,data/datasets/s1gfloods/B/image_4886.png,data/datasets/s1gfloods/Label/image_4886.png
image_3958,data/datasets/s1gfloods/A/image_3958.png,data/datasets/s1gfloods/B/image_3958.png,data/datasets/s1gfloods/Label/image_3958.png
image_2154,data/datasets/s1gfloods/A/image_2154.png,data/datasets/s1gfloods/B/image_2154.png,data/datasets/s1gfloods/Label/image_2154.png
image_5199,data/datasets/s1gfloods/A/image_5199.png,data/datasets/s1gfloods/B/image_5199.png,data/datasets/s1gfloods/Label/image_5199.png
image_443,data/datasets/s1gfloods/A/image_443.png,data/datasets/s1gfloods/B/image_443.png,data/datasets/s1gfloods/Label/image_443.png
image_680,data/datasets/s1gfloods/A/image_680.png,data/datasets/s1gfloods/B/image_680.png,data/datasets/s1gfloods/Label/image_680.png
image_1745,data/datasets/s1gfloods/A/image_1745.png,data/datasets/s1gfloods/B/image_1745.png,data/datasets/s1gfloods/Label/image_1745.png
image_8,data/datasets/s1gfloods/A/image_8.png,data/datasets/s1gfloods/B/image_8.png,data/datasets/s1gfloods/Label/image_8.png
image_3839,data/datasets/s1gfloods/A/image_3839.png,data/datasets/s1gfloods/B/image_3839.png,data/datasets/s1gfloods/Label/image_3839.png
image_3544,data/datasets/s1gfloods/A/image_3544.png,data/datasets/s1gfloods/B/image_3544.png,data/datasets/s1gfloods/Label/image_3544.png
image_3579,data/datasets/s1gfloods/A/image_3579.png,data/datasets/s1gfloods/B/image_3579.png,data/datasets/s1gfloods/Label/image_3579.png
image_4612,data/datasets/s1gfloods/A/image_4612.png,data/datasets/s1gfloods/B/image_4612.png,data/datasets/s1gfloods/Label/image_4612.png
image_2236,data/datasets/s1gfloods/A/image_2236.png,data/datasets/s1gfloods/B/image_2236.png,data/datasets/s1gfloods/Label/image_2236.png
image_1921,data/datasets/s1gfloods/A/image_1921.png,data/datasets/s1gfloods/B/image_1921.png,data/datasets/s1gfloods/Label/image_1921.png
image_4664,data/datasets/s1gfloods/A/image_4664.png,data/datasets/s1gfloods/B/image_4664.png,data/datasets/s1gfloods/Label/image_4664.png
image_2576,data/datasets/s1gfloods/A/image_2576.png,data/datasets/s1gfloods/B/image_2576.png,data/datasets/s1gfloods/Label/image_2576.png
image_856,data/datasets/s1gfloods/A/image_856.png,data/datasets/s1gfloods/B/image_856.png,data/datasets/s1gfloods/Label/image_856.png
image_1789,data/datasets/s1gfloods/A/image_1789.png,data/datasets/s1gfloods/B/image_1789.png,data/datasets/s1gfloods/Label/image_1789.png
image_4159,data/datasets/s1gfloods/A/image_4159.png,data/datasets/s1gfloods/B/image_4159.png,data/datasets/s1gfloods/Label/image_4159.png
image_3864,data/datasets/s1gfloods/A/image_3864.png,data/datasets/s1gfloods/B/image_3864.png,data/datasets/s1gfloods/Label/image_3864.png
image_3320,data/datasets/s1gfloods/A/image_3320.png,data/datasets/s1gfloods/B/image_3320.png,data/datasets/s1gfloods/Label/image_3320.png
image_4813,data/datasets/s1gfloods/A/image_4813.png,data/datasets/s1gfloods/B/image_4813.png,data/datasets/s1gfloods/Label/image_4813.png
image_114,data/datasets/s1gfloods/A/image_114.png,data/datasets/s1gfloods/B/image_114.png,data/datasets/s1gfloods/Label/image_114.png
image_4277,data/datasets/s1gfloods/A/image_4277.png,data/datasets/s1gfloods/B/image_4277.png,data/datasets/s1gfloods/Label/image_4277.png
image_530,data/datasets/s1gfloods/A/image_530.png,data/datasets/s1gfloods/B/image_530.png,data/datasets/s1gfloods/Label/image_530.png
image_1643,data/datasets/s1gfloods/A/image_1643.png,data/datasets/s1gfloods/B/image_1643.png,data/datasets/s1gfloods/Label/image_1643.png
image_80,data/datasets/s1gfloods/A/image_80.png,data/datasets/s1gfloods/B/image_80.png,data/datasets/s1gfloods/Label/image_80.png
image_3907,data/datasets/s1gfloods/A/image_3907.png,data/datasets/s1gfloods/B/image_3907.png,data/datasets/s1gfloods/Label/image_3907.png
image_3078,data/datasets/s1gfloods/A/image_3078.png,data/datasets/s1gfloods/B/image_3078.png,data/datasets/s1gfloods/Label/image_3078.png
image_605,data/datasets/s1gfloods/A/image_605.png,data/datasets/s1gfloods/B/image_605.png,data/datasets/s1gfloods/Label/image_605.png
image_700,data/datasets/s1gfloods/A/image_700.png,data/datasets/s1gfloods/B/image_700.png,data/datasets/s1gfloods/Label/image_700.png
image_5206,data/datasets/s1gfloods/A/image_5206.png,data/datasets/s1gfloods/B/image_5206.png,data/datasets/s1gfloods/Label/image_5206.png
image_179,data/datasets/s1gfloods/A/image_179.png,data/datasets/s1gfloods/B/image_179.png,data/datasets/s1gfloods/Label/image_179.png
image_1318,data/datasets/s1gfloods/A/image_1318.png,data/datasets/s1gfloods/B/image_1318.png,data/datasets/s1gfloods/Label/image_1318.png
image_4225,data/datasets/s1gfloods/A/image_4225.png,data/datasets/s1gfloods/B/image_4225.png,data/datasets/s1gfloods/Label/image_4225.png
image_3327,data/datasets/s1gfloods/A/image_3327.png,data/datasets/s1gfloods/B/image_3327.png,data/datasets/s1gfloods/Label/image_3327.png
image_1109,data/datasets/s1gfloods/A/image_1109.png,data/datasets/s1gfloods/B/image_1109.png,data/datasets/s1gfloods/Label/image_1109.png
image_41,data/datasets/s1gfloods/A/image_41.png,data/datasets/s1gfloods/B/image_41.png,data/datasets/s1gfloods/Label/image_41.png
image_3156,data/datasets/s1gfloods/A/image_3156.png,data/datasets/s1gfloods/B/image_3156.png,data/datasets/s1gfloods/Label/image_3156.png
image_4437,data/datasets/s1gfloods/A/image_4437.png,data/datasets/s1gfloods/B/image_4437.png,data/datasets/s1gfloods/Label/image_4437.png
image_1788,data/datasets/s1gfloods/A/image_1788.png,data/datasets/s1gfloods/B/image_1788.png,data/datasets/s1gfloods/Label/image_1788.png
image_3731,data/datasets/s1gfloods/A/image_3731.png,data/datasets/s1gfloods/B/image_3731.png,data/datasets/s1gfloods/Label/image_3731.png
image_994,data/datasets/s1gfloods/A/image_994.png,data/datasets/s1gfloods/B/image_994.png,data/datasets/s1gfloods/Label/image_994.png
image_1987,data/datasets/s1gfloods/A/image_1987.png,data/datasets/s1gfloods/B/image_1987.png,data/datasets/s1gfloods/Label/image_1987.png
image_1528,data/datasets/s1gfloods/A/image_1528.png,data/datasets/s1gfloods/B/image_1528.png,data/datasets/s1gfloods/Label/image_1528.png
image_3256,data/datasets/s1gfloods/A/image_3256.png,data/datasets/s1gfloods/B/image_3256.png,data/datasets/s1gfloods/Label/image_3256.png
image_3945,data/datasets/s1gfloods/A/image_3945.png,data/datasets/s1gfloods/B/image_3945.png,data/datasets/s1gfloods/Label/image_3945.png
image_239,data/datasets/s1gfloods/A/image_239.png,data/datasets/s1gfloods/B/image_239.png,data/datasets/s1gfloods/Label/image_239.png
image_3671,data/datasets/s1gfloods/A/image_3671.png,data/datasets/s1gfloods/B/image_3671.png,data/datasets/s1gfloods/Label/image_3671.png
image_1776,data/datasets/s1gfloods/A/image_1776.png,data/datasets/s1gfloods/B/image_1776.png,data/datasets/s1gfloods/Label/image_1776.png
image_3529,data/datasets/s1gfloods/A/image_3529.png,data/datasets/s1gfloods/B/image_3529.png,data/datasets/s1gfloods/Label/image_3529.png
image_3815,data/datasets/s1gfloods/A/image_3815.png,data/datasets/s1gfloods/B/image_3815.png,data/datasets/s1gfloods/Label/image_3815.png
image_4446,data/datasets/s1gfloods/A/image_4446.png,data/datasets/s1gfloods/B/image_4446.png,data/datasets/s1gfloods/Label/image_4446.png
image_2445,data/datasets/s1gfloods/A/image_2445.png,data/datasets/s1gfloods/B/image_2445.png,data/datasets/s1gfloods/Label/image_2445.png
image_1460,data/datasets/s1gfloods/A/image_1460.png,data/datasets/s1gfloods/B/image_1460.png,data/datasets/s1gfloods/Label/image_1460.png
image_1259,data/datasets/s1gfloods/A/image_1259.png,data/datasets/s1gfloods/B/image_1259.png,data/datasets/s1gfloods/Label/image_1259.png
image_629,data/datasets/s1gfloods/A/image_629.png,data/datasets/s1gfloods/B/image_629.png,data/datasets/s1gfloods/Label/image_629.png
image_2867,data/datasets/s1gfloods/A/image_2867.png,data/datasets/s1gfloods/B/image_2867.png,data/datasets/s1gfloods/Label/image_2867.png
image_1385,data/datasets/s1gfloods/A/image_1385.png,data/datasets/s1gfloods/B/image_1385.png,data/datasets/s1gfloods/Label/image_1385.png
image_1930,data/datasets/s1gfloods/A/image_1930.png,data/datasets/s1gfloods/B/image_1930.png,data/datasets/s1gfloods/Label/image_1930.png
image_4953,data/datasets/s1gfloods/A/image_4953.png,data/datasets/s1gfloods/B/image_4953.png,data/datasets/s1gfloods/Label/image_4953.png
image_5077,data/datasets/s1gfloods/A/image_5077.png,data/datasets/s1gfloods/B/image_5077.png,data/datasets/s1gfloods/Label/image_5077.png
image_375,data/datasets/s1gfloods/A/image_375.png,data/datasets/s1gfloods/B/image_375.png,data/datasets/s1gfloods/Label/image_375.png
image_1554,data/datasets/s1gfloods/A/image_1554.png,data/datasets/s1gfloods/B/image_1554.png,data/datasets/s1gfloods/Label/image_1554.png
image_1453,data/datasets/s1gfloods/A/image_1453.png,data/datasets/s1gfloods/B/image_1453.png,data/datasets/s1gfloods/Label/image_1453.png
image_4787,data/datasets/s1gfloods/A/image_4787.png,data/datasets/s1gfloods/B/image_4787.png,data/datasets/s1gfloods/Label/image_4787.png
image_3464,data/datasets/s1gfloods/A/image_3464.png,data/datasets/s1gfloods/B/image_3464.png,data/datasets/s1gfloods/Label/image_3464.png
image_2859,data/datasets/s1gfloods/A/image_2859.png,data/datasets/s1gfloods/B/image_2859.png,data/datasets/s1gfloods/Label/image_2859.png
image_764,data/datasets/s1gfloods/A/image_764.png,data/datasets/s1gfloods/B/image_764.png,data/datasets/s1gfloods/Label/image_764.png
image_338,data/datasets/s1gfloods/A/image_338.png,data/datasets/s1gfloods/B/image_338.png,data/datasets/s1gfloods/Label/image_338.png
image_3566,data/datasets/s1gfloods/A/image_3566.png,data/datasets/s1gfloods/B/image_3566.png,data/datasets/s1gfloods/Label/image_3566.png
image_908,data/datasets/s1gfloods/A/image_908.png,data/datasets/s1gfloods/B/image_908.png,data/datasets/s1gfloods/Label/image_908.png
image_1057,data/datasets/s1gfloods/A/image_1057.png,data/datasets/s1gfloods/B/image_1057.png,data/datasets/s1gfloods/Label/image_1057.png
image_4213,data/datasets/s1gfloods/A/image_4213.png,data/datasets/s1gfloods/B/image_4213.png,data/datasets/s1gfloods/Label/image_4213.png
image_234,data/datasets/s1gfloods/A/image_234.png,data/datasets/s1gfloods/B/image_234.png,data/datasets/s1gfloods/Label/image_234.png
image_895,data/datasets/s1gfloods/A/image_895.png,data/datasets/s1gfloods/B/image_895.png,data/datasets/s1gfloods/Label/image_895.png
image_2526,data/datasets/s1gfloods/A/image_2526.png,data/datasets/s1gfloods/B/image_2526.png,data/datasets/s1gfloods/Label/image_2526.png
image_3730,data/datasets/s1gfloods/A/image_3730.png,data/datasets/s1gfloods/B/image_3730.png,data/datasets/s1gfloods/Label/image_3730.png
image_935,data/datasets/s1gfloods/A/image_935.png,data/datasets/s1gfloods/B/image_935.png,data/datasets/s1gfloods/Label/image_935.png
image_1389,data/datasets/s1gfloods/A/image_1389.png,data/datasets/s1gfloods/B/image_1389.png,data/datasets/s1gfloods/Label/image_1389.png
image_2428,data/datasets/s1gfloods/A/image_2428.png,data/datasets/s1gfloods/B/image_2428.png,data/datasets/s1gfloods/Label/image_2428.png
image_2545,data/datasets/s1gfloods/A/image_2545.png,data/datasets/s1gfloods/B/image_2545.png,data/datasets/s1gfloods/Label/image_2545.png
image_3170,data/datasets/s1gfloods/A/image_3170.png,data/datasets/s1gfloods/B/image_3170.png,data/datasets/s1gfloods/Label/image_3170.png
image_1349,data/datasets/s1gfloods/A/image_1349.png,data/datasets/s1gfloods/B/image_1349.png,data/datasets/s1gfloods/Label/image_1349.png
image_2599,data/datasets/s1gfloods/A/image_2599.png,data/datasets/s1gfloods/B/image_2599.png,data/datasets/s1gfloods/Label/image_2599.png
image_4181,data/datasets/s1gfloods/A/image_4181.png,data/datasets/s1gfloods/B/image_4181.png,data/datasets/s1gfloods/Label/image_4181.png
image_3444,data/datasets/s1gfloods/A/image_3444.png,data/datasets/s1gfloods/B/image_3444.png,data/datasets/s1gfloods/Label/image_3444.png
image_4382,data/datasets/s1gfloods/A/image_4382.png,data/datasets/s1gfloods/B/image_4382.png,data/datasets/s1gfloods/Label/image_4382.png
image_4078,data/datasets/s1gfloods/A/image_4078.png,data/datasets/s1gfloods/B/image_4078.png,data/datasets/s1gfloods/Label/image_4078.png
image_2214,data/datasets/s1gfloods/A/image_2214.png,data/datasets/s1gfloods/B/image_2214.png,data/datasets/s1gfloods/Label/image_2214.png
image_4073,data/datasets/s1gfloods/A/image_4073.png,data/datasets/s1gfloods/B/image_4073.png,data/datasets/s1gfloods/Label/image_4073.png
image_3797,data/datasets/s1gfloods/A/image_3797.png,data/datasets/s1gfloods/B/image_3797.png,data/datasets/s1gfloods/Label/image_3797.png
image_1371,data/datasets/s1gfloods/A/image_1371.png,data/datasets/s1gfloods/B/image_1371.png,data/datasets/s1gfloods/Label/image_1371.png
image_777,data/datasets/s1gfloods/A/image_777.png,data/datasets/s1gfloods/B/image_777.png,data/datasets/s1gfloods/Label/image_777.png
image_2621,data/datasets/s1gfloods/A/image_2621.png,data/datasets/s1gfloods/B/image_2621.png,data/datasets/s1gfloods/Label/image_2621.png
image_2610,data/datasets/s1gfloods/A/image_2610.png,data/datasets/s1gfloods/B/image_2610.png,data/datasets/s1gfloods/Label/image_2610.png
image_5122,data/datasets/s1gfloods/A/image_5122.png,data/datasets/s1gfloods/B/image_5122.png,data/datasets/s1gfloods/Label/image_5122.png
image_4620,data/datasets/s1gfloods/A/image_4620.png,data/datasets/s1gfloods/B/image_4620.png,data/datasets/s1gfloods/Label/image_4620.png
image_1388,data/datasets/s1gfloods/A/image_1388.png,data/datasets/s1gfloods/B/image_1388.png,data/datasets/s1gfloods/Label/image_1388.png
image_4418,data/datasets/s1gfloods/A/image_4418.png,data/datasets/s1gfloods/B/image_4418.png,data/datasets/s1gfloods/Label/image_4418.png
image_4284,data/datasets/s1gfloods/A/image_4284.png,data/datasets/s1gfloods/B/image_4284.png,data/datasets/s1gfloods/Label/image_4284.png
image_2774,data/datasets/s1gfloods/A/image_2774.png,data/datasets/s1gfloods/B/image_2774.png,data/datasets/s1gfloods/Label/image_2774.png
image_4177,data/datasets/s1gfloods/A/image_4177.png,data/datasets/s1gfloods/B/image_4177.png,data/datasets/s1gfloods/Label/image_4177.png
image_381,data/datasets/s1gfloods/A/image_381.png,data/datasets/s1gfloods/B/image_381.png,data/datasets/s1gfloods/Label/image_381.png
image_2033,data/datasets/s1gfloods/A/image_2033.png,data/datasets/s1gfloods/B/image_2033.png,data/datasets/s1gfloods/Label/image_2033.png
image_2751,data/datasets/s1gfloods/A/image_2751.png,data/datasets/s1gfloods/B/image_2751.png,data/datasets/s1gfloods/Label/image_2751.png
image_2066,data/datasets/s1gfloods/A/image_2066.png,data/datasets/s1gfloods/B/image_2066.png,data/datasets/s1gfloods/Label/image_2066.png
image_4643,data/datasets/s1gfloods/A/image_4643.png,data/datasets/s1gfloods/B/image_4643.png,data/datasets/s1gfloods/Label/image_4643.png
image_806,data/datasets/s1gfloods/A/image_806.png,data/datasets/s1gfloods/B/image_806.png,data/datasets/s1gfloods/Label/image_806.png
image_2074,data/datasets/s1gfloods/A/image_2074.png,data/datasets/s1gfloods/B/image_2074.png,data/datasets/s1gfloods/Label/image_2074.png
image_3874,data/datasets/s1gfloods/A/image_3874.png,data/datasets/s1gfloods/B/image_3874.png,data/datasets/s1gfloods/Label/image_3874.png
image_3085,data/datasets/s1gfloods/A/image_3085.png,data/datasets/s1gfloods/B/image_3085.png,data/datasets/s1gfloods/Label/image_3085.png
image_3045,data/datasets/s1gfloods/A/image_3045.png,data/datasets/s1gfloods/B/image_3045.png,data/datasets/s1gfloods/Label/image_3045.png
image_4247,data/datasets/s1gfloods/A/image_4247.png,data/datasets/s1gfloods/B/image_4247.png,data/datasets/s1gfloods/Label/image_4247.png
image_610,data/datasets/s1gfloods/A/image_610.png,data/datasets/s1gfloods/B/image_610.png,data/datasets/s1gfloods/Label/image_610.png
image_204,data/datasets/s1gfloods/A/image_204.png,data/datasets/s1gfloods/B/image_204.png,data/datasets/s1gfloods/Label/image_204.png
image_3925,data/datasets/s1gfloods/A/image_3925.png,data/datasets/s1gfloods/B/image_3925.png,data/datasets/s1gfloods/Label/image_3925.png
image_4691,data/datasets/s1gfloods/A/image_4691.png,data/datasets/s1gfloods/B/image_4691.png,data/datasets/s1gfloods/Label/image_4691.png
image_1768,data/datasets/s1gfloods/A/image_1768.png,data/datasets/s1gfloods/B/image_1768.png,data/datasets/s1gfloods/Label/image_1768.png
image_2672,data/datasets/s1gfloods/A/image_2672.png,data/datasets/s1gfloods/B/image_2672.png,data/datasets/s1gfloods/Label/image_2672.png
image_1194,data/datasets/s1gfloods/A/image_1194.png,data/datasets/s1gfloods/B/image_1194.png,data/datasets/s1gfloods/Label/image_1194.png
image_5310,data/datasets/s1gfloods/A/image_5310.png,data/datasets/s1gfloods/B/image_5310.png,data/datasets/s1gfloods/Label/image_5310.png
image_1652,data/datasets/s1gfloods/A/image_1652.png,data/datasets/s1gfloods/B/image_1652.png,data/datasets/s1gfloods/Label/image_1652.png
image_850,data/datasets/s1gfloods/A/image_850.png,data/datasets/s1gfloods/B/image_850.png,data/datasets/s1gfloods/Label/image_850.png
image_2067,data/datasets/s1gfloods/A/image_2067.png,data/datasets/s1gfloods/B/image_2067.png,data/datasets/s1gfloods/Label/image_2067.png
image_4520,data/datasets/s1gfloods/A/image_4520.png,data/datasets/s1gfloods/B/image_4520.png,data/datasets/s1gfloods/Label/image_4520.png
image_96,data/datasets/s1gfloods/A/image_96.png,data/datasets/s1gfloods/B/image_96.png,data/datasets/s1gfloods/Label/image_96.png
image_3081,data/datasets/s1gfloods/A/image_3081.png,data/datasets/s1gfloods/B/image_3081.png,data/datasets/s1gfloods/Label/image_3081.png
image_2440,data/datasets/s1gfloods/A/image_2440.png,data/datasets/s1gfloods/B/image_2440.png,data/datasets/s1gfloods/Label/image_2440.png
image_4554,data/datasets/s1gfloods/A/image_4554.png,data/datasets/s1gfloods/B/image_4554.png,data/datasets/s1gfloods/Label/image_4554.png
image_4310,data/datasets/s1gfloods/A/image_4310.png,data/datasets/s1gfloods/B/image_4310.png,data/datasets/s1gfloods/Label/image_4310.png
image_2778,data/datasets/s1gfloods/A/image_2778.png,data/datasets/s1gfloods/B/image_2778.png,data/datasets/s1gfloods/Label/image_2778.png
image_39,data/datasets/s1gfloods/A/image_39.png,data/datasets/s1gfloods/B/image_39.png,data/datasets/s1gfloods/Label/image_39.png
image_3075,data/datasets/s1gfloods/A/image_3075.png,data/datasets/s1gfloods/B/image_3075.png,data/datasets/s1gfloods/Label/image_3075.png
image_2127,data/datasets/s1gfloods/A/image_2127.png,data/datasets/s1gfloods/B/image_2127.png,data/datasets/s1gfloods/Label/image_2127.png
image_202,data/datasets/s1gfloods/A/image_202.png,data/datasets/s1gfloods/B/image_202.png,data/datasets/s1gfloods/Label/image_202.png
image_2922,data/datasets/s1gfloods/A/image_2922.png,data/datasets/s1gfloods/B/image_2922.png,data/datasets/s1gfloods/Label/image_2922.png
image_1309,data/datasets/s1gfloods/A/image_1309.png,data/datasets/s1gfloods/B/image_1309.png,data/datasets/s1gfloods/Label/image_1309.png
image_3001,data/datasets/s1gfloods/A/image_3001.png,data/datasets/s1gfloods/B/image_3001.png,data/datasets/s1gfloods/Label/image_3001.png
image_1823,data/datasets/s1gfloods/A/image_1823.png,data/datasets/s1gfloods/B/image_1823.png,data/datasets/s1gfloods/Label/image_1823.png
image_1812,data/datasets/s1gfloods/A/image_1812.png,data/datasets/s1gfloods/B/image_1812.png,data/datasets/s1gfloods/Label/image_1812.png
image_3111,data/datasets/s1gfloods/A/image_3111.png,data/datasets/s1gfloods/B/image_3111.png,data/datasets/s1gfloods/Label/image_3111.png
image_5066,data/datasets/s1gfloods/A/image_5066.png,data/datasets/s1gfloods/B/image_5066.png,data/datasets/s1gfloods/Label/image_5066.png
image_628,data/datasets/s1gfloods/A/image_628.png,data/datasets/s1gfloods/B/image_628.png,data/datasets/s1gfloods/Label/image_628.png
image_193,data/datasets/s1gfloods/A/image_193.png,data/datasets/s1gfloods/B/image_193.png,data/datasets/s1gfloods/Label/image_193.png
image_4650,data/datasets/s1gfloods/A/image_4650.png,data/datasets/s1gfloods/B/image_4650.png,data/datasets/s1gfloods/Label/image_4650.png
image_2683,data/datasets/s1gfloods/A/image_2683.png,data/datasets/s1gfloods/B/image_2683.png,data/datasets/s1gfloods/Label/image_2683.png
image_3173,data/datasets/s1gfloods/A/image_3173.png,data/datasets/s1gfloods/B/image_3173.png,data/datasets/s1gfloods/Label/image_3173.png
image_3338,data/datasets/s1gfloods/A/image_3338.png,data/datasets/s1gfloods/B/image_3338.png,data/datasets/s1gfloods/Label/image_3338.png
image_5003,data/datasets/s1gfloods/A/image_5003.png,data/datasets/s1gfloods/B/image_5003.png,data/datasets/s1gfloods/Label/image_5003.png
image_4783,data/datasets/s1gfloods/A/image_4783.png,data/datasets/s1gfloods/B/image_4783.png,data/datasets/s1gfloods/Label/image_4783.png
image_1844,data/datasets/s1gfloods/A/image_1844.png,data/datasets/s1gfloods/B/image_1844.png,data/datasets/s1gfloods/Label/image_1844.png
image_170,data/datasets/s1gfloods/A/image_170.png,data/datasets/s1gfloods/B/image_170.png,data/datasets/s1gfloods/Label/image_170.png
image_1172,data/datasets/s1gfloods/A/image_1172.png,data/datasets/s1gfloods/B/image_1172.png,data/datasets/s1gfloods/Label/image_1172.png
image_229,data/datasets/s1gfloods/A/image_229.png,data/datasets/s1gfloods/B/image_229.png,data/datasets/s1gfloods/Label/image_229.png
image_1935,data/datasets/s1gfloods/A/image_1935.png,data/datasets/s1gfloods/B/image_1935.png,data/datasets/s1gfloods/Label/image_1935.png
image_259,data/datasets/s1gfloods/A/image_259.png,data/datasets/s1gfloods/B/image_259.png,data/datasets/s1gfloods/Label/image_259.png
image_3003,data/datasets/s1gfloods/A/image_3003.png,data/datasets/s1gfloods/B/image_3003.png,data/datasets/s1gfloods/Label/image_3003.png
image_3570,data/datasets/s1gfloods/A/image_3570.png,data/datasets/s1gfloods/B/image_3570.png,data/datasets/s1gfloods/Label/image_3570.png
image_468,data/datasets/s1gfloods/A/image_468.png,data/datasets/s1gfloods/B/image_468.png,data/datasets/s1gfloods/Label/image_468.png
image_3950,data/datasets/s1gfloods/A/image_3950.png,data/datasets/s1gfloods/B/image_3950.png,data/datasets/s1gfloods/Label/image_3950.png
image_5183,data/datasets/s1gfloods/A/image_5183.png,data/datasets/s1gfloods/B/image_5183.png,data/datasets/s1gfloods/Label/image_5183.png
image_1798,data/datasets/s1gfloods/A/image_1798.png,data/datasets/s1gfloods/B/image_1798.png,data/datasets/s1gfloods/Label/image_1798.png
image_1615,data/datasets/s1gfloods/A/image_1615.png,data/datasets/s1gfloods/B/image_1615.png,data/datasets/s1gfloods/Label/image_1615.png
image_3940,data/datasets/s1gfloods/A/image_3940.png,data/datasets/s1gfloods/B/image_3940.png,data/datasets/s1gfloods/Label/image_3940.png
image_2924,data/datasets/s1gfloods/A/image_2924.png,data/datasets/s1gfloods/B/image_2924.png,data/datasets/s1gfloods/Label/image_2924.png
image_2715,data/datasets/s1gfloods/A/image_2715.png,data/datasets/s1gfloods/B/image_2715.png,data/datasets/s1gfloods/Label/image_2715.png
image_3384,data/datasets/s1gfloods/A/image_3384.png,data/datasets/s1gfloods/B/image_3384.png,data/datasets/s1gfloods/Label/image_3384.png
image_3102,data/datasets/s1gfloods/A/image_3102.png,data/datasets/s1gfloods/B/image_3102.png,data/datasets/s1gfloods/Label/image_3102.png
image_1711,data/datasets/s1gfloods/A/image_1711.png,data/datasets/s1gfloods/B/image_1711.png,data/datasets/s1gfloods/Label/image_1711.png
image_3777,data/datasets/s1gfloods/A/image_3777.png,data/datasets/s1gfloods/B/image_3777.png,data/datasets/s1gfloods/Label/image_3777.png
image_4238,data/datasets/s1gfloods/A/image_4238.png,data/datasets/s1gfloods/B/image_4238.png,data/datasets/s1gfloods/Label/image_4238.png
image_2391,data/datasets/s1gfloods/A/image_2391.png,data/datasets/s1gfloods/B/image_2391.png,data/datasets/s1gfloods/Label/image_2391.png
image_964,data/datasets/s1gfloods/A/image_964.png,data/datasets/s1gfloods/B/image_964.png,data/datasets/s1gfloods/Label/image_964.png
image_2090,data/datasets/s1gfloods/A/image_2090.png,data/datasets/s1gfloods/B/image_2090.png,data/datasets/s1gfloods/Label/image_2090.png
image_3488,data/datasets/s1gfloods/A/image_3488.png,data/datasets/s1gfloods/B/image_3488.png,data/datasets/s1gfloods/Label/image_3488.png
image_3274,data/datasets/s1gfloods/A/image_3274.png,data/datasets/s1gfloods/B/image_3274.png,data/datasets/s1gfloods/Label/image_3274.png
image_4734,data/datasets/s1gfloods/A/image_4734.png,data/datasets/s1gfloods/B/image_4734.png,data/datasets/s1gfloods/Label/image_4734.png
image_81,data/datasets/s1gfloods/A/image_81.png,data/datasets/s1gfloods/B/image_81.png,data/datasets/s1gfloods/Label/image_81.png
image_3549,data/datasets/s1gfloods/A/image_3549.png,data/datasets/s1gfloods/B/image_3549.png,data/datasets/s1gfloods/Label/image_3549.png
image_2271,data/datasets/s1gfloods/A/image_2271.png,data/datasets/s1gfloods/B/image_2271.png,data/datasets/s1gfloods/Label/image_2271.png
image_3329,data/datasets/s1gfloods/A/image_3329.png,data/datasets/s1gfloods/B/image_3329.png,data/datasets/s1gfloods/Label/image_3329.png
image_1772,data/datasets/s1gfloods/A/image_1772.png,data/datasets/s1gfloods/B/image_1772.png,data/datasets/s1gfloods/Label/image_1772.png
image_115,data/datasets/s1gfloods/A/image_115.png,data/datasets/s1gfloods/B/image_115.png,data/datasets/s1gfloods/Label/image_115.png
image_4615,data/datasets/s1gfloods/A/image_4615.png,data/datasets/s1gfloods/B/image_4615.png,data/datasets/s1gfloods/Label/image_4615.png
image_4769,data/datasets/s1gfloods/A/image_4769.png,data/datasets/s1gfloods/B/image_4769.png,data/datasets/s1gfloods/Label/image_4769.png
image_4481,data/datasets/s1gfloods/A/image_4481.png,data/datasets/s1gfloods/B/image_4481.png,data/datasets/s1gfloods/Label/image_4481.png
image_4628,data/datasets/s1gfloods/A/image_4628.png,data/datasets/s1gfloods/B/image_4628.png,data/datasets/s1gfloods/Label/image_4628.png
image_1832,data/datasets/s1gfloods/A/image_1832.png,data/datasets/s1gfloods/B/image_1832.png,data/datasets/s1gfloods/Label/image_1832.png
image_3559,data/datasets/s1gfloods/A/image_3559.png,data/datasets/s1gfloods/B/image_3559.png,data/datasets/s1gfloods/Label/image_3559.png
image_483,data/datasets/s1gfloods/A/image_483.png,data/datasets/s1gfloods/B/image_483.png,data/datasets/s1gfloods/Label/image_483.png
image_2092,data/datasets/s1gfloods/A/image_2092.png,data/datasets/s1gfloods/B/image_2092.png,data/datasets/s1gfloods/Label/image_2092.png
image_121,data/datasets/s1gfloods/A/image_121.png,data/datasets/s1gfloods/B/image_121.png,data/datasets/s1gfloods/Label/image_121.png
image_587,data/datasets/s1gfloods/A/image_587.png,data/datasets/s1gfloods/B/image_587.png,data/datasets/s1gfloods/Label/image_587.png
image_79,data/datasets/s1gfloods/A/image_79.png,data/datasets/s1gfloods/B/image_79.png,data/datasets/s1gfloods/Label/image_79.png
image_1418,data/datasets/s1gfloods/A/image_1418.png,data/datasets/s1gfloods/B/image_1418.png,data/datasets/s1gfloods/Label/image_1418.png
image_2004,data/datasets/s1gfloods/A/image_2004.png,data/datasets/s1gfloods/B/image_2004.png,data/datasets/s1gfloods/Label/image_2004.png
image_2258,data/datasets/s1gfloods/A/image_2258.png,data/datasets/s1gfloods/B/image_2258.png,data/datasets/s1gfloods/Label/image_2258.png
image_1158,data/datasets/s1gfloods/A/image_1158.png,data/datasets/s1gfloods/B/image_1158.png,data/datasets/s1gfloods/Label/image_1158.png
image_4275,data/datasets/s1gfloods/A/image_4275.png,data/datasets/s1gfloods/B/image_4275.png,data/datasets/s1gfloods/Label/image_4275.png
image_1531,data/datasets/s1gfloods/A/image_1531.png,data/datasets/s1gfloods/B/image_1531.png,data/datasets/s1gfloods/Label/image_1531.png
image_1227,data/datasets/s1gfloods/A/image_1227.png,data/datasets/s1gfloods/B/image_1227.png,data/datasets/s1gfloods/Label/image_1227.png
image_4021,data/datasets/s1gfloods/A/image_4021.png,data/datasets/s1gfloods/B/image_4021.png,data/datasets/s1gfloods/Label/image_4021.png
image_1476,data/datasets/s1gfloods/A/image_1476.png,data/datasets/s1gfloods/B/image_1476.png,data/datasets/s1gfloods/Label/image_1476.png
image_5347,data/datasets/s1gfloods/A/image_5347.png,data/datasets/s1gfloods/B/image_5347.png,data/datasets/s1gfloods/Label/image_5347.png
image_1494,data/datasets/s1gfloods/A/image_1494.png,data/datasets/s1gfloods/B/image_1494.png,data/datasets/s1gfloods/Label/image_1494.png
image_778,data/datasets/s1gfloods/A/image_778.png,data/datasets/s1gfloods/B/image_778.png,data/datasets/s1gfloods/Label/image_778.png
image_1060,data/datasets/s1gfloods/A/image_1060.png,data/datasets/s1gfloods/B/image_1060.png,data/datasets/s1gfloods/Label/image_1060.png
image_1440,data/datasets/s1gfloods/A/image_1440.png,data/datasets/s1gfloods/B/image_1440.png,data/datasets/s1gfloods/Label/image_1440.png
image_3918,data/datasets/s1gfloods/A/image_3918.png,data/datasets/s1gfloods/B/image_3918.png,data/datasets/s1gfloods/Label/image_3918.png
image_4056,data/datasets/s1gfloods/A/image_4056.png,data/datasets/s1gfloods/B/image_4056.png,data/datasets/s1gfloods/Label/image_4056.png
image_5218,data/datasets/s1gfloods/A/image_5218.png,data/datasets/s1gfloods/B/image_5218.png,data/datasets/s1gfloods/Label/image_5218.png
image_2071,data/datasets/s1gfloods/A/image_2071.png,data/datasets/s1gfloods/B/image_2071.png,data/datasets/s1gfloods/Label/image_2071.png
image_3460,data/datasets/s1gfloods/A/image_3460.png,data/datasets/s1gfloods/B/image_3460.png,data/datasets/s1gfloods/Label/image_3460.png
image_1236,data/datasets/s1gfloods/A/image_1236.png,data/datasets/s1gfloods/B/image_1236.png,data/datasets/s1gfloods/Label/image_1236.png
image_1728,data/datasets/s1gfloods/A/image_1728.png,data/datasets/s1gfloods/B/image_1728.png,data/datasets/s1gfloods/Label/image_1728.png
image_716,data/datasets/s1gfloods/A/image_716.png,data/datasets/s1gfloods/B/image_716.png,data/datasets/s1gfloods/Label/image_716.png
image_3647,data/datasets/s1gfloods/A/image_3647.png,data/datasets/s1gfloods/B/image_3647.png,data/datasets/s1gfloods/Label/image_3647.png
image_2044,data/datasets/s1gfloods/A/image_2044.png,data/datasets/s1gfloods/B/image_2044.png,data/datasets/s1gfloods/Label/image_2044.png
image_3637,data/datasets/s1gfloods/A/image_3637.png,data/datasets/s1gfloods/B/image_3637.png,data/datasets/s1gfloods/Label/image_3637.png
image_2821,data/datasets/s1gfloods/A/image_2821.png,data/datasets/s1gfloods/B/image_2821.png,data/datasets/s1gfloods/Label/image_2821.png
image_2098,data/datasets/s1gfloods/A/image_2098.png,data/datasets/s1gfloods/B/image_2098.png,data/datasets/s1gfloods/Label/image_2098.png
image_3923,data/datasets/s1gfloods/A/image_3923.png,data/datasets/s1gfloods/B/image_3923.png,data/datasets/s1gfloods/Label/image_3923.png
image_4296,data/datasets/s1gfloods/A/image_4296.png,data/datasets/s1gfloods/B/image_4296.png,data/datasets/s1gfloods/Label/image_4296.png
image_3957,data/datasets/s1gfloods/A/image_3957.png,data/datasets/s1gfloods/B/image_3957.png,data/datasets/s1gfloods/Label/image_3957.png
image_4936,data/datasets/s1gfloods/A/image_4936.png,data/datasets/s1gfloods/B/image_4936.png,data/datasets/s1gfloods/Label/image_4936.png
image_217,data/datasets/s1gfloods/A/image_217.png,data/datasets/s1gfloods/B/image_217.png,data/datasets/s1gfloods/Label/image_217.png
image_1073,data/datasets/s1gfloods/A/image_1073.png,data/datasets/s1gfloods/B/image_1073.png,data/datasets/s1gfloods/Label/image_1073.png
image_4873,data/datasets/s1gfloods/A/image_4873.png,data/datasets/s1gfloods/B/image_4873.png,data/datasets/s1gfloods/Label/image_4873.png
image_2898,data/datasets/s1gfloods/A/image_2898.png,data/datasets/s1gfloods/B/image_2898.png,data/datasets/s1gfloods/Label/image_2898.png
image_3882,data/datasets/s1gfloods/A/image_3882.png,data/datasets/s1gfloods/B/image_3882.png,data/datasets/s1gfloods/Label/image_3882.png
image_4103,data/datasets/s1gfloods/A/image_4103.png,data/datasets/s1gfloods/B/image_4103.png,data/datasets/s1gfloods/Label/image_4103.png
image_1872,data/datasets/s1gfloods/A/image_1872.png,data/datasets/s1gfloods/B/image_1872.png,data/datasets/s1gfloods/Label/image_1872.png
image_4492,data/datasets/s1gfloods/A/image_4492.png,data/datasets/s1gfloods/B/image_4492.png,data/datasets/s1gfloods/Label/image_4492.png
image_4548,data/datasets/s1gfloods/A/image_4548.png,data/datasets/s1gfloods/B/image_4548.png,data/datasets/s1gfloods/Label/image_4548.png
image_2744,data/datasets/s1gfloods/A/image_2744.png,data/datasets/s1gfloods/B/image_2744.png,data/datasets/s1gfloods/Label/image_2744.png
image_426,data/datasets/s1gfloods/A/image_426.png,data/datasets/s1gfloods/B/image_426.png,data/datasets/s1gfloods/Label/image_426.png
image_2354,data/datasets/s1gfloods/A/image_2354.png,data/datasets/s1gfloods/B/image_2354.png,data/datasets/s1gfloods/Label/image_2354.png
image_3005,data/datasets/s1gfloods/A/image_3005.png,data/datasets/s1gfloods/B/image_3005.png,data/datasets/s1gfloods/Label/image_3005.png
image_1511,data/datasets/s1gfloods/A/image_1511.png,data/datasets/s1gfloods/B/image_1511.png,data/datasets/s1gfloods/Label/image_1511.png
image_4489,data/datasets/s1gfloods/A/image_4489.png,data/datasets/s1gfloods/B/image_4489.png,data/datasets/s1gfloods/Label/image_4489.png
image_1620,data/datasets/s1gfloods/A/image_1620.png,data/datasets/s1gfloods/B/image_1620.png,data/datasets/s1gfloods/Label/image_1620.png
image_1346,data/datasets/s1gfloods/A/image_1346.png,data/datasets/s1gfloods/B/image_1346.png,data/datasets/s1gfloods/Label/image_1346.png
image_2884,data/datasets/s1gfloods/A/image_2884.png,data/datasets/s1gfloods/B/image_2884.png,data/datasets/s1gfloods/Label/image_2884.png
image_104,data/datasets/s1gfloods/A/image_104.png,data/datasets/s1gfloods/B/image_104.png,data/datasets/s1gfloods/Label/image_104.png
image_715,data/datasets/s1gfloods/A/image_715.png,data/datasets/s1gfloods/B/image_715.png,data/datasets/s1gfloods/Label/image_715.png
image_1075,data/datasets/s1gfloods/A/image_1075.png,data/datasets/s1gfloods/B/image_1075.png,data/datasets/s1gfloods/Label/image_1075.png
image_2639,data/datasets/s1gfloods/A/image_2639.png,data/datasets/s1gfloods/B/image_2639.png,data/datasets/s1gfloods/Label/image_2639.png
image_1321,data/datasets/s1gfloods/A/image_1321.png,data/datasets/s1gfloods/B/image_1321.png,data/datasets/s1gfloods/Label/image_1321.png
image_1762,data/datasets/s1gfloods/A/image_1762.png,data/datasets/s1gfloods/B/image_1762.png,data/datasets/s1gfloods/Label/image_1762.png
image_3712,data/datasets/s1gfloods/A/image_3712.png,data/datasets/s1gfloods/B/image_3712.png,data/datasets/s1gfloods/Label/image_3712.png
image_222,data/datasets/s1gfloods/A/image_222.png,data/datasets/s1gfloods/B/image_222.png,data/datasets/s1gfloods/Label/image_222.png
image_2346,data/datasets/s1gfloods/A/image_2346.png,data/datasets/s1gfloods/B/image_2346.png,data/datasets/s1gfloods/Label/image_2346.png
image_1191,data/datasets/s1gfloods/A/image_1191.png,data/datasets/s1gfloods/B/image_1191.png,data/datasets/s1gfloods/Label/image_1191.png
image_4217,data/datasets/s1gfloods/A/image_4217.png,data/datasets/s1gfloods/B/image_4217.png,data/datasets/s1gfloods/Label/image_4217.png
image_4737,data/datasets/s1gfloods/A/image_4737.png,data/datasets/s1gfloods/B/image_4737.png,data/datasets/s1gfloods/Label/image_4737.png
image_4142,data/datasets/s1gfloods/A/image_4142.png,data/datasets/s1gfloods/B/image_4142.png,data/datasets/s1gfloods/Label/image_4142.png
image_3482,data/datasets/s1gfloods/A/image_3482.png,data/datasets/s1gfloods/B/image_3482.png,data/datasets/s1gfloods/Label/image_3482.png
image_795,data/datasets/s1gfloods/A/image_795.png,data/datasets/s1gfloods/B/image_795.png,data/datasets/s1gfloods/Label/image_795.png
image_1128,data/datasets/s1gfloods/A/image_1128.png,data/datasets/s1gfloods/B/image_1128.png,data/datasets/s1gfloods/Label/image_1128.png
image_3163,data/datasets/s1gfloods/A/image_3163.png,data/datasets/s1gfloods/B/image_3163.png,data/datasets/s1gfloods/Label/image_3163.png
image_5197,data/datasets/s1gfloods/A/image_5197.png,data/datasets/s1gfloods/B/image_5197.png,data/datasets/s1gfloods/Label/image_5197.png
image_3297,data/datasets/s1gfloods/A/image_3297.png,data/datasets/s1gfloods/B/image_3297.png,data/datasets/s1gfloods/Label/image_3297.png
image_4384,data/datasets/s1gfloods/A/image_4384.png,data/datasets/s1gfloods/B/image_4384.png,data/datasets/s1gfloods/Label/image_4384.png
image_3491,data/datasets/s1gfloods/A/image_3491.png,data/datasets/s1gfloods/B/image_3491.png,data/datasets/s1gfloods/Label/image_3491.png
image_4197,data/datasets/s1gfloods/A/image_4197.png,data/datasets/s1gfloods/B/image_4197.png,data/datasets/s1gfloods/Label/image_4197.png
image_1686,data/datasets/s1gfloods/A/image_1686.png,data/datasets/s1gfloods/B/image_1686.png,data/datasets/s1gfloods/Label/image_1686.png
image_2046,data/datasets/s1gfloods/A/image_2046.png,data/datasets/s1gfloods/B/image_2046.png,data/datasets/s1gfloods/Label/image_2046.png
image_1498,data/datasets/s1gfloods/A/image_1498.png,data/datasets/s1gfloods/B/image_1498.png,data/datasets/s1gfloods/Label/image_1498.png
image_1116,data/datasets/s1gfloods/A/image_1116.png,data/datasets/s1gfloods/B/image_1116.png,data/datasets/s1gfloods/Label/image_1116.png
image_1778,data/datasets/s1gfloods/A/image_1778.png,data/datasets/s1gfloods/B/image_1778.png,data/datasets/s1gfloods/Label/image_1778.png
image_3812,data/datasets/s1gfloods/A/image_3812.png,data/datasets/s1gfloods/B/image_3812.png,data/datasets/s1gfloods/Label/image_3812.png
image_1184,data/datasets/s1gfloods/A/image_1184.png,data/datasets/s1gfloods/B/image_1184.png,data/datasets/s1gfloods/Label/image_1184.png
image_4337,data/datasets/s1gfloods/A/image_4337.png,data/datasets/s1gfloods/B/image_4337.png,data/datasets/s1gfloods/Label/image_4337.png
image_2390,data/datasets/s1gfloods/A/image_2390.png,data/datasets/s1gfloods/B/image_2390.png,data/datasets/s1gfloods/Label/image_2390.png
image_1391,data/datasets/s1gfloods/A/image_1391.png,data/datasets/s1gfloods/B/image_1391.png,data/datasets/s1gfloods/Label/image_1391.png
image_3612,data/datasets/s1gfloods/A/image_3612.png,data/datasets/s1gfloods/B/image_3612.png,data/datasets/s1gfloods/Label/image_3612.png
image_1263,data/datasets/s1gfloods/A/image_1263.png,data/datasets/s1gfloods/B/image_1263.png,data/datasets/s1gfloods/Label/image_1263.png
image_4168,data/datasets/s1gfloods/A/image_4168.png,data/datasets/s1gfloods/B/image_4168.png,data/datasets/s1gfloods/Label/image_4168.png
image_1885,data/datasets/s1gfloods/A/image_1885.png,data/datasets/s1gfloods/B/image_1885.png,data/datasets/s1gfloods/Label/image_1885.png
image_862,data/datasets/s1gfloods/A/image_862.png,data/datasets/s1gfloods/B/image_862.png,data/datasets/s1gfloods/Label/image_862.png
image_4324,data/datasets/s1gfloods/A/image_4324.png,data/datasets/s1gfloods/B/image_4324.png,data/datasets/s1gfloods/Label/image_4324.png
image_1022,data/datasets/s1gfloods/A/image_1022.png,data/datasets/s1gfloods/B/image_1022.png,data/datasets/s1gfloods/Label/image_1022.png
image_2643,data/datasets/s1gfloods/A/image_2643.png,data/datasets/s1gfloods/B/image_2643.png,data/datasets/s1gfloods/Label/image_2643.png
image_2629,data/datasets/s1gfloods/A/image_2629.png,data/datasets/s1gfloods/B/image_2629.png,data/datasets/s1gfloods/Label/image_2629.png
image_1526,data/datasets/s1gfloods/A/image_1526.png,data/datasets/s1gfloods/B/image_1526.png,data/datasets/s1gfloods/Label/image_1526.png
image_2682,data/datasets/s1gfloods/A/image_2682.png,data/datasets/s1gfloods/B/image_2682.png,data/datasets/s1gfloods/Label/image_2682.png
image_723,data/datasets/s1gfloods/A/image_723.png,data/datasets/s1gfloods/B/image_723.png,data/datasets/s1gfloods/Label/image_723.png
image_898,data/datasets/s1gfloods/A/image_898.png,data/datasets/s1gfloods/B/image_898.png,data/datasets/s1gfloods/Label/image_898.png
image_3773,data/datasets/s1gfloods/A/image_3773.png,data/datasets/s1gfloods/B/image_3773.png,data/datasets/s1gfloods/Label/image_3773.png
image_3621,data/datasets/s1gfloods/A/image_3621.png,data/datasets/s1gfloods/B/image_3621.png,data/datasets/s1gfloods/Label/image_3621.png
image_363,data/datasets/s1gfloods/A/image_363.png,data/datasets/s1gfloods/B/image_363.png,data/datasets/s1gfloods/Label/image_363.png
image_1211,data/datasets/s1gfloods/A/image_1211.png,data/datasets/s1gfloods/B/image_1211.png,data/datasets/s1gfloods/Label/image_1211.png
image_752,data/datasets/s1gfloods/A/image_752.png,data/datasets/s1gfloods/B/image_752.png,data/datasets/s1gfloods/Label/image_752.png
image_4635,data/datasets/s1gfloods/A/image_4635.png,data/datasets/s1gfloods/B/image_4635.png,data/datasets/s1gfloods/Label/image_4635.png
image_4814,data/datasets/s1gfloods/A/image_4814.png,data/datasets/s1gfloods/B/image_4814.png,data/datasets/s1gfloods/Label/image_4814.png
image_2718,data/datasets/s1gfloods/A/image_2718.png,data/datasets/s1gfloods/B/image_2718.png,data/datasets/s1gfloods/Label/image_2718.png
image_2813,data/datasets/s1gfloods/A/image_2813.png,data/datasets/s1gfloods/B/image_2813.png,data/datasets/s1gfloods/Label/image_2813.png
image_1301,data/datasets/s1gfloods/A/image_1301.png,data/datasets/s1gfloods/B/image_1301.png,data/datasets/s1gfloods/Label/image_1301.png
image_2592,data/datasets/s1gfloods/A/image_2592.png,data/datasets/s1gfloods/B/image_2592.png,data/datasets/s1gfloods/Label/image_2592.png
image_340,data/datasets/s1gfloods/A/image_340.png,data/datasets/s1gfloods/B/image_340.png,data/datasets/s1gfloods/Label/image_340.png
image_1653,data/datasets/s1gfloods/A/image_1653.png,data/datasets/s1gfloods/B/image_1653.png,data/datasets/s1gfloods/Label/image_1653.png
image_4282,data/datasets/s1gfloods/A/image_4282.png,data/datasets/s1gfloods/B/image_4282.png,data/datasets/s1gfloods/Label/image_4282.png
image_5289,data/datasets/s1gfloods/A/image_5289.png,data/datasets/s1gfloods/B/image_5289.png,data/datasets/s1gfloods/Label/image_5289.png
image_2848,data/datasets/s1gfloods/A/image_2848.png,data/datasets/s1gfloods/B/image_2848.png,data/datasets/s1gfloods/Label/image_2848.png
image_1207,data/datasets/s1gfloods/A/image_1207.png,data/datasets/s1gfloods/B/image_1207.png,data/datasets/s1gfloods/Label/image_1207.png
image_3221,data/datasets/s1gfloods/A/image_3221.png,data/datasets/s1gfloods/B/image_3221.png,data/datasets/s1gfloods/Label/image_3221.png
image_537,data/datasets/s1gfloods/A/image_537.png,data/datasets/s1gfloods/B/image_537.png,data/datasets/s1gfloods/Label/image_537.png
image_1130,data/datasets/s1gfloods/A/image_1130.png,data/datasets/s1gfloods/B/image_1130.png,data/datasets/s1gfloods/Label/image_1130.png
image_4654,data/datasets/s1gfloods/A/image_4654.png,data/datasets/s1gfloods/B/image_4654.png,data/datasets/s1gfloods/Label/image_4654.png
image_458,data/datasets/s1gfloods/A/image_458.png,data/datasets/s1gfloods/B/image_458.png,data/datasets/s1gfloods/Label/image_458.png
image_454,data/datasets/s1gfloods/A/image_454.png,data/datasets/s1gfloods/B/image_454.png,data/datasets/s1gfloods/Label/image_454.png
image_1356,data/datasets/s1gfloods/A/image_1356.png,data/datasets/s1gfloods/B/image_1356.png,data/datasets/s1gfloods/Label/image_1356.png
image_2475,data/datasets/s1gfloods/A/image_2475.png,data/datasets/s1gfloods/B/image_2475.png,data/datasets/s1gfloods/Label/image_2475.png
image_4335,data/datasets/s1gfloods/A/image_4335.png,data/datasets/s1gfloods/B/image_4335.png,data/datasets/s1gfloods/Label/image_4335.png
image_2198,data/datasets/s1gfloods/A/image_2198.png,data/datasets/s1gfloods/B/image_2198.png,data/datasets/s1gfloods/Label/image_2198.png
image_2606,data/datasets/s1gfloods/A/image_2606.png,data/datasets/s1gfloods/B/image_2606.png,data/datasets/s1gfloods/Label/image_2606.png
image_1585,data/datasets/s1gfloods/A/image_1585.png,data/datasets/s1gfloods/B/image_1585.png,data/datasets/s1gfloods/Label/image_1585.png
image_3152,data/datasets/s1gfloods/A/image_3152.png,data/datasets/s1gfloods/B/image_3152.png,data/datasets/s1gfloods/Label/image_3152.png
image_2852,data/datasets/s1gfloods/A/image_2852.png,data/datasets/s1gfloods/B/image_2852.png,data/datasets/s1gfloods/Label/image_2852.png
image_2429,data/datasets/s1gfloods/A/image_2429.png,data/datasets/s1gfloods/B/image_2429.png,data/datasets/s1gfloods/Label/image_2429.png
image_3127,data/datasets/s1gfloods/A/image_3127.png,data/datasets/s1gfloods/B/image_3127.png,data/datasets/s1gfloods/Label/image_3127.png
image_48,data/datasets/s1gfloods/A/image_48.png,data/datasets/s1gfloods/B/image_48.png,data/datasets/s1gfloods/Label/image_48.png
image_5308,data/datasets/s1gfloods/A/image_5308.png,data/datasets/s1gfloods/B/image_5308.png,data/datasets/s1gfloods/Label/image_5308.png
image_2457,data/datasets/s1gfloods/A/image_2457.png,data/datasets/s1gfloods/B/image_2457.png,data/datasets/s1gfloods/Label/image_2457.png
image_1916,data/datasets/s1gfloods/A/image_1916.png,data/datasets/s1gfloods/B/image_1916.png,data/datasets/s1gfloods/Label/image_1916.png
image_1398,data/datasets/s1gfloods/A/image_1398.png,data/datasets/s1gfloods/B/image_1398.png,data/datasets/s1gfloods/Label/image_1398.png
image_4331,data/datasets/s1gfloods/A/image_4331.png,data/datasets/s1gfloods/B/image_4331.png,data/datasets/s1gfloods/Label/image_4331.png
image_2797,data/datasets/s1gfloods/A/image_2797.png,data/datasets/s1gfloods/B/image_2797.png,data/datasets/s1gfloods/Label/image_2797.png
image_327,data/datasets/s1gfloods/A/image_327.png,data/datasets/s1gfloods/B/image_327.png,data/datasets/s1gfloods/Label/image_327.png
image_2560,data/datasets/s1gfloods/A/image_2560.png,data/datasets/s1gfloods/B/image_2560.png,data/datasets/s1gfloods/Label/image_2560.png
image_2138,data/datasets/s1gfloods/A/image_2138.png,data/datasets/s1gfloods/B/image_2138.png,data/datasets/s1gfloods/Label/image_2138.png
image_249,data/datasets/s1gfloods/A/image_249.png,data/datasets/s1gfloods/B/image_249.png,data/datasets/s1gfloods/Label/image_249.png
image_5110,data/datasets/s1gfloods/A/image_5110.png,data/datasets/s1gfloods/B/image_5110.png,data/datasets/s1gfloods/Label/image_5110.png
image_3270,data/datasets/s1gfloods/A/image_3270.png,data/datasets/s1gfloods/B/image_3270.png,data/datasets/s1gfloods/Label/image_3270.png
image_604,data/datasets/s1gfloods/A/image_604.png,data/datasets/s1gfloods/B/image_604.png,data/datasets/s1gfloods/Label/image_604.png
image_5010,data/datasets/s1gfloods/A/image_5010.png,data/datasets/s1gfloods/B/image_5010.png,data/datasets/s1gfloods/Label/image_5010.png
image_1828,data/datasets/s1gfloods/A/image_1828.png,data/datasets/s1gfloods/B/image_1828.png,data/datasets/s1gfloods/Label/image_1828.png
image_4890,data/datasets/s1gfloods/A/image_4890.png,data/datasets/s1gfloods/B/image_4890.png,data/datasets/s1gfloods/Label/image_4890.png
image_3677,data/datasets/s1gfloods/A/image_3677.png,data/datasets/s1gfloods/B/image_3677.png,data/datasets/s1gfloods/Label/image_3677.png
image_2294,data/datasets/s1gfloods/A/image_2294.png,data/datasets/s1gfloods/B/image_2294.png,data/datasets/s1gfloods/Label/image_2294.png
image_4896,data/datasets/s1gfloods/A/image_4896.png,data/datasets/s1gfloods/B/image_4896.png,data/datasets/s1gfloods/Label/image_4896.png
image_3334,data/datasets/s1gfloods/A/image_3334.png,data/datasets/s1gfloods/B/image_3334.png,data/datasets/s1gfloods/Label/image_3334.png
image_1929,data/datasets/s1gfloods/A/image_1929.png,data/datasets/s1gfloods/B/image_1929.png,data/datasets/s1gfloods/Label/image_1929.png
image_2283,data/datasets/s1gfloods/A/image_2283.png,data/datasets/s1gfloods/B/image_2283.png,data/datasets/s1gfloods/Label/image_2283.png
image_1040,data/datasets/s1gfloods/A/image_1040.png,data/datasets/s1gfloods/B/image_1040.png,data/datasets/s1gfloods/Label/image_1040.png
image_3651,data/datasets/s1gfloods/A/image_3651.png,data/datasets/s1gfloods/B/image_3651.png,data/datasets/s1gfloods/Label/image_3651.png
image_989,data/datasets/s1gfloods/A/image_989.png,data/datasets/s1gfloods/B/image_989.png,data/datasets/s1gfloods/Label/image_989.png
image_4775,data/datasets/s1gfloods/A/image_4775.png,data/datasets/s1gfloods/B/image_4775.png,data/datasets/s1gfloods/Label/image_4775.png
image_2928,data/datasets/s1gfloods/A/image_2928.png,data/datasets/s1gfloods/B/image_2928.png,data/datasets/s1gfloods/Label/image_2928.png
image_135,data/datasets/s1gfloods/A/image_135.png,data/datasets/s1gfloods/B/image_135.png,data/datasets/s1gfloods/Label/image_135.png
image_3607,data/datasets/s1gfloods/A/image_3607.png,data/datasets/s1gfloods/B/image_3607.png,data/datasets/s1gfloods/Label/image_3607.png
image_4232,data/datasets/s1gfloods/A/image_4232.png,data/datasets/s1gfloods/B/image_4232.png,data/datasets/s1gfloods/Label/image_4232.png
image_907,data/datasets/s1gfloods/A/image_907.png,data/datasets/s1gfloods/B/image_907.png,data/datasets/s1gfloods/Label/image_907.png
image_4681,data/datasets/s1gfloods/A/image_4681.png,data/datasets/s1gfloods/B/image_4681.png,data/datasets/s1gfloods/Label/image_4681.png
image_4997,data/datasets/s1gfloods/A/image_4997.png,data/datasets/s1gfloods/B/image_4997.png,data/datasets/s1gfloods/Label/image_4997.png
image_2646,data/datasets/s1gfloods/A/image_2646.png,data/datasets/s1gfloods/B/image_2646.png,data/datasets/s1gfloods/Label/image_2646.png
image_3284,data/datasets/s1gfloods/A/image_3284.png,data/datasets/s1gfloods/B/image_3284.png,data/datasets/s1gfloods/Label/image_3284.png
image_2350,data/datasets/s1gfloods/A/image_2350.png,data/datasets/s1gfloods/B/image_2350.png,data/datasets/s1gfloods/Label/image_2350.png
image_4133,data/datasets/s1gfloods/A/image_4133.png,data/datasets/s1gfloods/B/image_4133.png,data/datasets/s1gfloods/Label/image_4133.png
image_4193,data/datasets/s1gfloods/A/image_4193.png,data/datasets/s1gfloods/B/image_4193.png,data/datasets/s1gfloods/Label/image_4193.png
image_978,data/datasets/s1gfloods/A/image_978.png,data/datasets/s1gfloods/B/image_978.png,data/datasets/s1gfloods/Label/image_978.png
image_4355,data/datasets/s1gfloods/A/image_4355.png,data/datasets/s1gfloods/B/image_4355.png,data/datasets/s1gfloods/Label/image_4355.png
image_1889,data/datasets/s1gfloods/A/image_1889.png,data/datasets/s1gfloods/B/image_1889.png,data/datasets/s1gfloods/Label/image_1889.png
image_4462,data/datasets/s1gfloods/A/image_4462.png,data/datasets/s1gfloods/B/image_4462.png,data/datasets/s1gfloods/Label/image_4462.png
image_2338,data/datasets/s1gfloods/A/image_2338.png,data/datasets/s1gfloods/B/image_2338.png,data/datasets/s1gfloods/Label/image_2338.png
image_1642,data/datasets/s1gfloods/A/image_1642.png,data/datasets/s1gfloods/B/image_1642.png,data/datasets/s1gfloods/Label/image_1642.png
image_4077,data/datasets/s1gfloods/A/image_4077.png,data/datasets/s1gfloods/B/image_4077.png,data/datasets/s1gfloods/Label/image_4077.png
image_563,data/datasets/s1gfloods/A/image_563.png,data/datasets/s1gfloods/B/image_563.png,data/datasets/s1gfloods/Label/image_563.png
image_5126,data/datasets/s1gfloods/A/image_5126.png,data/datasets/s1gfloods/B/image_5126.png,data/datasets/s1gfloods/Label/image_5126.png
image_2204,data/datasets/s1gfloods/A/image_2204.png,data/datasets/s1gfloods/B/image_2204.png,data/datasets/s1gfloods/Label/image_2204.png
image_560,data/datasets/s1gfloods/A/image_560.png,data/datasets/s1gfloods/B/image_560.png,data/datasets/s1gfloods/Label/image_560.png
image_1098,data/datasets/s1gfloods/A/image_1098.png,data/datasets/s1gfloods/B/image_1098.png,data/datasets/s1gfloods/Label/image_1098.png
image_132,data/datasets/s1gfloods/A/image_132.png,data/datasets/s1gfloods/B/image_132.png,data/datasets/s1gfloods/Label/image_132.png
image_1407,data/datasets/s1gfloods/A/image_1407.png,data/datasets/s1gfloods/B/image_1407.png,data/datasets/s1gfloods/Label/image_1407.png
image_4050,data/datasets/s1gfloods/A/image_4050.png,data/datasets/s1gfloods/B/image_4050.png,data/datasets/s1gfloods/Label/image_4050.png
image_250,data/datasets/s1gfloods/A/image_250.png,data/datasets/s1gfloods/B/image_250.png,data/datasets/s1gfloods/Label/image_250.png
image_3474,data/datasets/s1gfloods/A/image_3474.png,data/datasets/s1gfloods/B/image_3474.png,data/datasets/s1gfloods/Label/image_3474.png
image_3258,data/datasets/s1gfloods/A/image_3258.png,data/datasets/s1gfloods/B/image_3258.png,data/datasets/s1gfloods/Label/image_3258.png
image_999,data/datasets/s1gfloods/A/image_999.png,data/datasets/s1gfloods/B/image_999.png,data/datasets/s1gfloods/Label/image_999.png
image_6,data/datasets/s1gfloods/A/image_6.png,data/datasets/s1gfloods/B/image_6.png,data/datasets/s1gfloods/Label/image_6.png
image_98,data/datasets/s1gfloods/A/image_98.png,data/datasets/s1gfloods/B/image_98.png,data/datasets/s1gfloods/Label/image_98.png
image_4218,data/datasets/s1gfloods/A/image_4218.png,data/datasets/s1gfloods/B/image_4218.png,data/datasets/s1gfloods/Label/image_4218.png
image_4949,data/datasets/s1gfloods/A/image_4949.png,data/datasets/s1gfloods/B/image_4949.png,data/datasets/s1gfloods/Label/image_4949.png
image_1402,data/datasets/s1gfloods/A/image_1402.png,data/datasets/s1gfloods/B/image_1402.png,data/datasets/s1gfloods/Label/image_1402.png
image_793,data/datasets/s1gfloods/A/image_793.png,data/datasets/s1gfloods/B/image_793.png,data/datasets/s1gfloods/Label/image_793.png
image_1163,data/datasets/s1gfloods/A/image_1163.png,data/datasets/s1gfloods/B/image_1163.png,data/datasets/s1gfloods/Label/image_1163.png
image_1497,data/datasets/s1gfloods/A/image_1497.png,data/datasets/s1gfloods/B/image_1497.png,data/datasets/s1gfloods/Label/image_1497.png
image_965,data/datasets/s1gfloods/A/image_965.png,data/datasets/s1gfloods/B/image_965.png,data/datasets/s1gfloods/Label/image_965.png
image_1892,data/datasets/s1gfloods/A/image_1892.png,data/datasets/s1gfloods/B/image_1892.png,data/datasets/s1gfloods/Label/image_1892.png
image_3635,data/datasets/s1gfloods/A/image_3635.png,data/datasets/s1gfloods/B/image_3635.png,data/datasets/s1gfloods/Label/image_3635.png
image_4307,data/datasets/s1gfloods/A/image_4307.png,data/datasets/s1gfloods/B/image_4307.png,data/datasets/s1gfloods/Label/image_4307.png
image_2678,data/datasets/s1gfloods/A/image_2678.png,data/datasets/s1gfloods/B/image_2678.png,data/datasets/s1gfloods/Label/image_2678.png
image_3399,data/datasets/s1gfloods/A/image_3399.png,data/datasets/s1gfloods/B/image_3399.png,data/datasets/s1gfloods/Label/image_3399.png
image_84,data/datasets/s1gfloods/A/image_84.png,data/datasets/s1gfloods/B/image_84.png,data/datasets/s1gfloods/Label/image_84.png
image_722,data/datasets/s1gfloods/A/image_722.png,data/datasets/s1gfloods/B/image_722.png,data/datasets/s1gfloods/Label/image_722.png
image_4618,data/datasets/s1gfloods/A/image_4618.png,data/datasets/s1gfloods/B/image_4618.png,data/datasets/s1gfloods/Label/image_4618.png
image_1564,data/datasets/s1gfloods/A/image_1564.png,data/datasets/s1gfloods/B/image_1564.png,data/datasets/s1gfloods/Label/image_1564.png
image_2335,data/datasets/s1gfloods/A/image_2335.png,data/datasets/s1gfloods/B/image_2335.png,data/datasets/s1gfloods/Label/image_2335.png
image_1561,data/datasets/s1gfloods/A/image_1561.png,data/datasets/s1gfloods/B/image_1561.png,data/datasets/s1gfloods/Label/image_1561.png
image_4704,data/datasets/s1gfloods/A/image_4704.png,data/datasets/s1gfloods/B/image_4704.png,data/datasets/s1gfloods/Label/image_4704.png
image_2738,data/datasets/s1gfloods/A/image_2738.png,data/datasets/s1gfloods/B/image_2738.png,data/datasets/s1gfloods/Label/image_2738.png
image_3133,data/datasets/s1gfloods/A/image_3133.png,data/datasets/s1gfloods/B/image_3133.png,data/datasets/s1gfloods/Label/image_3133.png
image_400,data/datasets/s1gfloods/A/image_400.png,data/datasets/s1gfloods/B/image_400.png,data/datasets/s1gfloods/Label/image_400.png
image_531,data/datasets/s1gfloods/A/image_531.png,data/datasets/s1gfloods/B/image_531.png,data/datasets/s1gfloods/Label/image_531.png
image_2761,data/datasets/s1gfloods/A/image_2761.png,data/datasets/s1gfloods/B/image_2761.png,data/datasets/s1gfloods/Label/image_2761.png
image_2856,data/datasets/s1gfloods/A/image_2856.png,data/datasets/s1gfloods/B/image_2856.png,data/datasets/s1gfloods/Label/image_2856.png
image_3886,data/datasets/s1gfloods/A/image_3886.png,data/datasets/s1gfloods/B/image_3886.png,data/datasets/s1gfloods/Label/image_3886.png
image_4400,data/datasets/s1gfloods/A/image_4400.png,data/datasets/s1gfloods/B/image_4400.png,data/datasets/s1gfloods/Label/image_4400.png
image_383,data/datasets/s1gfloods/A/image_383.png,data/datasets/s1gfloods/B/image_383.png,data/datasets/s1gfloods/Label/image_383.png
image_3012,data/datasets/s1gfloods/A/image_3012.png,data/datasets/s1gfloods/B/image_3012.png,data/datasets/s1gfloods/Label/image_3012.png
image_1495,data/datasets/s1gfloods/A/image_1495.png,data/datasets/s1gfloods/B/image_1495.png,data/datasets/s1gfloods/Label/image_1495.png
image_5051,data/datasets/s1gfloods/A/image_5051.png,data/datasets/s1gfloods/B/image_5051.png,data/datasets/s1gfloods/Label/image_5051.png
image_3155,data/datasets/s1gfloods/A/image_3155.png,data/datasets/s1gfloods/B/image_3155.png,data/datasets/s1gfloods/Label/image_3155.png
image_3894,data/datasets/s1gfloods/A/image_3894.png,data/datasets/s1gfloods/B/image_3894.png,data/datasets/s1gfloods/Label/image_3894.png
image_3397,data/datasets/s1gfloods/A/image_3397.png,data/datasets/s1gfloods/B/image_3397.png,data/datasets/s1gfloods/Label/image_3397.png
image_4231,data/datasets/s1gfloods/A/image_4231.png,data/datasets/s1gfloods/B/image_4231.png,data/datasets/s1gfloods/Label/image_4231.png
image_1938,data/datasets/s1gfloods/A/image_1938.png,data/datasets/s1gfloods/B/image_1938.png,data/datasets/s1gfloods/Label/image_1938.png
image_4239,data/datasets/s1gfloods/A/image_4239.png,data/datasets/s1gfloods/B/image_4239.png,data/datasets/s1gfloods/Label/image_4239.png
image_4719,data/datasets/s1gfloods/A/image_4719.png,data/datasets/s1gfloods/B/image_4719.png,data/datasets/s1gfloods/Label/image_4719.png
image_2213,data/datasets/s1gfloods/A/image_2213.png,data/datasets/s1gfloods/B/image_2213.png,data/datasets/s1gfloods/Label/image_2213.png
image_3437,data/datasets/s1gfloods/A/image_3437.png,data/datasets/s1gfloods/B/image_3437.png,data/datasets/s1gfloods/Label/image_3437.png
image_4594,data/datasets/s1gfloods/A/image_4594.png,data/datasets/s1gfloods/B/image_4594.png,data/datasets/s1gfloods/Label/image_4594.png
image_2554,data/datasets/s1gfloods/A/image_2554.png,data/datasets/s1gfloods/B/image_2554.png,data/datasets/s1gfloods/Label/image_2554.png
image_1216,data/datasets/s1gfloods/A/image_1216.png,data/datasets/s1gfloods/B/image_1216.png,data/datasets/s1gfloods/Label/image_1216.png
image_5280,data/datasets/s1gfloods/A/image_5280.png,data/datasets/s1gfloods/B/image_5280.png,data/datasets/s1gfloods/Label/image_5280.png
image_2321,data/datasets/s1gfloods/A/image_2321.png,data/datasets/s1gfloods/B/image_2321.png,data/datasets/s1gfloods/Label/image_2321.png
image_4818,data/datasets/s1gfloods/A/image_4818.png,data/datasets/s1gfloods/B/image_4818.png,data/datasets/s1gfloods/Label/image_4818.png
image_140,data/datasets/s1gfloods/A/image_140.png,data/datasets/s1gfloods/B/image_140.png,data/datasets/s1gfloods/Label/image_140.png
image_4381,data/datasets/s1gfloods/A/image_4381.png,data/datasets/s1gfloods/B/image_4381.png,data/datasets/s1gfloods/Label/image_4381.png
image_1039,data/datasets/s1gfloods/A/image_1039.png,data/datasets/s1gfloods/B/image_1039.png,data/datasets/s1gfloods/Label/image_1039.png
image_129,data/datasets/s1gfloods/A/image_129.png,data/datasets/s1gfloods/B/image_129.png,data/datasets/s1gfloods/Label/image_129.png
image_930,data/datasets/s1gfloods/A/image_930.png,data/datasets/s1gfloods/B/image_930.png,data/datasets/s1gfloods/Label/image_930.png
image_467,data/datasets/s1gfloods/A/image_467.png,data/datasets/s1gfloods/B/image_467.png,data/datasets/s1gfloods/Label/image_467.png
image_1229,data/datasets/s1gfloods/A/image_1229.png,data/datasets/s1gfloods/B/image_1229.png,data/datasets/s1gfloods/Label/image_1229.png
image_4717,data/datasets/s1gfloods/A/image_4717.png,data/datasets/s1gfloods/B/image_4717.png,data/datasets/s1gfloods/Label/image_4717.png
image_2763,data/datasets/s1gfloods/A/image_2763.png,data/datasets/s1gfloods/B/image_2763.png,data/datasets/s1gfloods/Label/image_2763.png
image_232,data/datasets/s1gfloods/A/image_232.png,data/datasets/s1gfloods/B/image_232.png,data/datasets/s1gfloods/Label/image_232.png
image_5027,data/datasets/s1gfloods/A/image_5027.png,data/datasets/s1gfloods/B/image_5027.png,data/datasets/s1gfloods/Label/image_5027.png
image_5174,data/datasets/s1gfloods/A/image_5174.png,data/datasets/s1gfloods/B/image_5174.png,data/datasets/s1gfloods/Label/image_5174.png
image_2819,data/datasets/s1gfloods/A/image_2819.png,data/datasets/s1gfloods/B/image_2819.png,data/datasets/s1gfloods/Label/image_2819.png
image_607,data/datasets/s1gfloods/A/image_607.png,data/datasets/s1gfloods/B/image_607.png,data/datasets/s1gfloods/Label/image_607.png
image_5050,data/datasets/s1gfloods/A/image_5050.png,data/datasets/s1gfloods/B/image_5050.png,data/datasets/s1gfloods/Label/image_5050.png
image_385,data/datasets/s1gfloods/A/image_385.png,data/datasets/s1gfloods/B/image_385.png,data/datasets/s1gfloods/Label/image_385.png
image_2151,data/datasets/s1gfloods/A/image_2151.png,data/datasets/s1gfloods/B/image_2151.png,data/datasets/s1gfloods/Label/image_2151.png
image_5100,data/datasets/s1gfloods/A/image_5100.png,data/datasets/s1gfloods/B/image_5100.png,data/datasets/s1gfloods/Label/image_5100.png
image_3567,data/datasets/s1gfloods/A/image_3567.png,data/datasets/s1gfloods/B/image_3567.png,data/datasets/s1gfloods/Label/image_3567.png
image_1835,data/datasets/s1gfloods/A/image_1835.png,data/datasets/s1gfloods/B/image_1835.png,data/datasets/s1gfloods/Label/image_1835.png
image_3754,data/datasets/s1gfloods/A/image_3754.png,data/datasets/s1gfloods/B/image_3754.png,data/datasets/s1gfloods/Label/image_3754.png
image_1224,data/datasets/s1gfloods/A/image_1224.png,data/datasets/s1gfloods/B/image_1224.png,data/datasets/s1gfloods/Label/image_1224.png
image_4415,data/datasets/s1gfloods/A/image_4415.png,data/datasets/s1gfloods/B/image_4415.png,data/datasets/s1gfloods/Label/image_4415.png
image_2268,data/datasets/s1gfloods/A/image_2268.png,data/datasets/s1gfloods/B/image_2268.png,data/datasets/s1gfloods/Label/image_2268.png
image_4226,data/datasets/s1gfloods/A/image_4226.png,data/datasets/s1gfloods/B/image_4226.png,data/datasets/s1gfloods/Label/image_4226.png
image_3209,data/datasets/s1gfloods/A/image_3209.png,data/datasets/s1gfloods/B/image_3209.png,data/datasets/s1gfloods/Label/image_3209.png
image_4901,data/datasets/s1gfloods/A/image_4901.png,data/datasets/s1gfloods/B/image_4901.png,data/datasets/s1gfloods/Label/image_4901.png
image_1851,data/datasets/s1gfloods/A/image_1851.png,data/datasets/s1gfloods/B/image_1851.png,data/datasets/s1gfloods/Label/image_1851.png
image_1013,data/datasets/s1gfloods/A/image_1013.png,data/datasets/s1gfloods/B/image_1013.png,data/datasets/s1gfloods/Label/image_1013.png
image_4105,data/datasets/s1gfloods/A/image_4105.png,data/datasets/s1gfloods/B/image_4105.png,data/datasets/s1gfloods/Label/image_4105.png
image_997,data/datasets/s1gfloods/A/image_997.png,data/datasets/s1gfloods/B/image_997.png,data/datasets/s1gfloods/Label/image_997.png
image_3931,data/datasets/s1gfloods/A/image_3931.png,data/datasets/s1gfloods/B/image_3931.png,data/datasets/s1gfloods/Label/image_3931.png
image_3784,data/datasets/s1gfloods/A/image_3784.png,data/datasets/s1gfloods/B/image_3784.png,data/datasets/s1gfloods/Label/image_3784.png
image_384,data/datasets/s1gfloods/A/image_384.png,data/datasets/s1gfloods/B/image_384.png,data/datasets/s1gfloods/Label/image_384.png
image_3836,data/datasets/s1gfloods/A/image_3836.png,data/datasets/s1gfloods/B/image_3836.png,data/datasets/s1gfloods/Label/image_3836.png
image_840,data/datasets/s1gfloods/A/image_840.png,data/datasets/s1gfloods/B/image_840.png,data/datasets/s1gfloods/Label/image_840.png
image_1520,data/datasets/s1gfloods/A/image_1520.png,data/datasets/s1gfloods/B/image_1520.png,data/datasets/s1gfloods/Label/image_1520.png
image_2615,data/datasets/s1gfloods/A/image_2615.png,data/datasets/s1gfloods/B/image_2615.png,data/datasets/s1gfloods/Label/image_2615.png
image_5001,data/datasets/s1gfloods/A/image_5001.png,data/datasets/s1gfloods/B/image_5001.png,data/datasets/s1gfloods/Label/image_5001.png
image_1590,data/datasets/s1gfloods/A/image_1590.png,data/datasets/s1gfloods/B/image_1590.png,data/datasets/s1gfloods/Label/image_1590.png
image_2966,data/datasets/s1gfloods/A/image_2966.png,data/datasets/s1gfloods/B/image_2966.png,data/datasets/s1gfloods/Label/image_2966.png
image_4900,data/datasets/s1gfloods/A/image_4900.png,data/datasets/s1gfloods/B/image_4900.png,data/datasets/s1gfloods/Label/image_4900.png
image_3271,data/datasets/s1gfloods/A/image_3271.png,data/datasets/s1gfloods/B/image_3271.png,data/datasets/s1gfloods/Label/image_3271.png
image_1837,data/datasets/s1gfloods/A/image_1837.png,data/datasets/s1gfloods/B/image_1837.png,data/datasets/s1gfloods/Label/image_1837.png
image_1838,data/datasets/s1gfloods/A/image_1838.png,data/datasets/s1gfloods/B/image_1838.png,data/datasets/s1gfloods/Label/image_1838.png
image_2676,data/datasets/s1gfloods/A/image_2676.png,data/datasets/s1gfloods/B/image_2676.png,data/datasets/s1gfloods/Label/image_2676.png
image_980,data/datasets/s1gfloods/A/image_980.png,data/datasets/s1gfloods/B/image_980.png,data/datasets/s1gfloods/Label/image_980.png
image_1192,data/datasets/s1gfloods/A/image_1192.png,data/datasets/s1gfloods/B/image_1192.png,data/datasets/s1gfloods/Label/image_1192.png
image_487,data/datasets/s1gfloods/A/image_487.png,data/datasets/s1gfloods/B/image_487.png,data/datasets/s1gfloods/Label/image_487.png
image_4902,data/datasets/s1gfloods/A/image_4902.png,data/datasets/s1gfloods/B/image_4902.png,data/datasets/s1gfloods/Label/image_4902.png
image_2325,data/datasets/s1gfloods/A/image_2325.png,data/datasets/s1gfloods/B/image_2325.png,data/datasets/s1gfloods/Label/image_2325.png
image_3859,data/datasets/s1gfloods/A/image_3859.png,data/datasets/s1gfloods/B/image_3859.png,data/datasets/s1gfloods/Label/image_3859.png
image_3411,data/datasets/s1gfloods/A/image_3411.png,data/datasets/s1gfloods/B/image_3411.png,data/datasets/s1gfloods/Label/image_3411.png
image_4674,data/datasets/s1gfloods/A/image_4674.png,data/datasets/s1gfloods/B/image_4674.png,data/datasets/s1gfloods/Label/image_4674.png
image_2132,data/datasets/s1gfloods/A/image_2132.png,data/datasets/s1gfloods/B/image_2132.png,data/datasets/s1gfloods/Label/image_2132.png
image_870,data/datasets/s1gfloods/A/image_870.png,data/datasets/s1gfloods/B/image_870.png,data/datasets/s1gfloods/Label/image_870.png
image_5275,data/datasets/s1gfloods/A/image_5275.png,data/datasets/s1gfloods/B/image_5275.png,data/datasets/s1gfloods/Label/image_5275.png
image_4848,data/datasets/s1gfloods/A/image_4848.png,data/datasets/s1gfloods/B/image_4848.png,data/datasets/s1gfloods/Label/image_4848.png
image_1337,data/datasets/s1gfloods/A/image_1337.png,data/datasets/s1gfloods/B/image_1337.png,data/datasets/s1gfloods/Label/image_1337.png
image_1802,data/datasets/s1gfloods/A/image_1802.png,data/datasets/s1gfloods/B/image_1802.png,data/datasets/s1gfloods/Label/image_1802.png
image_5179,data/datasets/s1gfloods/A/image_5179.png,data/datasets/s1gfloods/B/image_5179.png,data/datasets/s1gfloods/Label/image_5179.png
image_1622,data/datasets/s1gfloods/A/image_1622.png,data/datasets/s1gfloods/B/image_1622.png,data/datasets/s1gfloods/Label/image_1622.png
image_1186,data/datasets/s1gfloods/A/image_1186.png,data/datasets/s1gfloods/B/image_1186.png,data/datasets/s1gfloods/Label/image_1186.png
image_444,data/datasets/s1gfloods/A/image_444.png,data/datasets/s1gfloods/B/image_444.png,data/datasets/s1gfloods/Label/image_444.png
image_4379,data/datasets/s1gfloods/A/image_4379.png,data/datasets/s1gfloods/B/image_4379.png,data/datasets/s1gfloods/Label/image_4379.png
image_4342,data/datasets/s1gfloods/A/image_4342.png,data/datasets/s1gfloods/B/image_4342.png,data/datasets/s1gfloods/Label/image_4342.png
image_3834,data/datasets/s1gfloods/A/image_3834.png,data/datasets/s1gfloods/B/image_3834.png,data/datasets/s1gfloods/Label/image_3834.png
image_1596,data/datasets/s1gfloods/A/image_1596.png,data/datasets/s1gfloods/B/image_1596.png,data/datasets/s1gfloods/Label/image_1596.png
image_1545,data/datasets/s1gfloods/A/image_1545.png,data/datasets/s1gfloods/B/image_1545.png,data/datasets/s1gfloods/Label/image_1545.png
image_541,data/datasets/s1gfloods/A/image_541.png,data/datasets/s1gfloods/B/image_541.png,data/datasets/s1gfloods/Label/image_541.png
image_3725,data/datasets/s1gfloods/A/image_3725.png,data/datasets/s1gfloods/B/image_3725.png,data/datasets/s1gfloods/Label/image_3725.png
image_102,data/datasets/s1gfloods/A/image_102.png,data/datasets/s1gfloods/B/image_102.png,data/datasets/s1gfloods/Label/image_102.png
image_2413,data/datasets/s1gfloods/A/image_2413.png,data/datasets/s1gfloods/B/image_2413.png,data/datasets/s1gfloods/Label/image_2413.png
image_2691,data/datasets/s1gfloods/A/image_2691.png,data/datasets/s1gfloods/B/image_2691.png,data/datasets/s1gfloods/Label/image_2691.png
image_2728,data/datasets/s1gfloods/A/image_2728.png,data/datasets/s1gfloods/B/image_2728.png,data/datasets/s1gfloods/Label/image_2728.png
image_868,data/datasets/s1gfloods/A/image_868.png,data/datasets/s1gfloods/B/image_868.png,data/datasets/s1gfloods/Label/image_868.png
image_963,data/datasets/s1gfloods/A/image_963.png,data/datasets/s1gfloods/B/image_963.png,data/datasets/s1gfloods/Label/image_963.png
image_5207,data/datasets/s1gfloods/A/image_5207.png,data/datasets/s1gfloods/B/image_5207.png,data/datasets/s1gfloods/Label/image_5207.png
image_1394,data/datasets/s1gfloods/A/image_1394.png,data/datasets/s1gfloods/B/image_1394.png,data/datasets/s1gfloods/Label/image_1394.png
image_2622,data/datasets/s1gfloods/A/image_2622.png,data/datasets/s1gfloods/B/image_2622.png,data/datasets/s1gfloods/Label/image_2622.png
image_5198,data/datasets/s1gfloods/A/image_5198.png,data/datasets/s1gfloods/B/image_5198.png,data/datasets/s1gfloods/Label/image_5198.png
image_663,data/datasets/s1gfloods/A/image_663.png,data/datasets/s1gfloods/B/image_663.png,data/datasets/s1gfloods/Label/image_663.png
image_2757,data/datasets/s1gfloods/A/image_2757.png,data/datasets/s1gfloods/B/image_2757.png,data/datasets/s1gfloods/Label/image_2757.png
image_1240,data/datasets/s1gfloods/A/image_1240.png,data/datasets/s1gfloods/B/image_1240.png,data/datasets/s1gfloods/Label/image_1240.png
image_4229,data/datasets/s1gfloods/A/image_4229.png,data/datasets/s1gfloods/B/image_4229.png,data/datasets/s1gfloods/Label/image_4229.png
image_3463,data/datasets/s1gfloods/A/image_3463.png,data/datasets/s1gfloods/B/image_3463.png,data/datasets/s1gfloods/Label/image_3463.png
image_2907,data/datasets/s1gfloods/A/image_2907.png,data/datasets/s1gfloods/B/image_2907.png,data/datasets/s1gfloods/Label/image_2907.png
image_5279,data/datasets/s1gfloods/A/image_5279.png,data/datasets/s1gfloods/B/image_5279.png,data/datasets/s1gfloods/Label/image_5279.png
image_2277,data/datasets/s1gfloods/A/image_2277.png,data/datasets/s1gfloods/B/image_2277.png,data/datasets/s1gfloods/Label/image_2277.png
image_4657,data/datasets/s1gfloods/A/image_4657.png,data/datasets/s1gfloods/B/image_4657.png,data/datasets/s1gfloods/Label/image_4657.png
image_2752,data/datasets/s1gfloods/A/image_2752.png,data/datasets/s1gfloods/B/image_2752.png,data/datasets/s1gfloods/Label/image_2752.png
image_3666,data/datasets/s1gfloods/A/image_3666.png,data/datasets/s1gfloods/B/image_3666.png,data/datasets/s1gfloods/Label/image_3666.png
image_5020,data/datasets/s1gfloods/A/image_5020.png,data/datasets/s1gfloods/B/image_5020.png,data/datasets/s1gfloods/Label/image_5020.png
image_3115,data/datasets/s1gfloods/A/image_3115.png,data/datasets/s1gfloods/B/image_3115.png,data/datasets/s1gfloods/Label/image_3115.png
image_1650,data/datasets/s1gfloods/A/image_1650.png,data/datasets/s1gfloods/B/image_1650.png,data/datasets/s1gfloods/Label/image_1650.png
image_156,data/datasets/s1gfloods/A/image_156.png,data/datasets/s1gfloods/B/image_156.png,data/datasets/s1gfloods/Label/image_156.png
image_3452,data/datasets/s1gfloods/A/image_3452.png,data/datasets/s1gfloods/B/image_3452.png,data/datasets/s1gfloods/Label/image_3452.png
image_2047,data/datasets/s1gfloods/A/image_2047.png,data/datasets/s1gfloods/B/image_2047.png,data/datasets/s1gfloods/Label/image_2047.png
image_124,data/datasets/s1gfloods/A/image_124.png,data/datasets/s1gfloods/B/image_124.png,data/datasets/s1gfloods/Label/image_124.png
image_3732,data/datasets/s1gfloods/A/image_3732.png,data/datasets/s1gfloods/B/image_3732.png,data/datasets/s1gfloods/Label/image_3732.png
image_1064,data/datasets/s1gfloods/A/image_1064.png,data/datasets/s1gfloods/B/image_1064.png,data/datasets/s1gfloods/Label/image_1064.png
image_42,data/datasets/s1gfloods/A/image_42.png,data/datasets/s1gfloods/B/image_42.png,data/datasets/s1gfloods/Label/image_42.png
image_5255,data/datasets/s1gfloods/A/image_5255.png,data/datasets/s1gfloods/B/image_5255.png,data/datasets/s1gfloods/Label/image_5255.png
image_5306,data/datasets/s1gfloods/A/image_5306.png,data/datasets/s1gfloods/B/image_5306.png,data/datasets/s1gfloods/Label/image_5306.png
image_1558,data/datasets/s1gfloods/A/image_1558.png,data/datasets/s1gfloods/B/image_1558.png,data/datasets/s1gfloods/Label/image_1558.png
image_2183,data/datasets/s1gfloods/A/image_2183.png,data/datasets/s1gfloods/B/image_2183.png,data/datasets/s1gfloods/Label/image_2183.png
image_3351,data/datasets/s1gfloods/A/image_3351.png,data/datasets/s1gfloods/B/image_3351.png,data/datasets/s1gfloods/Label/image_3351.png
image_5278,data/datasets/s1gfloods/A/image_5278.png,data/datasets/s1gfloods/B/image_5278.png,data/datasets/s1gfloods/Label/image_5278.png
image_4881,data/datasets/s1gfloods/A/image_4881.png,data/datasets/s1gfloods/B/image_4881.png,data/datasets/s1gfloods/Label/image_4881.png
image_1245,data/datasets/s1gfloods/A/image_1245.png,data/datasets/s1gfloods/B/image_1245.png,data/datasets/s1gfloods/Label/image_1245.png
image_2891,data/datasets/s1gfloods/A/image_2891.png,data/datasets/s1gfloods/B/image_2891.png,data/datasets/s1gfloods/Label/image_2891.png
image_2128,data/datasets/s1gfloods/A/image_2128.png,data/datasets/s1gfloods/B/image_2128.png,data/datasets/s1gfloods/Label/image_2128.png
image_1428,data/datasets/s1gfloods/A/image_1428.png,data/datasets/s1gfloods/B/image_1428.png,data/datasets/s1gfloods/Label/image_1428.png
image_4079,data/datasets/s1gfloods/A/image_4079.png,data/datasets/s1gfloods/B/image_4079.png,data/datasets/s1gfloods/Label/image_4079.png
image_4966,data/datasets/s1gfloods/A/image_4966.png,data/datasets/s1gfloods/B/image_4966.png,data/datasets/s1gfloods/Label/image_4966.png
image_676,data/datasets/s1gfloods/A/image_676.png,data/datasets/s1gfloods/B/image_676.png,data/datasets/s1gfloods/Label/image_676.png
image_1779,data/datasets/s1gfloods/A/image_1779.png,data/datasets/s1gfloods/B/image_1779.png,data/datasets/s1gfloods/Label/image_1779.png
image_1707,data/datasets/s1gfloods/A/image_1707.png,data/datasets/s1gfloods/B/image_1707.png,data/datasets/s1gfloods/Label/image_1707.png
image_4843,data/datasets/s1gfloods/A/image_4843.png,data/datasets/s1gfloods/B/image_4843.png,data/datasets/s1gfloods/Label/image_4843.png
image_1072,data/datasets/s1gfloods/A/image_1072.png,data/datasets/s1gfloods/B/image_1072.png,data/datasets/s1gfloods/Label/image_1072.png
image_1177,data/datasets/s1gfloods/A/image_1177.png,data/datasets/s1gfloods/B/image_1177.png,data/datasets/s1gfloods/Label/image_1177.png
image_4700,data/datasets/s1gfloods/A/image_4700.png,data/datasets/s1gfloods/B/image_4700.png,data/datasets/s1gfloods/Label/image_4700.png
image_1527,data/datasets/s1gfloods/A/image_1527.png,data/datasets/s1gfloods/B/image_1527.png,data/datasets/s1gfloods/Label/image_1527.png
image_2363,data/datasets/s1gfloods/A/image_2363.png,data/datasets/s1gfloods/B/image_2363.png,data/datasets/s1gfloods/Label/image_2363.png
image_199,data/datasets/s1gfloods/A/image_199.png,data/datasets/s1gfloods/B/image_199.png,data/datasets/s1gfloods/Label/image_199.png
image_2923,data/datasets/s1gfloods/A/image_2923.png,data/datasets/s1gfloods/B/image_2923.png,data/datasets/s1gfloods/Label/image_2923.png
image_1480,data/datasets/s1gfloods/A/image_1480.png,data/datasets/s1gfloods/B/image_1480.png,data/datasets/s1gfloods/Label/image_1480.png
image_53,data/datasets/s1gfloods/A/image_53.png,data/datasets/s1gfloods/B/image_53.png,data/datasets/s1gfloods/Label/image_53.png
image_4762,data/datasets/s1gfloods/A/image_4762.png,data/datasets/s1gfloods/B/image_4762.png,data/datasets/s1gfloods/Label/image_4762.png
image_4125,data/datasets/s1gfloods/A/image_4125.png,data/datasets/s1gfloods/B/image_4125.png,data/datasets/s1gfloods/Label/image_4125.png
image_4011,data/datasets/s1gfloods/A/image_4011.png,data/datasets/s1gfloods/B/image_4011.png,data/datasets/s1gfloods/Label/image_4011.png
image_4061,data/datasets/s1gfloods/A/image_4061.png,data/datasets/s1gfloods/B/image_4061.png,data/datasets/s1gfloods/Label/image_4061.png
image_1353,data/datasets/s1gfloods/A/image_1353.png,data/datasets/s1gfloods/B/image_1353.png,data/datasets/s1gfloods/Label/image_1353.png
image_4870,data/datasets/s1gfloods/A/image_4870.png,data/datasets/s1gfloods/B/image_4870.png,data/datasets/s1gfloods/Label/image_4870.png
image_3676,data/datasets/s1gfloods/A/image_3676.png,data/datasets/s1gfloods/B/image_3676.png,data/datasets/s1gfloods/Label/image_3676.png
image_1286,data/datasets/s1gfloods/A/image_1286.png,data/datasets/s1gfloods/B/image_1286.png,data/datasets/s1gfloods/Label/image_1286.png
image_1813,data/datasets/s1gfloods/A/image_1813.png,data/datasets/s1gfloods/B/image_1813.png,data/datasets/s1gfloods/Label/image_1813.png
image_5005,data/datasets/s1gfloods/A/image_5005.png,data/datasets/s1gfloods/B/image_5005.png,data/datasets/s1gfloods/Label/image_5005.png
image_2058,data/datasets/s1gfloods/A/image_2058.png,data/datasets/s1gfloods/B/image_2058.png,data/datasets/s1gfloods/Label/image_2058.png
image_3030,data/datasets/s1gfloods/A/image_3030.png,data/datasets/s1gfloods/B/image_3030.png,data/datasets/s1gfloods/Label/image_3030.png
image_484,data/datasets/s1gfloods/A/image_484.png,data/datasets/s1gfloods/B/image_484.png,data/datasets/s1gfloods/Label/image_484.png
image_1432,data/datasets/s1gfloods/A/image_1432.png,data/datasets/s1gfloods/B/image_1432.png,data/datasets/s1gfloods/Label/image_1432.png
image_5169,data/datasets/s1gfloods/A/image_5169.png,data/datasets/s1gfloods/B/image_5169.png,data/datasets/s1gfloods/Label/image_5169.png
image_2102,data/datasets/s1gfloods/A/image_2102.png,data/datasets/s1gfloods/B/image_2102.png,data/datasets/s1gfloods/Label/image_2102.png
image_430,data/datasets/s1gfloods/A/image_430.png,data/datasets/s1gfloods/B/image_430.png,data/datasets/s1gfloods/Label/image_430.png
image_1175,data/datasets/s1gfloods/A/image_1175.png,data/datasets/s1gfloods/B/image_1175.png,data/datasets/s1gfloods/Label/image_1175.png
image_2569,data/datasets/s1gfloods/A/image_2569.png,data/datasets/s1gfloods/B/image_2569.png,data/datasets/s1gfloods/Label/image_2569.png
image_4452,data/datasets/s1gfloods/A/image_4452.png,data/datasets/s1gfloods/B/image_4452.png,data/datasets/s1gfloods/Label/image_4452.png
image_2026,data/datasets/s1gfloods/A/image_2026.png,data/datasets/s1gfloods/B/image_2026.png,data/datasets/s1gfloods/Label/image_2026.png
image_1980,data/datasets/s1gfloods/A/image_1980.png,data/datasets/s1gfloods/B/image_1980.png,data/datasets/s1gfloods/Label/image_1980.png
image_4091,data/datasets/s1gfloods/A/image_4091.png,data/datasets/s1gfloods/B/image_4091.png,data/datasets/s1gfloods/Label/image_4091.png
image_1833,data/datasets/s1gfloods/A/image_1833.png,data/datasets/s1gfloods/B/image_1833.png,data/datasets/s1gfloods/Label/image_1833.png
image_2056,data/datasets/s1gfloods/A/image_2056.png,data/datasets/s1gfloods/B/image_2056.png,data/datasets/s1gfloods/Label/image_2056.png
image_3149,data/datasets/s1gfloods/A/image_3149.png,data/datasets/s1gfloods/B/image_3149.png,data/datasets/s1gfloods/Label/image_3149.png
image_1238,data/datasets/s1gfloods/A/image_1238.png,data/datasets/s1gfloods/B/image_1238.png,data/datasets/s1gfloods/Label/image_1238.png
image_1773,data/datasets/s1gfloods/A/image_1773.png,data/datasets/s1gfloods/B/image_1773.png,data/datasets/s1gfloods/Label/image_1773.png
image_552,data/datasets/s1gfloods/A/image_552.png,data/datasets/s1gfloods/B/image_552.png,data/datasets/s1gfloods/Label/image_552.png
image_287,data/datasets/s1gfloods/A/image_287.png,data/datasets/s1gfloods/B/image_287.png,data/datasets/s1gfloods/Label/image_287.png
image_49,data/datasets/s1gfloods/A/image_49.png,data/datasets/s1gfloods/B/image_49.png,data/datasets/s1gfloods/Label/image_49.png
image_3349,data/datasets/s1gfloods/A/image_3349.png,data/datasets/s1gfloods/B/image_3349.png,data/datasets/s1gfloods/Label/image_3349.png
image_206,data/datasets/s1gfloods/A/image_206.png,data/datasets/s1gfloods/B/image_206.png,data/datasets/s1gfloods/Label/image_206.png
image_5160,data/datasets/s1gfloods/A/image_5160.png,data/datasets/s1gfloods/B/image_5160.png,data/datasets/s1gfloods/Label/image_5160.png
image_1576,data/datasets/s1gfloods/A/image_1576.png,data/datasets/s1gfloods/B/image_1576.png,data/datasets/s1gfloods/Label/image_1576.png
image_63,data/datasets/s1gfloods/A/image_63.png,data/datasets/s1gfloods/B/image_63.png,data/datasets/s1gfloods/Label/image_63.png
image_3500,data/datasets/s1gfloods/A/image_3500.png,data/datasets/s1gfloods/B/image_3500.png,data/datasets/s1gfloods/Label/image_3500.png
image_2323,data/datasets/s1gfloods/A/image_2323.png,data/datasets/s1gfloods/B/image_2323.png,data/datasets/s1gfloods/Label/image_2323.png
image_3414,data/datasets/s1gfloods/A/image_3414.png,data/datasets/s1gfloods/B/image_3414.png,data/datasets/s1gfloods/Label/image_3414.png
image_3047,data/datasets/s1gfloods/A/image_3047.png,data/datasets/s1gfloods/B/image_3047.png,data/datasets/s1gfloods/Label/image_3047.png
image_3969,data/datasets/s1gfloods/A/image_3969.png,data/datasets/s1gfloods/B/image_3969.png,data/datasets/s1gfloods/Label/image_3969.png
image_2122,data/datasets/s1gfloods/A/image_2122.png,data/datasets/s1gfloods/B/image_2122.png,data/datasets/s1gfloods/Label/image_2122.png
image_3103,data/datasets/s1gfloods/A/image_3103.png,data/datasets/s1gfloods/B/image_3103.png,data/datasets/s1gfloods/Label/image_3103.png
image_120,data/datasets/s1gfloods/A/image_120.png,data/datasets/s1gfloods/B/image_120.png,data/datasets/s1gfloods/Label/image_120.png
image_859,data/datasets/s1gfloods/A/image_859.png,data/datasets/s1gfloods/B/image_859.png,data/datasets/s1gfloods/Label/image_859.png
image_3264,data/datasets/s1gfloods/A/image_3264.png,data/datasets/s1gfloods/B/image_3264.png,data/datasets/s1gfloods/Label/image_3264.png
image_4712,data/datasets/s1gfloods/A/image_4712.png,data/datasets/s1gfloods/B/image_4712.png,data/datasets/s1gfloods/Label/image_4712.png
image_4244,data/datasets/s1gfloods/A/image_4244.png,data/datasets/s1gfloods/B/image_4244.png,data/datasets/s1gfloods/Label/image_4244.png
image_5093,data/datasets/s1gfloods/A/image_5093.png,data/datasets/s1gfloods/B/image_5093.png,data/datasets/s1gfloods/Label/image_5093.png
image_4243,data/datasets/s1gfloods/A/image_4243.png,data/datasets/s1gfloods/B/image_4243.png,data/datasets/s1gfloods/Label/image_4243.png
image_4129,data/datasets/s1gfloods/A/image_4129.png,data/datasets/s1gfloods/B/image_4129.png,data/datasets/s1gfloods/Label/image_4129.png
image_367,data/datasets/s1gfloods/A/image_367.png,data/datasets/s1gfloods/B/image_367.png,data/datasets/s1gfloods/Label/image_367.png
image_5354,data/datasets/s1gfloods/A/image_5354.png,data/datasets/s1gfloods/B/image_5354.png,data/datasets/s1gfloods/Label/image_5354.png
image_272,data/datasets/s1gfloods/A/image_272.png,data/datasets/s1gfloods/B/image_272.png,data/datasets/s1gfloods/Label/image_272.png
image_4964,data/datasets/s1gfloods/A/image_4964.png,data/datasets/s1gfloods/B/image_4964.png,data/datasets/s1gfloods/Label/image_4964.png
image_2288,data/datasets/s1gfloods/A/image_2288.png,data/datasets/s1gfloods/B/image_2288.png,data/datasets/s1gfloods/Label/image_2288.png
image_3485,data/datasets/s1gfloods/A/image_3485.png,data/datasets/s1gfloods/B/image_3485.png,data/datasets/s1gfloods/Label/image_3485.png
image_2864,data/datasets/s1gfloods/A/image_2864.png,data/datasets/s1gfloods/B/image_2864.png,data/datasets/s1gfloods/Label/image_2864.png
image_3134,data/datasets/s1gfloods/A/image_3134.png,data/datasets/s1gfloods/B/image_3134.png,data/datasets/s1gfloods/Label/image_3134.png
image_4772,data/datasets/s1gfloods/A/image_4772.png,data/datasets/s1gfloods/B/image_4772.png,data/datasets/s1gfloods/Label/image_4772.png
image_1189,data/datasets/s1gfloods/A/image_1189.png,data/datasets/s1gfloods/B/image_1189.png,data/datasets/s1gfloods/Label/image_1189.png
image_221,data/datasets/s1gfloods/A/image_221.png,data/datasets/s1gfloods/B/image_221.png,data/datasets/s1gfloods/Label/image_221.png
image_2557,data/datasets/s1gfloods/A/image_2557.png,data/datasets/s1gfloods/B/image_2557.png,data/datasets/s1gfloods/Label/image_2557.png
image_5238,data/datasets/s1gfloods/A/image_5238.png,data/datasets/s1gfloods/B/image_5238.png,data/datasets/s1gfloods/Label/image_5238.png
image_4952,data/datasets/s1gfloods/A/image_4952.png,data/datasets/s1gfloods/B/image_4952.png,data/datasets/s1gfloods/Label/image_4952.png
image_200,data/datasets/s1gfloods/A/image_200.png,data/datasets/s1gfloods/B/image_200.png,data/datasets/s1gfloods/Label/image_200.png
image_1431,data/datasets/s1gfloods/A/image_1431.png,data/datasets/s1gfloods/B/image_1431.png,data/datasets/s1gfloods/Label/image_1431.png
image_3204,data/datasets/s1gfloods/A/image_3204.png,data/datasets/s1gfloods/B/image_3204.png,data/datasets/s1gfloods/Label/image_3204.png
image_2736,data/datasets/s1gfloods/A/image_2736.png,data/datasets/s1gfloods/B/image_2736.png,data/datasets/s1gfloods/Label/image_2736.png
image_2839,data/datasets/s1gfloods/A/image_2839.png,data/datasets/s1gfloods/B/image_2839.png,data/datasets/s1gfloods/Label/image_2839.png
image_4644,data/datasets/s1gfloods/A/image_4644.png,data/datasets/s1gfloods/B/image_4644.png,data/datasets/s1gfloods/Label/image_4644.png
image_1025,data/datasets/s1gfloods/A/image_1025.png,data/datasets/s1gfloods/B/image_1025.png,data/datasets/s1gfloods/Label/image_1025.png
image_4297,data/datasets/s1gfloods/A/image_4297.png,data/datasets/s1gfloods/B/image_4297.png,data/datasets/s1gfloods/Label/image_4297.png
image_2007,data/datasets/s1gfloods/A/image_2007.png,data/datasets/s1gfloods/B/image_2007.png,data/datasets/s1gfloods/Label/image_2007.png
image_5057,data/datasets/s1gfloods/A/image_5057.png,data/datasets/s1gfloods/B/image_5057.png,data/datasets/s1gfloods/Label/image_5057.png
image_2045,data/datasets/s1gfloods/A/image_2045.png,data/datasets/s1gfloods/B/image_2045.png,data/datasets/s1gfloods/Label/image_2045.png
image_489,data/datasets/s1gfloods/A/image_489.png,data/datasets/s1gfloods/B/image_489.png,data/datasets/s1gfloods/Label/image_489.png
image_2803,data/datasets/s1gfloods/A/image_2803.png,data/datasets/s1gfloods/B/image_2803.png,data/datasets/s1gfloods/Label/image_2803.png
image_5063,data/datasets/s1gfloods/A/image_5063.png,data/datasets/s1gfloods/B/image_5063.png,data/datasets/s1gfloods/Label/image_5063.png
image_4140,data/datasets/s1gfloods/A/image_4140.png,data/datasets/s1gfloods/B/image_4140.png,data/datasets/s1gfloods/Label/image_4140.png
image_2171,data/datasets/s1gfloods/A/image_2171.png,data/datasets/s1gfloods/B/image_2171.png,data/datasets/s1gfloods/Label/image_2171.png
image_3144,data/datasets/s1gfloods/A/image_3144.png,data/datasets/s1gfloods/B/image_3144.png,data/datasets/s1gfloods/Label/image_3144.png
image_3440,data/datasets/s1gfloods/A/image_3440.png,data/datasets/s1gfloods/B/image_3440.png,data/datasets/s1gfloods/Label/image_3440.png
image_2332,data/datasets/s1gfloods/A/image_2332.png,data/datasets/s1gfloods/B/image_2332.png,data/datasets/s1gfloods/Label/image_2332.png
image_4490,data/datasets/s1gfloods/A/image_4490.png,data/datasets/s1gfloods/B/image_4490.png,data/datasets/s1gfloods/Label/image_4490.png
image_3346,data/datasets/s1gfloods/A/image_3346.png,data/datasets/s1gfloods/B/image_3346.png,data/datasets/s1gfloods/Label/image_3346.png
image_4367,data/datasets/s1gfloods/A/image_4367.png,data/datasets/s1gfloods/B/image_4367.png,data/datasets/s1gfloods/Label/image_4367.png
image_3987,data/datasets/s1gfloods/A/image_3987.png,data/datasets/s1gfloods/B/image_3987.png,data/datasets/s1gfloods/Label/image_3987.png
image_4865,data/datasets/s1gfloods/A/image_4865.png,data/datasets/s1gfloods/B/image_4865.png,data/datasets/s1gfloods/Label/image_4865.png
image_2565,data/datasets/s1gfloods/A/image_2565.png,data/datasets/s1gfloods/B/image_2565.png,data/datasets/s1gfloods/Label/image_2565.png
image_2656,data/datasets/s1gfloods/A/image_2656.png,data/datasets/s1gfloods/B/image_2656.png,data/datasets/s1gfloods/Label/image_2656.png
image_3756,data/datasets/s1gfloods/A/image_3756.png,data/datasets/s1gfloods/B/image_3756.png,data/datasets/s1gfloods/Label/image_3756.png
image_339,data/datasets/s1gfloods/A/image_339.png,data/datasets/s1gfloods/B/image_339.png,data/datasets/s1gfloods/Label/image_339.png
image_3312,data/datasets/s1gfloods/A/image_3312.png,data/datasets/s1gfloods/B/image_3312.png,data/datasets/s1gfloods/Label/image_3312.png
image_4111,data/datasets/s1gfloods/A/image_4111.png,data/datasets/s1gfloods/B/image_4111.png,data/datasets/s1gfloods/Label/image_4111.png
image_4622,data/datasets/s1gfloods/A/image_4622.png,data/datasets/s1gfloods/B/image_4622.png,data/datasets/s1gfloods/Label/image_4622.png
image_2712,data/datasets/s1gfloods/A/image_2712.png,data/datasets/s1gfloods/B/image_2712.png,data/datasets/s1gfloods/Label/image_2712.png
image_2875,data/datasets/s1gfloods/A/image_2875.png,data/datasets/s1gfloods/B/image_2875.png,data/datasets/s1gfloods/Label/image_2875.png
image_641,data/datasets/s1gfloods/A/image_641.png,data/datasets/s1gfloods/B/image_641.png,data/datasets/s1gfloods/Label/image_641.png
image_2149,data/datasets/s1gfloods/A/image_2149.png,data/datasets/s1gfloods/B/image_2149.png,data/datasets/s1gfloods/Label/image_2149.png
image_331,data/datasets/s1gfloods/A/image_331.png,data/datasets/s1gfloods/B/image_331.png,data/datasets/s1gfloods/Label/image_331.png
image_3425,data/datasets/s1gfloods/A/image_3425.png,data/datasets/s1gfloods/B/image_3425.png,data/datasets/s1gfloods/Label/image_3425.png
image_2012,data/datasets/s1gfloods/A/image_2012.png,data/datasets/s1gfloods/B/image_2012.png,data/datasets/s1gfloods/Label/image_2012.png
image_2070,data/datasets/s1gfloods/A/image_2070.png,data/datasets/s1gfloods/B/image_2070.png,data/datasets/s1gfloods/Label/image_2070.png
image_4039,data/datasets/s1gfloods/A/image_4039.png,data/datasets/s1gfloods/B/image_4039.png,data/datasets/s1gfloods/Label/image_4039.png
image_3832,data/datasets/s1gfloods/A/image_3832.png,data/datasets/s1gfloods/B/image_3832.png,data/datasets/s1gfloods/Label/image_3832.png
image_2118,data/datasets/s1gfloods/A/image_2118.png,data/datasets/s1gfloods/B/image_2118.png,data/datasets/s1gfloods/Label/image_2118.png
image_4947,data/datasets/s1gfloods/A/image_4947.png,data/datasets/s1gfloods/B/image_4947.png,data/datasets/s1gfloods/Label/image_4947.png
image_3009,data/datasets/s1gfloods/A/image_3009.png,data/datasets/s1gfloods/B/image_3009.png,data/datasets/s1gfloods/Label/image_3009.png
image_1067,data/datasets/s1gfloods/A/image_1067.png,data/datasets/s1gfloods/B/image_1067.png,data/datasets/s1gfloods/Label/image_1067.png
image_1254,data/datasets/s1gfloods/A/image_1254.png,data/datasets/s1gfloods/B/image_1254.png,data/datasets/s1gfloods/Label/image_1254.png
image_2674,data/datasets/s1gfloods/A/image_2674.png,data/datasets/s1gfloods/B/image_2674.png,data/datasets/s1gfloods/Label/image_2674.png
image_2888,data/datasets/s1gfloods/A/image_2888.png,data/datasets/s1gfloods/B/image_2888.png,data/datasets/s1gfloods/Label/image_2888.png
image_2101,data/datasets/s1gfloods/A/image_2101.png,data/datasets/s1gfloods/B/image_2101.png,data/datasets/s1gfloods/Label/image_2101.png
image_1875,data/datasets/s1gfloods/A/image_1875.png,data/datasets/s1gfloods/B/image_1875.png,data/datasets/s1gfloods/Label/image_1875.png
image_2412,data/datasets/s1gfloods/A/image_2412.png,data/datasets/s1gfloods/B/image_2412.png,data/datasets/s1gfloods/Label/image_2412.png
image_4802,data/datasets/s1gfloods/A/image_4802.png,data/datasets/s1gfloods/B/image_4802.png,data/datasets/s1gfloods/Label/image_4802.png
image_600,data/datasets/s1gfloods/A/image_600.png,data/datasets/s1gfloods/B/image_600.png,data/datasets/s1gfloods/Label/image_600.png
image_1341,data/datasets/s1gfloods/A/image_1341.png,data/datasets/s1gfloods/B/image_1341.png,data/datasets/s1gfloods/Label/image_1341.png
image_4486,data/datasets/s1gfloods/A/image_4486.png,data/datasets/s1gfloods/B/image_4486.png,data/datasets/s1gfloods/Label/image_4486.png
image_881,data/datasets/s1gfloods/A/image_881.png,data/datasets/s1gfloods/B/image_881.png,data/datasets/s1gfloods/Label/image_881.png
image_358,data/datasets/s1gfloods/A/image_358.png,data/datasets/s1gfloods/B/image_358.png,data/datasets/s1gfloods/Label/image_358.png
image_1831,data/datasets/s1gfloods/A/image_1831.png,data/datasets/s1gfloods/B/image_1831.png,data/datasets/s1gfloods/Label/image_1831.png
image_2668,data/datasets/s1gfloods/A/image_2668.png,data/datasets/s1gfloods/B/image_2668.png,data/datasets/s1gfloods/Label/image_2668.png
image_2281,data/datasets/s1gfloods/A/image_2281.png,data/datasets/s1gfloods/B/image_2281.png,data/datasets/s1gfloods/Label/image_2281.png
image_2228,data/datasets/s1gfloods/A/image_2228.png,data/datasets/s1gfloods/B/image_2228.png,data/datasets/s1gfloods/Label/image_2228.png
image_2017,data/datasets/s1gfloods/A/image_2017.png,data/datasets/s1gfloods/B/image_2017.png,data/datasets/s1gfloods/Label/image_2017.png
image_3699,data/datasets/s1gfloods/A/image_3699.png,data/datasets/s1gfloods/B/image_3699.png,data/datasets/s1gfloods/Label/image_3699.png
image_905,data/datasets/s1gfloods/A/image_905.png,data/datasets/s1gfloods/B/image_905.png,data/datasets/s1gfloods/Label/image_905.png
image_4174,data/datasets/s1gfloods/A/image_4174.png,data/datasets/s1gfloods/B/image_4174.png,data/datasets/s1gfloods/Label/image_4174.png
image_1176,data/datasets/s1gfloods/A/image_1176.png,data/datasets/s1gfloods/B/image_1176.png,data/datasets/s1gfloods/Label/image_1176.png
image_1357,data/datasets/s1gfloods/A/image_1357.png,data/datasets/s1gfloods/B/image_1357.png,data/datasets/s1gfloods/Label/image_1357.png
image_2373,data/datasets/s1gfloods/A/image_2373.png,data/datasets/s1gfloods/B/image_2373.png,data/datasets/s1gfloods/Label/image_2373.png
image_2139,data/datasets/s1gfloods/A/image_2139.png,data/datasets/s1gfloods/B/image_2139.png,data/datasets/s1gfloods/Label/image_2139.png
image_2419,data/datasets/s1gfloods/A/image_2419.png,data/datasets/s1gfloods/B/image_2419.png,data/datasets/s1gfloods/Label/image_2419.png
image_5253,data/datasets/s1gfloods/A/image_5253.png,data/datasets/s1gfloods/B/image_5253.png,data/datasets/s1gfloods/Label/image_5253.png
image_954,data/datasets/s1gfloods/A/image_954.png,data/datasets/s1gfloods/B/image_954.png,data/datasets/s1gfloods/Label/image_954.png
image_4274,data/datasets/s1gfloods/A/image_4274.png,data/datasets/s1gfloods/B/image_4274.png,data/datasets/s1gfloods/Label/image_4274.png
image_1946,data/datasets/s1gfloods/A/image_1946.png,data/datasets/s1gfloods/B/image_1946.png,data/datasets/s1gfloods/Label/image_1946.png
image_2899,data/datasets/s1gfloods/A/image_2899.png,data/datasets/s1gfloods/B/image_2899.png,data/datasets/s1gfloods/Label/image_2899.png
image_1204,data/datasets/s1gfloods/A/image_1204.png,data/datasets/s1gfloods/B/image_1204.png,data/datasets/s1gfloods/Label/image_1204.png
image_3821,data/datasets/s1gfloods/A/image_3821.png,data/datasets/s1gfloods/B/image_3821.png,data/datasets/s1gfloods/Label/image_3821.png
image_355,data/datasets/s1gfloods/A/image_355.png,data/datasets/s1gfloods/B/image_355.png,data/datasets/s1gfloods/Label/image_355.png
image_148,data/datasets/s1gfloods/A/image_148.png,data/datasets/s1gfloods/B/image_148.png,data/datasets/s1gfloods/Label/image_148.png
image_4529,data/datasets/s1gfloods/A/image_4529.png,data/datasets/s1gfloods/B/image_4529.png,data/datasets/s1gfloods/Label/image_4529.png
image_3808,data/datasets/s1gfloods/A/image_3808.png,data/datasets/s1gfloods/B/image_3808.png,data/datasets/s1gfloods/Label/image_3808.png
image_1937,data/datasets/s1gfloods/A/image_1937.png,data/datasets/s1gfloods/B/image_1937.png,data/datasets/s1gfloods/Label/image_1937.png
image_4458,data/datasets/s1gfloods/A/image_4458.png,data/datasets/s1gfloods/B/image_4458.png,data/datasets/s1gfloods/Label/image_4458.png
image_3895,data/datasets/s1gfloods/A/image_3895.png,data/datasets/s1gfloods/B/image_3895.png,data/datasets/s1gfloods/Label/image_3895.png
image_2559,data/datasets/s1gfloods/A/image_2559.png,data/datasets/s1gfloods/B/image_2559.png,data/datasets/s1gfloods/Label/image_2559.png
image_2145,data/datasets/s1gfloods/A/image_2145.png,data/datasets/s1gfloods/B/image_2145.png,data/datasets/s1gfloods/Label/image_2145.png
image_2863,data/datasets/s1gfloods/A/image_2863.png,data/datasets/s1gfloods/B/image_2863.png,data/datasets/s1gfloods/Label/image_2863.png
image_3880,data/datasets/s1gfloods/A/image_3880.png,data/datasets/s1gfloods/B/image_3880.png,data/datasets/s1gfloods/Label/image_3880.png
image_4411,data/datasets/s1gfloods/A/image_4411.png,data/datasets/s1gfloods/B/image_4411.png,data/datasets/s1gfloods/Label/image_4411.png
image_3623,data/datasets/s1gfloods/A/image_3623.png,data/datasets/s1gfloods/B/image_3623.png,data/datasets/s1gfloods/Label/image_3623.png
image_766,data/datasets/s1gfloods/A/image_766.png,data/datasets/s1gfloods/B/image_766.png,data/datasets/s1gfloods/Label/image_766.png
image_4035,data/datasets/s1gfloods/A/image_4035.png,data/datasets/s1gfloods/B/image_4035.png,data/datasets/s1gfloods/Label/image_4035.png
image_1862,data/datasets/s1gfloods/A/image_1862.png,data/datasets/s1gfloods/B/image_1862.png,data/datasets/s1gfloods/Label/image_1862.png
image_1723,data/datasets/s1gfloods/A/image_1723.png,data/datasets/s1gfloods/B/image_1723.png,data/datasets/s1gfloods/Label/image_1723.png
image_1117,data/datasets/s1gfloods/A/image_1117.png,data/datasets/s1gfloods/B/image_1117.png,data/datasets/s1gfloods/Label/image_1117.png
image_4008,data/datasets/s1gfloods/A/image_4008.png,data/datasets/s1gfloods/B/image_4008.png,data/datasets/s1gfloods/Label/image_4008.png
image_916,data/datasets/s1gfloods/A/image_916.png,data/datasets/s1gfloods/B/image_916.png,data/datasets/s1gfloods/Label/image_916.png
image_2037,data/datasets/s1gfloods/A/image_2037.png,data/datasets/s1gfloods/B/image_2037.png,data/datasets/s1gfloods/Label/image_2037.png
image_2442,data/datasets/s1gfloods/A/image_2442.png,data/datasets/s1gfloods/B/image_2442.png,data/datasets/s1gfloods/Label/image_2442.png
image_349,data/datasets/s1gfloods/A/image_349.png,data/datasets/s1gfloods/B/image_349.png,data/datasets/s1gfloods/Label/image_349.png
image_2050,data/datasets/s1gfloods/A/image_2050.png,data/datasets/s1gfloods/B/image_2050.png,data/datasets/s1gfloods/Label/image_2050.png
image_3197,data/datasets/s1gfloods/A/image_3197.png,data/datasets/s1gfloods/B/image_3197.png,data/datasets/s1gfloods/Label/image_3197.png
image_4107,data/datasets/s1gfloods/A/image_4107.png,data/datasets/s1gfloods/B/image_4107.png,data/datasets/s1gfloods/Label/image_4107.png
image_2997,data/datasets/s1gfloods/A/image_2997.png,data/datasets/s1gfloods/B/image_2997.png,data/datasets/s1gfloods/Label/image_2997.png
image_4045,data/datasets/s1gfloods/A/image_4045.png,data/datasets/s1gfloods/B/image_4045.png,data/datasets/s1gfloods/Label/image_4045.png
image_2644,data/datasets/s1gfloods/A/image_2644.png,data/datasets/s1gfloods/B/image_2644.png,data/datasets/s1gfloods/Label/image_2644.png
image_3295,data/datasets/s1gfloods/A/image_3295.png,data/datasets/s1gfloods/B/image_3295.png,data/datasets/s1gfloods/Label/image_3295.png
image_474,data/datasets/s1gfloods/A/image_474.png,data/datasets/s1gfloods/B/image_474.png,data/datasets/s1gfloods/Label/image_474.png
image_3855,data/datasets/s1gfloods/A/image_3855.png,data/datasets/s1gfloods/B/image_3855.png,data/datasets/s1gfloods/Label/image_3855.png
image_4760,data/datasets/s1gfloods/A/image_4760.png,data/datasets/s1gfloods/B/image_4760.png,data/datasets/s1gfloods/Label/image_4760.png
image_1102,data/datasets/s1gfloods/A/image_1102.png,data/datasets/s1gfloods/B/image_1102.png,data/datasets/s1gfloods/Label/image_1102.png
image_4912,data/datasets/s1gfloods/A/image_4912.png,data/datasets/s1gfloods/B/image_4912.png,data/datasets/s1gfloods/Label/image_4912.png
image_2172,data/datasets/s1gfloods/A/image_2172.png,data/datasets/s1gfloods/B/image_2172.png,data/datasets/s1gfloods/Label/image_2172.png
image_2524,data/datasets/s1gfloods/A/image_2524.png,data/datasets/s1gfloods/B/image_2524.png,data/datasets/s1gfloods/Label/image_2524.png
image_1617,data/datasets/s1gfloods/A/image_1617.png,data/datasets/s1gfloods/B/image_1617.png,data/datasets/s1gfloods/Label/image_1617.png
image_5137,data/datasets/s1gfloods/A/image_5137.png,data/datasets/s1gfloods/B/image_5137.png,data/datasets/s1gfloods/Label/image_5137.png
image_3674,data/datasets/s1gfloods/A/image_3674.png,data/datasets/s1gfloods/B/image_3674.png,data/datasets/s1gfloods/Label/image_3674.png
image_219,data/datasets/s1gfloods/A/image_219.png,data/datasets/s1gfloods/B/image_219.png,data/datasets/s1gfloods/Label/image_219.png
image_2491,data/datasets/s1gfloods/A/image_2491.png,data/datasets/s1gfloods/B/image_2491.png,data/datasets/s1gfloods/Label/image_2491.png
image_2298,data/datasets/s1gfloods/A/image_2298.png,data/datasets/s1gfloods/B/image_2298.png,data/datasets/s1gfloods/Label/image_2298.png
image_2716,data/datasets/s1gfloods/A/image_2716.png,data/datasets/s1gfloods/B/image_2716.png,data/datasets/s1gfloods/Label/image_2716.png
image_889,data/datasets/s1gfloods/A/image_889.png,data/datasets/s1gfloods/B/image_889.png,data/datasets/s1gfloods/Label/image_889.png
image_3055,data/datasets/s1gfloods/A/image_3055.png,data/datasets/s1gfloods/B/image_3055.png,data/datasets/s1gfloods/Label/image_3055.png
image_2027,data/datasets/s1gfloods/A/image_2027.png,data/datasets/s1gfloods/B/image_2027.png,data/datasets/s1gfloods/Label/image_2027.png
image_4432,data/datasets/s1gfloods/A/image_4432.png,data/datasets/s1gfloods/B/image_4432.png,data/datasets/s1gfloods/Label/image_4432.png
image_3199,data/datasets/s1gfloods/A/image_3199.png,data/datasets/s1gfloods/B/image_3199.png,data/datasets/s1gfloods/Label/image_3199.png
image_137,data/datasets/s1gfloods/A/image_137.png,data/datasets/s1gfloods/B/image_137.png,data/datasets/s1gfloods/Label/image_137.png
image_2233,data/datasets/s1gfloods/A/image_2233.png,data/datasets/s1gfloods/B/image_2233.png,data/datasets/s1gfloods/Label/image_2233.png
image_3598,data/datasets/s1gfloods/A/image_3598.png,data/datasets/s1gfloods/B/image_3598.png,data/datasets/s1gfloods/Label/image_3598.png
image_4869,data/datasets/s1gfloods/A/image_4869.png,data/datasets/s1gfloods/B/image_4869.png,data/datasets/s1gfloods/Label/image_4869.png
image_1857,data/datasets/s1gfloods/A/image_1857.png,data/datasets/s1gfloods/B/image_1857.png,data/datasets/s1gfloods/Label/image_1857.png
image_4128,data/datasets/s1gfloods/A/image_4128.png,data/datasets/s1gfloods/B/image_4128.png,data/datasets/s1gfloods/Label/image_4128.png
image_2418,data/datasets/s1gfloods/A/image_2418.png,data/datasets/s1gfloods/B/image_2418.png,data/datasets/s1gfloods/Label/image_2418.png
image_1459,data/datasets/s1gfloods/A/image_1459.png,data/datasets/s1gfloods/B/image_1459.png,data/datasets/s1gfloods/Label/image_1459.png
image_4459,data/datasets/s1gfloods/A/image_4459.png,data/datasets/s1gfloods/B/image_4459.png,data/datasets/s1gfloods/Label/image_4459.png
image_2783,data/datasets/s1gfloods/A/image_2783.png,data/datasets/s1gfloods/B/image_2783.png,data/datasets/s1gfloods/Label/image_2783.png
image_568,data/datasets/s1gfloods/A/image_568.png,data/datasets/s1gfloods/B/image_568.png,data/datasets/s1gfloods/Label/image_568.png
image_72,data/datasets/s1gfloods/A/image_72.png,data/datasets/s1gfloods/B/image_72.png,data/datasets/s1gfloods/Label/image_72.png
image_3087,data/datasets/s1gfloods/A/image_3087.png,data/datasets/s1gfloods/B/image_3087.png,data/datasets/s1gfloods/Label/image_3087.png
image_4263,data/datasets/s1gfloods/A/image_4263.png,data/datasets/s1gfloods/B/image_4263.png,data/datasets/s1gfloods/Label/image_4263.png
image_4100,data/datasets/s1gfloods/A/image_4100.png,data/datasets/s1gfloods/B/image_4100.png,data/datasets/s1gfloods/Label/image_4100.png
image_329,data/datasets/s1gfloods/A/image_329.png,data/datasets/s1gfloods/B/image_329.png,data/datasets/s1gfloods/Label/image_329.png
image_5222,data/datasets/s1gfloods/A/image_5222.png,data/datasets/s1gfloods/B/image_5222.png,data/datasets/s1gfloods/Label/image_5222.png
image_1374,data/datasets/s1gfloods/A/image_1374.png,data/datasets/s1gfloods/B/image_1374.png,data/datasets/s1gfloods/Label/image_1374.png
image_2950,data/datasets/s1gfloods/A/image_2950.png,data/datasets/s1gfloods/B/image_2950.png,data/datasets/s1gfloods/Label/image_2950.png
image_1540,data/datasets/s1gfloods/A/image_1540.png,data/datasets/s1gfloods/B/image_1540.png,data/datasets/s1gfloods/Label/image_1540.png
image_2959,data/datasets/s1gfloods/A/image_2959.png,data/datasets/s1gfloods/B/image_2959.png,data/datasets/s1gfloods/Label/image_2959.png
image_2767,data/datasets/s1gfloods/A/image_2767.png,data/datasets/s1gfloods/B/image_2767.png,data/datasets/s1gfloods/Label/image_2767.png
image_77,data/datasets/s1gfloods/A/image_77.png,data/datasets/s1gfloods/B/image_77.png,data/datasets/s1gfloods/Label/image_77.png
image_3254,data/datasets/s1gfloods/A/image_3254.png,data/datasets/s1gfloods/B/image_3254.png,data/datasets/s1gfloods/Label/image_3254.png
image_2942,data/datasets/s1gfloods/A/image_2942.png,data/datasets/s1gfloods/B/image_2942.png,data/datasets/s1gfloods/Label/image_2942.png
image_3125,data/datasets/s1gfloods/A/image_3125.png,data/datasets/s1gfloods/B/image_3125.png,data/datasets/s1gfloods/Label/image_3125.png
image_4746,data/datasets/s1gfloods/A/image_4746.png,data/datasets/s1gfloods/B/image_4746.png,data/datasets/s1gfloods/Label/image_4746.png
image_1352,data/datasets/s1gfloods/A/image_1352.png,data/datasets/s1gfloods/B/image_1352.png,data/datasets/s1gfloods/Label/image_1352.png
image_2193,data/datasets/s1gfloods/A/image_2193.png,data/datasets/s1gfloods/B/image_2193.png,data/datasets/s1gfloods/Label/image_2193.png
image_1325,data/datasets/s1gfloods/A/image_1325.png,data/datasets/s1gfloods/B/image_1325.png,data/datasets/s1gfloods/Label/image_1325.png
image_243,data/datasets/s1gfloods/A/image_243.png,data/datasets/s1gfloods/B/image_243.png,data/datasets/s1gfloods/Label/image_243.png
image_1638,data/datasets/s1gfloods/A/image_1638.png,data/datasets/s1gfloods/B/image_1638.png,data/datasets/s1gfloods/Label/image_1638.png
image_1051,data/datasets/s1gfloods/A/image_1051.png,data/datasets/s1gfloods/B/image_1051.png,data/datasets/s1gfloods/Label/image_1051.png
image_15,data/datasets/s1gfloods/A/image_15.png,data/datasets/s1gfloods/B/image_15.png,data/datasets/s1gfloods/Label/image_15.png
image_1602,data/datasets/s1gfloods/A/image_1602.png,data/datasets/s1gfloods/B/image_1602.png,data/datasets/s1gfloods/Label/image_1602.png
image_1162,data/datasets/s1gfloods/A/image_1162.png,data/datasets/s1gfloods/B/image_1162.png,data/datasets/s1gfloods/Label/image_1162.png
image_4639,data/datasets/s1gfloods/A/image_4639.png,data/datasets/s1gfloods/B/image_4639.png,data/datasets/s1gfloods/Label/image_4639.png
image_1628,data/datasets/s1gfloods/A/image_1628.png,data/datasets/s1gfloods/B/image_1628.png,data/datasets/s1gfloods/Label/image_1628.png
image_4574,data/datasets/s1gfloods/A/image_4574.png,data/datasets/s1gfloods/B/image_4574.png,data/datasets/s1gfloods/Label/image_4574.png
image_1742,data/datasets/s1gfloods/A/image_1742.png,data/datasets/s1gfloods/B/image_1742.png,data/datasets/s1gfloods/Label/image_1742.png
image_4923,data/datasets/s1gfloods/A/image_4923.png,data/datasets/s1gfloods/B/image_4923.png,data/datasets/s1gfloods/Label/image_4923.png
image_2739,data/datasets/s1gfloods/A/image_2739.png,data/datasets/s1gfloods/B/image_2739.png,data/datasets/s1gfloods/Label/image_2739.png
image_2093,data/datasets/s1gfloods/A/image_2093.png,data/datasets/s1gfloods/B/image_2093.png,data/datasets/s1gfloods/Label/image_2093.png
image_1266,data/datasets/s1gfloods/A/image_1266.png,data/datasets/s1gfloods/B/image_1266.png,data/datasets/s1gfloods/Label/image_1266.png
image_843,data/datasets/s1gfloods/A/image_843.png,data/datasets/s1gfloods/B/image_843.png,data/datasets/s1gfloods/Label/image_843.png
image_158,data/datasets/s1gfloods/A/image_158.png,data/datasets/s1gfloods/B/image_158.png,data/datasets/s1gfloods/Label/image_158.png
image_3759,data/datasets/s1gfloods/A/image_3759.png,data/datasets/s1gfloods/B/image_3759.png,data/datasets/s1gfloods/Label/image_3759.png
image_4200,data/datasets/s1gfloods/A/image_4200.png,data/datasets/s1gfloods/B/image_4200.png,data/datasets/s1gfloods/Label/image_4200.png
image_3845,data/datasets/s1gfloods/A/image_3845.png,data/datasets/s1gfloods/B/image_3845.png,data/datasets/s1gfloods/Label/image_3845.png
image_3130,data/datasets/s1gfloods/A/image_3130.png,data/datasets/s1gfloods/B/image_3130.png,data/datasets/s1gfloods/Label/image_3130.png
image_742,data/datasets/s1gfloods/A/image_742.png,data/datasets/s1gfloods/B/image_742.png,data/datasets/s1gfloods/Label/image_742.png
image_4132,data/datasets/s1gfloods/A/image_4132.png,data/datasets/s1gfloods/B/image_4132.png,data/datasets/s1gfloods/Label/image_4132.png
image_3835,data/datasets/s1gfloods/A/image_3835.png,data/datasets/s1gfloods/B/image_3835.png,data/datasets/s1gfloods/Label/image_3835.png
image_3740,data/datasets/s1gfloods/A/image_3740.png,data/datasets/s1gfloods/B/image_3740.png,data/datasets/s1gfloods/Label/image_3740.png
image_4744,data/datasets/s1gfloods/A/image_4744.png,data/datasets/s1gfloods/B/image_4744.png,data/datasets/s1gfloods/Label/image_4744.png
image_2402,data/datasets/s1gfloods/A/image_2402.png,data/datasets/s1gfloods/B/image_2402.png,data/datasets/s1gfloods/Label/image_2402.png
image_2844,data/datasets/s1gfloods/A/image_2844.png,data/datasets/s1gfloods/B/image_2844.png,data/datasets/s1gfloods/Label/image_2844.png
image_1068,data/datasets/s1gfloods/A/image_1068.png,data/datasets/s1gfloods/B/image_1068.png,data/datasets/s1gfloods/Label/image_1068.png
image_4714,data/datasets/s1gfloods/A/image_4714.png,data/datasets/s1gfloods/B/image_4714.png,data/datasets/s1gfloods/Label/image_4714.png
image_1488,data/datasets/s1gfloods/A/image_1488.png,data/datasets/s1gfloods/B/image_1488.png,data/datasets/s1gfloods/Label/image_1488.png
image_3675,data/datasets/s1gfloods/A/image_3675.png,data/datasets/s1gfloods/B/image_3675.png,data/datasets/s1gfloods/Label/image_3675.png
image_3278,data/datasets/s1gfloods/A/image_3278.png,data/datasets/s1gfloods/B/image_3278.png,data/datasets/s1gfloods/Label/image_3278.png
image_4970,data/datasets/s1gfloods/A/image_4970.png,data/datasets/s1gfloods/B/image_4970.png,data/datasets/s1gfloods/Label/image_4970.png
image_2297,data/datasets/s1gfloods/A/image_2297.png,data/datasets/s1gfloods/B/image_2297.png,data/datasets/s1gfloods/Label/image_2297.png
image_1205,data/datasets/s1gfloods/A/image_1205.png,data/datasets/s1gfloods/B/image_1205.png,data/datasets/s1gfloods/Label/image_1205.png
image_1606,data/datasets/s1gfloods/A/image_1606.png,data/datasets/s1gfloods/B/image_1606.png,data/datasets/s1gfloods/Label/image_1606.png
image_5319,data/datasets/s1gfloods/A/image_5319.png,data/datasets/s1gfloods/B/image_5319.png,data/datasets/s1gfloods/Label/image_5319.png
image_4825,data/datasets/s1gfloods/A/image_4825.png,data/datasets/s1gfloods/B/image_4825.png,data/datasets/s1gfloods/Label/image_4825.png
image_1904,data/datasets/s1gfloods/A/image_1904.png,data/datasets/s1gfloods/B/image_1904.png,data/datasets/s1gfloods/Label/image_1904.png
image_2713,data/datasets/s1gfloods/A/image_2713.png,data/datasets/s1gfloods/B/image_2713.png,data/datasets/s1gfloods/Label/image_2713.png
image_2616,data/datasets/s1gfloods/A/image_2616.png,data/datasets/s1gfloods/B/image_2616.png,data/datasets/s1gfloods/Label/image_2616.png
image_3686,data/datasets/s1gfloods/A/image_3686.png,data/datasets/s1gfloods/B/image_3686.png,data/datasets/s1gfloods/Label/image_3686.png
image_801,data/datasets/s1gfloods/A/image_801.png,data/datasets/s1gfloods/B/image_801.png,data/datasets/s1gfloods/Label/image_801.png
image_3684,data/datasets/s1gfloods/A/image_3684.png,data/datasets/s1gfloods/B/image_3684.png,data/datasets/s1gfloods/Label/image_3684.png
image_4823,data/datasets/s1gfloods/A/image_4823.png,data/datasets/s1gfloods/B/image_4823.png,data/datasets/s1gfloods/Label/image_4823.png
image_5,data/datasets/s1gfloods/A/image_5.png,data/datasets/s1gfloods/B/image_5.png,data/datasets/s1gfloods/Label/image_5.png
image_2117,data/datasets/s1gfloods/A/image_2117.png,data/datasets/s1gfloods/B/image_2117.png,data/datasets/s1gfloods/Label/image_2117.png
image_4444,data/datasets/s1gfloods/A/image_4444.png,data/datasets/s1gfloods/B/image_4444.png,data/datasets/s1gfloods/Label/image_4444.png
image_4154,data/datasets/s1gfloods/A/image_4154.png,data/datasets/s1gfloods/B/image_4154.png,data/datasets/s1gfloods/Label/image_4154.png
image_2962,data/datasets/s1gfloods/A/image_2962.png,data/datasets/s1gfloods/B/image_2962.png,data/datasets/s1gfloods/Label/image_2962.png
image_313,data/datasets/s1gfloods/A/image_313.png,data/datasets/s1gfloods/B/image_313.png,data/datasets/s1gfloods/Label/image_313.png
image_1215,data/datasets/s1gfloods/A/image_1215.png,data/datasets/s1gfloods/B/image_1215.png,data/datasets/s1gfloods/Label/image_1215.png
image_3597,data/datasets/s1gfloods/A/image_3597.png,data/datasets/s1gfloods/B/image_3597.png,data/datasets/s1gfloods/Label/image_3597.png
image_4266,data/datasets/s1gfloods/A/image_4266.png,data/datasets/s1gfloods/B/image_4266.png,data/datasets/s1gfloods/Label/image_4266.png
image_3432,data/datasets/s1gfloods/A/image_3432.png,data/datasets/s1gfloods/B/image_3432.png,data/datasets/s1gfloods/Label/image_3432.png
image_309,data/datasets/s1gfloods/A/image_309.png,data/datasets/s1gfloods/B/image_309.png,data/datasets/s1gfloods/Label/image_309.png
image_2948,data/datasets/s1gfloods/A/image_2948.png,data/datasets/s1gfloods/B/image_2948.png,data/datasets/s1gfloods/Label/image_2948.png
image_3513,data/datasets/s1gfloods/A/image_3513.png,data/datasets/s1gfloods/B/image_3513.png,data/datasets/s1gfloods/Label/image_3513.png
image_2932,data/datasets/s1gfloods/A/image_2932.png,data/datasets/s1gfloods/B/image_2932.png,data/datasets/s1gfloods/Label/image_2932.png
image_1090,data/datasets/s1gfloods/A/image_1090.png,data/datasets/s1gfloods/B/image_1090.png,data/datasets/s1gfloods/Label/image_1090.png
image_2141,data/datasets/s1gfloods/A/image_2141.png,data/datasets/s1gfloods/B/image_2141.png,data/datasets/s1gfloods/Label/image_2141.png
image_2860,data/datasets/s1gfloods/A/image_2860.png,data/datasets/s1gfloods/B/image_2860.png,data/datasets/s1gfloods/Label/image_2860.png
image_4378,data/datasets/s1gfloods/A/image_4378.png,data/datasets/s1gfloods/B/image_4378.png,data/datasets/s1gfloods/Label/image_4378.png
image_689,data/datasets/s1gfloods/A/image_689.png,data/datasets/s1gfloods/B/image_689.png,data/datasets/s1gfloods/Label/image_689.png
image_3613,data/datasets/s1gfloods/A/image_3613.png,data/datasets/s1gfloods/B/image_3613.png,data/datasets/s1gfloods/Label/image_3613.png
image_701,data/datasets/s1gfloods/A/image_701.png,data/datasets/s1gfloods/B/image_701.png,data/datasets/s1gfloods/Label/image_701.png
image_4020,data/datasets/s1gfloods/A/image_4020.png,data/datasets/s1gfloods/B/image_4020.png,data/datasets/s1gfloods/Label/image_4020.png
image_3253,data/datasets/s1gfloods/A/image_3253.png,data/datasets/s1gfloods/B/image_3253.png,data/datasets/s1gfloods/Label/image_3253.png
image_5029,data/datasets/s1gfloods/A/image_5029.png,data/datasets/s1gfloods/B/image_5029.png,data/datasets/s1gfloods/Label/image_5029.png
image_1647,data/datasets/s1gfloods/A/image_1647.png,data/datasets/s1gfloods/B/image_1647.png,data/datasets/s1gfloods/Label/image_1647.png
image_2681,data/datasets/s1gfloods/A/image_2681.png,data/datasets/s1gfloods/B/image_2681.png,data/datasets/s1gfloods/Label/image_2681.png
image_4333,data/datasets/s1gfloods/A/image_4333.png,data/datasets/s1gfloods/B/image_4333.png,data/datasets/s1gfloods/Label/image_4333.png
image_4584,data/datasets/s1gfloods/A/image_4584.png,data/datasets/s1gfloods/B/image_4584.png,data/datasets/s1gfloods/Label/image_4584.png
image_4595,data/datasets/s1gfloods/A/image_4595.png,data/datasets/s1gfloods/B/image_4595.png,data/datasets/s1gfloods/Label/image_4595.png
image_2527,data/datasets/s1gfloods/A/image_2527.png,data/datasets/s1gfloods/B/image_2527.png,data/datasets/s1gfloods/Label/image_2527.png
image_3885,data/datasets/s1gfloods/A/image_3885.png,data/datasets/s1gfloods/B/image_3885.png,data/datasets/s1gfloods/Label/image_3885.png
image_3713,data/datasets/s1gfloods/A/image_3713.png,data/datasets/s1gfloods/B/image_3713.png,data/datasets/s1gfloods/Label/image_3713.png
image_595,data/datasets/s1gfloods/A/image_595.png,data/datasets/s1gfloods/B/image_595.png,data/datasets/s1gfloods/Label/image_595.png
image_4916,data/datasets/s1gfloods/A/image_4916.png,data/datasets/s1gfloods/B/image_4916.png,data/datasets/s1gfloods/Label/image_4916.png
image_1573,data/datasets/s1gfloods/A/image_1573.png,data/datasets/s1gfloods/B/image_1573.png,data/datasets/s1gfloods/Label/image_1573.png
image_520,data/datasets/s1gfloods/A/image_520.png,data/datasets/s1gfloods/B/image_520.png,data/datasets/s1gfloods/Label/image_520.png
image_5240,data/datasets/s1gfloods/A/image_5240.png,data/datasets/s1gfloods/B/image_5240.png,data/datasets/s1gfloods/Label/image_5240.png
image_1549,data/datasets/s1gfloods/A/image_1549.png,data/datasets/s1gfloods/B/image_1549.png,data/datasets/s1gfloods/Label/image_1549.png
image_2311,data/datasets/s1gfloods/A/image_2311.png,data/datasets/s1gfloods/B/image_2311.png,data/datasets/s1gfloods/Label/image_2311.png
image_4483,data/datasets/s1gfloods/A/image_4483.png,data/datasets/s1gfloods/B/image_4483.png,data/datasets/s1gfloods/Label/image_4483.png
image_278,data/datasets/s1gfloods/A/image_278.png,data/datasets/s1gfloods/B/image_278.png,data/datasets/s1gfloods/Label/image_278.png
image_2292,data/datasets/s1gfloods/A/image_2292.png,data/datasets/s1gfloods/B/image_2292.png,data/datasets/s1gfloods/Label/image_2292.png
image_4510,data/datasets/s1gfloods/A/image_4510.png,data/datasets/s1gfloods/B/image_4510.png,data/datasets/s1gfloods/Label/image_4510.png
image_1696,data/datasets/s1gfloods/A/image_1696.png,data/datasets/s1gfloods/B/image_1696.png,data/datasets/s1gfloods/Label/image_1696.png
image_4312,data/datasets/s1gfloods/A/image_4312.png,data/datasets/s1gfloods/B/image_4312.png,data/datasets/s1gfloods/Label/image_4312.png
image_4922,data/datasets/s1gfloods/A/image_4922.png,data/datasets/s1gfloods/B/image_4922.png,data/datasets/s1gfloods/Label/image_4922.png
image_4052,data/datasets/s1gfloods/A/image_4052.png,data/datasets/s1gfloods/B/image_4052.png,data/datasets/s1gfloods/Label/image_4052.png
image_1856,data/datasets/s1gfloods/A/image_1856.png,data/datasets/s1gfloods/B/image_1856.png,data/datasets/s1gfloods/Label/image_1856.png
image_5307,data/datasets/s1gfloods/A/image_5307.png,data/datasets/s1gfloods/B/image_5307.png,data/datasets/s1gfloods/Label/image_5307.png
image_573,data/datasets/s1gfloods/A/image_573.png,data/datasets/s1gfloods/B/image_573.png,data/datasets/s1gfloods/Label/image_573.png
image_3405,data/datasets/s1gfloods/A/image_3405.png,data/datasets/s1gfloods/B/image_3405.png,data/datasets/s1gfloods/Label/image_3405.png
image_5161,data/datasets/s1gfloods/A/image_5161.png,data/datasets/s1gfloods/B/image_5161.png,data/datasets/s1gfloods/Label/image_5161.png
image_2687,data/datasets/s1gfloods/A/image_2687.png,data/datasets/s1gfloods/B/image_2687.png,data/datasets/s1gfloods/Label/image_2687.png
image_4988,data/datasets/s1gfloods/A/image_4988.png,data/datasets/s1gfloods/B/image_4988.png,data/datasets/s1gfloods/Label/image_4988.png
image_5150,data/datasets/s1gfloods/A/image_5150.png,data/datasets/s1gfloods/B/image_5150.png,data/datasets/s1gfloods/Label/image_5150.png
image_1864,data/datasets/s1gfloods/A/image_1864.png,data/datasets/s1gfloods/B/image_1864.png,data/datasets/s1gfloods/Label/image_1864.png
image_1958,data/datasets/s1gfloods/A/image_1958.png,data/datasets/s1gfloods/B/image_1958.png,data/datasets/s1gfloods/Label/image_1958.png
image_4352,data/datasets/s1gfloods/A/image_4352.png,data/datasets/s1gfloods/B/image_4352.png,data/datasets/s1gfloods/Label/image_4352.png
image_2630,data/datasets/s1gfloods/A/image_2630.png,data/datasets/s1gfloods/B/image_2630.png,data/datasets/s1gfloods/Label/image_2630.png
image_455,data/datasets/s1gfloods/A/image_455.png,data/datasets/s1gfloods/B/image_455.png,data/datasets/s1gfloods/Label/image_455.png
image_4305,data/datasets/s1gfloods/A/image_4305.png,data/datasets/s1gfloods/B/image_4305.png,data/datasets/s1gfloods/Label/image_4305.png
image_2302,data/datasets/s1gfloods/A/image_2302.png,data/datasets/s1gfloods/B/image_2302.png,data/datasets/s1gfloods/Label/image_2302.png
image_827,data/datasets/s1gfloods/A/image_827.png,data/datasets/s1gfloods/B/image_827.png,data/datasets/s1gfloods/Label/image_827.png
image_3876,data/datasets/s1gfloods/A/image_3876.png,data/datasets/s1gfloods/B/image_3876.png,data/datasets/s1gfloods/Label/image_3876.png
image_1119,data/datasets/s1gfloods/A/image_1119.png,data/datasets/s1gfloods/B/image_1119.png,data/datasets/s1gfloods/Label/image_1119.png
image_4101,data/datasets/s1gfloods/A/image_4101.png,data/datasets/s1gfloods/B/image_4101.png,data/datasets/s1gfloods/Label/image_4101.png
image_3633,data/datasets/s1gfloods/A/image_3633.png,data/datasets/s1gfloods/B/image_3633.png,data/datasets/s1gfloods/Label/image_3633.png
image_4289,data/datasets/s1gfloods/A/image_4289.png,data/datasets/s1gfloods/B/image_4289.png,data/datasets/s1gfloods/Label/image_4289.png
image_922,data/datasets/s1gfloods/A/image_922.png,data/datasets/s1gfloods/B/image_922.png,data/datasets/s1gfloods/Label/image_922.png
image_113,data/datasets/s1gfloods/A/image_113.png,data/datasets/s1gfloods/B/image_113.png,data/datasets/s1gfloods/Label/image_113.png
image_105,data/datasets/s1gfloods/A/image_105.png,data/datasets/s1gfloods/B/image_105.png,data/datasets/s1gfloods/Label/image_105.png
image_3146,data/datasets/s1gfloods/A/image_3146.png,data/datasets/s1gfloods/B/image_3146.png,data/datasets/s1gfloods/Label/image_3146.png
image_4696,data/datasets/s1gfloods/A/image_4696.png,data/datasets/s1gfloods/B/image_4696.png,data/datasets/s1gfloods/Label/image_4696.png
image_4015,data/datasets/s1gfloods/A/image_4015.png,data/datasets/s1gfloods/B/image_4015.png,data/datasets/s1gfloods/Label/image_4015.png
image_992,data/datasets/s1gfloods/A/image_992.png,data/datasets/s1gfloods/B/image_992.png,data/datasets/s1gfloods/Label/image_992.png
image_3985,data/datasets/s1gfloods/A/image_3985.png,data/datasets/s1gfloods/B/image_3985.png,data/datasets/s1gfloods/Label/image_3985.png
image_236,data/datasets/s1gfloods/A/image_236.png,data/datasets/s1gfloods/B/image_236.png,data/datasets/s1gfloods/Label/image_236.png
image_3421,data/datasets/s1gfloods/A/image_3421.png,data/datasets/s1gfloods/B/image_3421.png,data/datasets/s1gfloods/Label/image_3421.png
image_5117,data/datasets/s1gfloods/A/image_5117.png,data/datasets/s1gfloods/B/image_5117.png,data/datasets/s1gfloods/Label/image_5117.png
image_1808,data/datasets/s1gfloods/A/image_1808.png,data/datasets/s1gfloods/B/image_1808.png,data/datasets/s1gfloods/Label/image_1808.png
image_1340,data/datasets/s1gfloods/A/image_1340.png,data/datasets/s1gfloods/B/image_1340.png,data/datasets/s1gfloods/Label/image_1340.png
image_2766,data/datasets/s1gfloods/A/image_2766.png,data/datasets/s1gfloods/B/image_2766.png,data/datasets/s1gfloods/Label/image_2766.png
image_292,data/datasets/s1gfloods/A/image_292.png,data/datasets/s1gfloods/B/image_292.png,data/datasets/s1gfloods/Label/image_292.png
image_5300,data/datasets/s1gfloods/A/image_5300.png,data/datasets/s1gfloods/B/image_5300.png,data/datasets/s1gfloods/Label/image_5300.png
image_695,data/datasets/s1gfloods/A/image_695.png,data/datasets/s1gfloods/B/image_695.png,data/datasets/s1gfloods/Label/image_695.png
image_4606,data/datasets/s1gfloods/A/image_4606.png,data/datasets/s1gfloods/B/image_4606.png,data/datasets/s1gfloods/Label/image_4606.png
image_4904,data/datasets/s1gfloods/A/image_4904.png,data/datasets/s1gfloods/B/image_4904.png,data/datasets/s1gfloods/Label/image_4904.png
image_2064,data/datasets/s1gfloods/A/image_2064.png,data/datasets/s1gfloods/B/image_2064.png,data/datasets/s1gfloods/Label/image_2064.png
image_3802,data/datasets/s1gfloods/A/image_3802.png,data/datasets/s1gfloods/B/image_3802.png,data/datasets/s1gfloods/Label/image_3802.png
image_29,data/datasets/s1gfloods/A/image_29.png,data/datasets/s1gfloods/B/image_29.png,data/datasets/s1gfloods/Label/image_29.png
image_2583,data/datasets/s1gfloods/A/image_2583.png,data/datasets/s1gfloods/B/image_2583.png,data/datasets/s1gfloods/Label/image_2583.png
image_5330,data/datasets/s1gfloods/A/image_5330.png,data/datasets/s1gfloods/B/image_5330.png,data/datasets/s1gfloods/Label/image_5330.png
image_3687,data/datasets/s1gfloods/A/image_3687.png,data/datasets/s1gfloods/B/image_3687.png,data/datasets/s1gfloods/Label/image_3687.png
image_1262,data/datasets/s1gfloods/A/image_1262.png,data/datasets/s1gfloods/B/image_1262.png,data/datasets/s1gfloods/Label/image_1262.png
image_336,data/datasets/s1gfloods/A/image_336.png,data/datasets/s1gfloods/B/image_336.png,data/datasets/s1gfloods/Label/image_336.png
image_3971,data/datasets/s1gfloods/A/image_3971.png,data/datasets/s1gfloods/B/image_3971.png,data/datasets/s1gfloods/Label/image_3971.png
image_4059,data/datasets/s1gfloods/A/image_4059.png,data/datasets/s1gfloods/B/image_4059.png,data/datasets/s1gfloods/Label/image_4059.png
image_1816,data/datasets/s1gfloods/A/image_1816.png,data/datasets/s1gfloods/B/image_1816.png,data/datasets/s1gfloods/Label/image_1816.png
image_5274,data/datasets/s1gfloods/A/image_5274.png,data/datasets/s1gfloods/B/image_5274.png,data/datasets/s1gfloods/Label/image_5274.png
image_4990,data/datasets/s1gfloods/A/image_4990.png,data/datasets/s1gfloods/B/image_4990.png,data/datasets/s1gfloods/Label/image_4990.png
image_2896,data/datasets/s1gfloods/A/image_2896.png,data/datasets/s1gfloods/B/image_2896.png,data/datasets/s1gfloods/Label/image_2896.png
image_3596,data/datasets/s1gfloods/A/image_3596.png,data/datasets/s1gfloods/B/image_3596.png,data/datasets/s1gfloods/Label/image_3596.png
image_4499,data/datasets/s1gfloods/A/image_4499.png,data/datasets/s1gfloods/B/image_4499.png,data/datasets/s1gfloods/Label/image_4499.png
image_5210,data/datasets/s1gfloods/A/image_5210.png,data/datasets/s1gfloods/B/image_5210.png,data/datasets/s1gfloods/Label/image_5210.png
image_5313,data/datasets/s1gfloods/A/image_5313.png,data/datasets/s1gfloods/B/image_5313.png,data/datasets/s1gfloods/Label/image_5313.png
image_3135,data/datasets/s1gfloods/A/image_3135.png,data/datasets/s1gfloods/B/image_3135.png,data/datasets/s1gfloods/Label/image_3135.png
image_955,data/datasets/s1gfloods/A/image_955.png,data/datasets/s1gfloods/B/image_955.png,data/datasets/s1gfloods/Label/image_955.png
image_5287,data/datasets/s1gfloods/A/image_5287.png,data/datasets/s1gfloods/B/image_5287.png,data/datasets/s1gfloods/Label/image_5287.png
image_1996,data/datasets/s1gfloods/A/image_1996.png,data/datasets/s1gfloods/B/image_1996.png,data/datasets/s1gfloods/Label/image_1996.png
image_3806,data/datasets/s1gfloods/A/image_3806.png,data/datasets/s1gfloods/B/image_3806.png,data/datasets/s1gfloods/Label/image_3806.png
image_1532,data/datasets/s1gfloods/A/image_1532.png,data/datasets/s1gfloods/B/image_1532.png,data/datasets/s1gfloods/Label/image_1532.png
image_691,data/datasets/s1gfloods/A/image_691.png,data/datasets/s1gfloods/B/image_691.png,data/datasets/s1gfloods/Label/image_691.png
image_3501,data/datasets/s1gfloods/A/image_3501.png,data/datasets/s1gfloods/B/image_3501.png,data/datasets/s1gfloods/Label/image_3501.png
image_4043,data/datasets/s1gfloods/A/image_4043.png,data/datasets/s1gfloods/B/image_4043.png,data/datasets/s1gfloods/Label/image_4043.png
image_2257,data/datasets/s1gfloods/A/image_2257.png,data/datasets/s1gfloods/B/image_2257.png,data/datasets/s1gfloods/Label/image_2257.png
image_360,data/datasets/s1gfloods/A/image_360.png,data/datasets/s1gfloods/B/image_360.png,data/datasets/s1gfloods/Label/image_360.png
image_3929,data/datasets/s1gfloods/A/image_3929.png,data/datasets/s1gfloods/B/image_3929.png,data/datasets/s1gfloods/Label/image_3929.png
image_4478,data/datasets/s1gfloods/A/image_4478.png,data/datasets/s1gfloods/B/image_4478.png,data/datasets/s1gfloods/Label/image_4478.png
image_547,data/datasets/s1gfloods/A/image_547.png,data/datasets/s1gfloods/B/image_547.png,data/datasets/s1gfloods/Label/image_547.png
image_5234,data/datasets/s1gfloods/A/image_5234.png,data/datasets/s1gfloods/B/image_5234.png,data/datasets/s1gfloods/Label/image_5234.png
image_2647,data/datasets/s1gfloods/A/image_2647.png,data/datasets/s1gfloods/B/image_2647.png,data/datasets/s1gfloods/Label/image_2647.png
image_1752,data/datasets/s1gfloods/A/image_1752.png,data/datasets/s1gfloods/B/image_1752.png,data/datasets/s1gfloods/Label/image_1752.png
image_1523,data/datasets/s1gfloods/A/image_1523.png,data/datasets/s1gfloods/B/image_1523.png,data/datasets/s1gfloods/Label/image_1523.png
image_2887,data/datasets/s1gfloods/A/image_2887.png,data/datasets/s1gfloods/B/image_2887.png,data/datasets/s1gfloods/Label/image_2887.png
image_2028,data/datasets/s1gfloods/A/image_2028.png,data/datasets/s1gfloods/B/image_2028.png,data/datasets/s1gfloods/Label/image_2028.png
image_2773,data/datasets/s1gfloods/A/image_2773.png,data/datasets/s1gfloods/B/image_2773.png,data/datasets/s1gfloods/Label/image_2773.png
image_506,data/datasets/s1gfloods/A/image_506.png,data/datasets/s1gfloods/B/image_506.png,data/datasets/s1gfloods/Label/image_506.png
image_2239,data/datasets/s1gfloods/A/image_2239.png,data/datasets/s1gfloods/B/image_2239.png,data/datasets/s1gfloods/Label/image_2239.png
image_293,data/datasets/s1gfloods/A/image_293.png,data/datasets/s1gfloods/B/image_293.png,data/datasets/s1gfloods/Label/image_293.png
image_2195,data/datasets/s1gfloods/A/image_2195.png,data/datasets/s1gfloods/B/image_2195.png,data/datasets/s1gfloods/Label/image_2195.png
image_5337,data/datasets/s1gfloods/A/image_5337.png,data/datasets/s1gfloods/B/image_5337.png,data/datasets/s1gfloods/Label/image_5337.png
image_2215,data/datasets/s1gfloods/A/image_2215.png,data/datasets/s1gfloods/B/image_2215.png,data/datasets/s1gfloods/Label/image_2215.png
image_728,data/datasets/s1gfloods/A/image_728.png,data/datasets/s1gfloods/B/image_728.png,data/datasets/s1gfloods/Label/image_728.png
image_1264,data/datasets/s1gfloods/A/image_1264.png,data/datasets/s1gfloods/B/image_1264.png,data/datasets/s1gfloods/Label/image_1264.png
image_3630,data/datasets/s1gfloods/A/image_3630.png,data/datasets/s1gfloods/B/image_3630.png,data/datasets/s1gfloods/Label/image_3630.png
image_4000,data/datasets/s1gfloods/A/image_4000.png,data/datasets/s1gfloods/B/image_4000.png,data/datasets/s1gfloods/Label/image_4000.png
image_1381,data/datasets/s1gfloods/A/image_1381.png,data/datasets/s1gfloods/B/image_1381.png,data/datasets/s1gfloods/Label/image_1381.png
image_4831,data/datasets/s1gfloods/A/image_4831.png,data/datasets/s1gfloods/B/image_4831.png,data/datasets/s1gfloods/Label/image_4831.png
image_276,data/datasets/s1gfloods/A/image_276.png,data/datasets/s1gfloods/B/image_276.png,data/datasets/s1gfloods/Label/image_276.png
image_1684,data/datasets/s1gfloods/A/image_1684.png,data/datasets/s1gfloods/B/image_1684.png,data/datasets/s1gfloods/Label/image_1684.png
image_4180,data/datasets/s1gfloods/A/image_4180.png,data/datasets/s1gfloods/B/image_4180.png,data/datasets/s1gfloods/Label/image_4180.png
image_2747,data/datasets/s1gfloods/A/image_2747.png,data/datasets/s1gfloods/B/image_2747.png,data/datasets/s1gfloods/Label/image_2747.png
image_771,data/datasets/s1gfloods/A/image_771.png,data/datasets/s1gfloods/B/image_771.png,data/datasets/s1gfloods/Label/image_771.png
image_436,data/datasets/s1gfloods/A/image_436.png,data/datasets/s1gfloods/B/image_436.png,data/datasets/s1gfloods/Label/image_436.png
image_2042,data/datasets/s1gfloods/A/image_2042.png,data/datasets/s1gfloods/B/image_2042.png,data/datasets/s1gfloods/Label/image_2042.png
image_1942,data/datasets/s1gfloods/A/image_1942.png,data/datasets/s1gfloods/B/image_1942.png,data/datasets/s1gfloods/Label/image_1942.png
image_3288,data/datasets/s1gfloods/A/image_3288.png,data/datasets/s1gfloods/B/image_3288.png,data/datasets/s1gfloods/Label/image_3288.png
image_3123,data/datasets/s1gfloods/A/image_3123.png,data/datasets/s1gfloods/B/image_3123.png,data/datasets/s1gfloods/Label/image_3123.png
image_192,data/datasets/s1gfloods/A/image_192.png,data/datasets/s1gfloods/B/image_192.png,data/datasets/s1gfloods/Label/image_192.png
image_1472,data/datasets/s1gfloods/A/image_1472.png,data/datasets/s1gfloods/B/image_1472.png,data/datasets/s1gfloods/Label/image_1472.png
image_4117,data/datasets/s1gfloods/A/image_4117.png,data/datasets/s1gfloods/B/image_4117.png,data/datasets/s1gfloods/Label/image_4117.png
image_1543,data/datasets/s1gfloods/A/image_1543.png,data/datasets/s1gfloods/B/image_1543.png,data/datasets/s1gfloods/Label/image_1543.png
image_501,data/datasets/s1gfloods/A/image_501.png,data/datasets/s1gfloods/B/image_501.png,data/datasets/s1gfloods/Label/image_501.png
image_2845,data/datasets/s1gfloods/A/image_2845.png,data/datasets/s1gfloods/B/image_2845.png,data/datasets/s1gfloods/Label/image_2845.png
image_2279,data/datasets/s1gfloods/A/image_2279.png,data/datasets/s1gfloods/B/image_2279.png,data/datasets/s1gfloods/Label/image_2279.png
image_4660,data/datasets/s1gfloods/A/image_4660.png,data/datasets/s1gfloods/B/image_4660.png,data/datasets/s1gfloods/Label/image_4660.png
image_4487,data/datasets/s1gfloods/A/image_4487.png,data/datasets/s1gfloods/B/image_4487.png,data/datasets/s1gfloods/Label/image_4487.png
image_261,data/datasets/s1gfloods/A/image_261.png,data/datasets/s1gfloods/B/image_261.png,data/datasets/s1gfloods/Label/image_261.png
image_1804,data/datasets/s1gfloods/A/image_1804.png,data/datasets/s1gfloods/B/image_1804.png,data/datasets/s1gfloods/Label/image_1804.png
image_362,data/datasets/s1gfloods/A/image_362.png,data/datasets/s1gfloods/B/image_362.png,data/datasets/s1gfloods/Label/image_362.png
image_1826,data/datasets/s1gfloods/A/image_1826.png,data/datasets/s1gfloods/B/image_1826.png,data/datasets/s1gfloods/Label/image_1826.png
image_5244,data/datasets/s1gfloods/A/image_5244.png,data/datasets/s1gfloods/B/image_5244.png,data/datasets/s1gfloods/Label/image_5244.png
image_2793,data/datasets/s1gfloods/A/image_2793.png,data/datasets/s1gfloods/B/image_2793.png,data/datasets/s1gfloods/Label/image_2793.png
image_923,data/datasets/s1gfloods/A/image_923.png,data/datasets/s1gfloods/B/image_923.png,data/datasets/s1gfloods/Label/image_923.png
image_2740,data/datasets/s1gfloods/A/image_2740.png,data/datasets/s1gfloods/B/image_2740.png,data/datasets/s1gfloods/Label/image_2740.png
image_1689,data/datasets/s1gfloods/A/image_1689.png,data/datasets/s1gfloods/B/image_1689.png,data/datasets/s1gfloods/Label/image_1689.png
image_2755,data/datasets/s1gfloods/A/image_2755.png,data/datasets/s1gfloods/B/image_2755.png,data/datasets/s1gfloods/Label/image_2755.png
image_5299,data/datasets/s1gfloods/A/image_5299.png,data/datasets/s1gfloods/B/image_5299.png,data/datasets/s1gfloods/Label/image_5299.png
image_289,data/datasets/s1gfloods/A/image_289.png,data/datasets/s1gfloods/B/image_289.png,data/datasets/s1gfloods/Label/image_289.png
image_4347,data/datasets/s1gfloods/A/image_4347.png,data/datasets/s1gfloods/B/image_4347.png,data/datasets/s1gfloods/Label/image_4347.png
image_3234,data/datasets/s1gfloods/A/image_3234.png,data/datasets/s1gfloods/B/image_3234.png,data/datasets/s1gfloods/Label/image_3234.png
image_4686,data/datasets/s1gfloods/A/image_4686.png,data/datasets/s1gfloods/B/image_4686.png,data/datasets/s1gfloods/Label/image_4686.png
image_835,data/datasets/s1gfloods/A/image_835.png,data/datasets/s1gfloods/B/image_835.png,data/datasets/s1gfloods/Label/image_835.png
image_2873,data/datasets/s1gfloods/A/image_2873.png,data/datasets/s1gfloods/B/image_2873.png,data/datasets/s1gfloods/Label/image_2873.png
image_814,data/datasets/s1gfloods/A/image_814.png,data/datasets/s1gfloods/B/image_814.png,data/datasets/s1gfloods/Label/image_814.png
image_1425,data/datasets/s1gfloods/A/image_1425.png,data/datasets/s1gfloods/B/image_1425.png,data/datasets/s1gfloods/Label/image_1425.png
image_3456,data/datasets/s1gfloods/A/image_3456.png,data/datasets/s1gfloods/B/image_3456.png,data/datasets/s1gfloods/Label/image_3456.png
image_5184,data/datasets/s1gfloods/A/image_5184.png,data/datasets/s1gfloods/B/image_5184.png,data/datasets/s1gfloods/Label/image_5184.png
image_3669,data/datasets/s1gfloods/A/image_3669.png,data/datasets/s1gfloods/B/image_3669.png,data/datasets/s1gfloods/Label/image_3669.png
image_1105,data/datasets/s1gfloods/A/image_1105.png,data/datasets/s1gfloods/B/image_1105.png,data/datasets/s1gfloods/Label/image_1105.png
image_3809,data/datasets/s1gfloods/A/image_3809.png,data/datasets/s1gfloods/B/image_3809.png,data/datasets/s1gfloods/Label/image_3809.png
image_1903,data/datasets/s1gfloods/A/image_1903.png,data/datasets/s1gfloods/B/image_1903.png,data/datasets/s1gfloods/Label/image_1903.png
image_2880,data/datasets/s1gfloods/A/image_2880.png,data/datasets/s1gfloods/B/image_2880.png,data/datasets/s1gfloods/Label/image_2880.png
image_2686,data/datasets/s1gfloods/A/image_2686.png,data/datasets/s1gfloods/B/image_2686.png,data/datasets/s1gfloods/Label/image_2686.png
image_3742,data/datasets/s1gfloods/A/image_3742.png,data/datasets/s1gfloods/B/image_3742.png,data/datasets/s1gfloods/Label/image_3742.png
image_758,data/datasets/s1gfloods/A/image_758.png,data/datasets/s1gfloods/B/image_758.png,data/datasets/s1gfloods/Label/image_758.png
image_300,data/datasets/s1gfloods/A/image_300.png,data/datasets/s1gfloods/B/image_300.png,data/datasets/s1gfloods/Label/image_300.png
image_3497,data/datasets/s1gfloods/A/image_3497.png,data/datasets/s1gfloods/B/image_3497.png,data/datasets/s1gfloods/Label/image_3497.png
image_1519,data/datasets/s1gfloods/A/image_1519.png,data/datasets/s1gfloods/B/image_1519.png,data/datasets/s1gfloods/Label/image_1519.png
image_270,data/datasets/s1gfloods/A/image_270.png,data/datasets/s1gfloods/B/image_270.png,data/datasets/s1gfloods/Label/image_270.png
image_230,data/datasets/s1gfloods/A/image_230.png,data/datasets/s1gfloods/B/image_230.png,data/datasets/s1gfloods/Label/image_230.png
image_4693,data/datasets/s1gfloods/A/image_4693.png,data/datasets/s1gfloods/B/image_4693.png,data/datasets/s1gfloods/Label/image_4693.png
image_4301,data/datasets/s1gfloods/A/image_4301.png,data/datasets/s1gfloods/B/image_4301.png,data/datasets/s1gfloods/Label/image_4301.png
image_4852,data/datasets/s1gfloods/A/image_4852.png,data/datasets/s1gfloods/B/image_4852.png,data/datasets/s1gfloods/Label/image_4852.png
image_1415,data/datasets/s1gfloods/A/image_1415.png,data/datasets/s1gfloods/B/image_1415.png,data/datasets/s1gfloods/Label/image_1415.png
image_554,data/datasets/s1gfloods/A/image_554.png,data/datasets/s1gfloods/B/image_554.png,data/datasets/s1gfloods/Label/image_554.png
image_3051,data/datasets/s1gfloods/A/image_3051.png,data/datasets/s1gfloods/B/image_3051.png,data/datasets/s1gfloods/Label/image_3051.png
image_2652,data/datasets/s1gfloods/A/image_2652.png,data/datasets/s1gfloods/B/image_2652.png,data/datasets/s1gfloods/Label/image_2652.png
image_1198,data/datasets/s1gfloods/A/image_1198.png,data/datasets/s1gfloods/B/image_1198.png,data/datasets/s1gfloods/Label/image_1198.png
image_3142,data/datasets/s1gfloods/A/image_3142.png,data/datasets/s1gfloods/B/image_3142.png,data/datasets/s1gfloods/Label/image_3142.png
image_4608,data/datasets/s1gfloods/A/image_4608.png,data/datasets/s1gfloods/B/image_4608.png,data/datasets/s1gfloods/Label/image_4608.png
image_1690,data/datasets/s1gfloods/A/image_1690.png,data/datasets/s1gfloods/B/image_1690.png,data/datasets/s1gfloods/Label/image_1690.png
image_4624,data/datasets/s1gfloods/A/image_4624.png,data/datasets/s1gfloods/B/image_4624.png,data/datasets/s1gfloods/Label/image_4624.png
image_5158,data/datasets/s1gfloods/A/image_5158.png,data/datasets/s1gfloods/B/image_5158.png,data/datasets/s1gfloods/Label/image_5158.png
image_5328,data/datasets/s1gfloods/A/image_5328.png,data/datasets/s1gfloods/B/image_5328.png,data/datasets/s1gfloods/Label/image_5328.png
image_3073,data/datasets/s1gfloods/A/image_3073.png,data/datasets/s1gfloods/B/image_3073.png,data/datasets/s1gfloods/Label/image_3073.png
image_2710,data/datasets/s1gfloods/A/image_2710.png,data/datasets/s1gfloods/B/image_2710.png,data/datasets/s1gfloods/Label/image_2710.png
image_4364,data/datasets/s1gfloods/A/image_4364.png,data/datasets/s1gfloods/B/image_4364.png,data/datasets/s1gfloods/Label/image_4364.png
image_5017,data/datasets/s1gfloods/A/image_5017.png,data/datasets/s1gfloods/B/image_5017.png,data/datasets/s1gfloods/Label/image_5017.png
image_4445,data/datasets/s1gfloods/A/image_4445.png,data/datasets/s1gfloods/B/image_4445.png,data/datasets/s1gfloods/Label/image_4445.png
image_1641,data/datasets/s1gfloods/A/image_1641.png,data/datasets/s1gfloods/B/image_1641.png,data/datasets/s1gfloods/Label/image_1641.png
image_3248,data/datasets/s1gfloods/A/image_3248.png,data/datasets/s1gfloods/B/image_3248.png,data/datasets/s1gfloods/Label/image_3248.png
image_5327,data/datasets/s1gfloods/A/image_5327.png,data/datasets/s1gfloods/B/image_5327.png,data/datasets/s1gfloods/Label/image_5327.png
image_2486,data/datasets/s1gfloods/A/image_2486.png,data/datasets/s1gfloods/B/image_2486.png,data/datasets/s1gfloods/Label/image_2486.png
image_139,data/datasets/s1gfloods/A/image_139.png,data/datasets/s1gfloods/B/image_139.png,data/datasets/s1gfloods/Label/image_139.png
image_1626,data/datasets/s1gfloods/A/image_1626.png,data/datasets/s1gfloods/B/image_1626.png,data/datasets/s1gfloods/Label/image_1626.png
image_463,data/datasets/s1gfloods/A/image_463.png,data/datasets/s1gfloods/B/image_463.png,data/datasets/s1gfloods/Label/image_463.png
image_389,data/datasets/s1gfloods/A/image_389.png,data/datasets/s1gfloods/B/image_389.png,data/datasets/s1gfloods/Label/image_389.png
image_4543,data/datasets/s1gfloods/A/image_4543.png,data/datasets/s1gfloods/B/image_4543.png,data/datasets/s1gfloods/Label/image_4543.png
image_953,data/datasets/s1gfloods/A/image_953.png,data/datasets/s1gfloods/B/image_953.png,data/datasets/s1gfloods/Label/image_953.png
image_3822,data/datasets/s1gfloods/A/image_3822.png,data/datasets/s1gfloods/B/image_3822.png,data/datasets/s1gfloods/Label/image_3822.png
image_3838,data/datasets/s1gfloods/A/image_3838.png,data/datasets/s1gfloods/B/image_3838.png,data/datasets/s1gfloods/Label/image_3838.png
image_2351,data/datasets/s1gfloods/A/image_2351.png,data/datasets/s1gfloods/B/image_2351.png,data/datasets/s1gfloods/Label/image_2351.png
image_1959,data/datasets/s1gfloods/A/image_1959.png,data/datasets/s1gfloods/B/image_1959.png,data/datasets/s1gfloods/Label/image_1959.png
image_2794,data/datasets/s1gfloods/A/image_2794.png,data/datasets/s1gfloods/B/image_2794.png,data/datasets/s1gfloods/Label/image_2794.png
image_4341,data/datasets/s1gfloods/A/image_4341.png,data/datasets/s1gfloods/B/image_4341.png,data/datasets/s1gfloods/Label/image_4341.png
image_2741,data/datasets/s1gfloods/A/image_2741.png,data/datasets/s1gfloods/B/image_2741.png,data/datasets/s1gfloods/Label/image_2741.png
image_3084,data/datasets/s1gfloods/A/image_3084.png,data/datasets/s1gfloods/B/image_3084.png,data/datasets/s1gfloods/Label/image_3084.png
image_2967,data/datasets/s1gfloods/A/image_2967.png,data/datasets/s1gfloods/B/image_2967.png,data/datasets/s1gfloods/Label/image_2967.png
image_3378,data/datasets/s1gfloods/A/image_3378.png,data/datasets/s1gfloods/B/image_3378.png,data/datasets/s1gfloods/Label/image_3378.png
image_4031,data/datasets/s1gfloods/A/image_4031.png,data/datasets/s1gfloods/B/image_4031.png,data/datasets/s1gfloods/Label/image_4031.png
image_4420,data/datasets/s1gfloods/A/image_4420.png,data/datasets/s1gfloods/B/image_4420.png,data/datasets/s1gfloods/Label/image_4420.png
image_1922,data/datasets/s1gfloods/A/image_1922.png,data/datasets/s1gfloods/B/image_1922.png,data/datasets/s1gfloods/Label/image_1922.png
image_5149,data/datasets/s1gfloods/A/image_5149.png,data/datasets/s1gfloods/B/image_5149.png,data/datasets/s1gfloods/Label/image_5149.png
image_4166,data/datasets/s1gfloods/A/image_4166.png,data/datasets/s1gfloods/B/image_4166.png,data/datasets/s1gfloods/Label/image_4166.png
image_4270,data/datasets/s1gfloods/A/image_4270.png,data/datasets/s1gfloods/B/image_4270.png,data/datasets/s1gfloods/Label/image_4270.png
image_439,data/datasets/s1gfloods/A/image_439.png,data/datasets/s1gfloods/B/image_439.png,data/datasets/s1gfloods/Label/image_439.png
image_351,data/datasets/s1gfloods/A/image_351.png,data/datasets/s1gfloods/B/image_351.png,data/datasets/s1gfloods/Label/image_351.png
image_4974,data/datasets/s1gfloods/A/image_4974.png,data/datasets/s1gfloods/B/image_4974.png,data/datasets/s1gfloods/Label/image_4974.png
image_14,data/datasets/s1gfloods/A/image_14.png,data/datasets/s1gfloods/B/image_14.png,data/datasets/s1gfloods/Label/image_14.png
image_4469,data/datasets/s1gfloods/A/image_4469.png,data/datasets/s1gfloods/B/image_4469.png,data/datasets/s1gfloods/Label/image_4469.png
image_4473,data/datasets/s1gfloods/A/image_4473.png,data/datasets/s1gfloods/B/image_4473.png,data/datasets/s1gfloods/Label/image_4473.png
image_1293,data/datasets/s1gfloods/A/image_1293.png,data/datasets/s1gfloods/B/image_1293.png,data/datasets/s1gfloods/Label/image_1293.png
image_3888,data/datasets/s1gfloods/A/image_3888.png,data/datasets/s1gfloods/B/image_3888.png,data/datasets/s1gfloods/Label/image_3888.png
image_1387,data/datasets/s1gfloods/A/image_1387.png,data/datasets/s1gfloods/B/image_1387.png,data/datasets/s1gfloods/Label/image_1387.png
image_1291,data/datasets/s1gfloods/A/image_1291.png,data/datasets/s1gfloods/B/image_1291.png,data/datasets/s1gfloods/Label/image_1291.png
image_2986,data/datasets/s1gfloods/A/image_2986.png,data/datasets/s1gfloods/B/image_2986.png,data/datasets/s1gfloods/Label/image_2986.png
image_4169,data/datasets/s1gfloods/A/image_4169.png,data/datasets/s1gfloods/B/image_4169.png,data/datasets/s1gfloods/Label/image_4169.png
image_1446,data/datasets/s1gfloods/A/image_1446.png,data/datasets/s1gfloods/B/image_1446.png,data/datasets/s1gfloods/Label/image_1446.png
image_4138,data/datasets/s1gfloods/A/image_4138.png,data/datasets/s1gfloods/B/image_4138.png,data/datasets/s1gfloods/Label/image_4138.png
image_1829,data/datasets/s1gfloods/A/image_1829.png,data/datasets/s1gfloods/B/image_1829.png,data/datasets/s1gfloods/Label/image_1829.png
image_4946,data/datasets/s1gfloods/A/image_4946.png,data/datasets/s1gfloods/B/image_4946.png,data/datasets/s1gfloods/Label/image_4946.png
image_802,data/datasets/s1gfloods/A/image_802.png,data/datasets/s1gfloods/B/image_802.png,data/datasets/s1gfloods/Label/image_802.png
image_3952,data/datasets/s1gfloods/A/image_3952.png,data/datasets/s1gfloods/B/image_3952.png,data/datasets/s1gfloods/Label/image_3952.png
image_1157,data/datasets/s1gfloods/A/image_1157.png,data/datasets/s1gfloods/B/image_1157.png,data/datasets/s1gfloods/Label/image_1157.png
image_3755,data/datasets/s1gfloods/A/image_3755.png,data/datasets/s1gfloods/B/image_3755.png,data/datasets/s1gfloods/Label/image_3755.png
image_4472,data/datasets/s1gfloods/A/image_4472.png,data/datasets/s1gfloods/B/image_4472.png,data/datasets/s1gfloods/Label/image_4472.png
image_1287,data/datasets/s1gfloods/A/image_1287.png,data/datasets/s1gfloods/B/image_1287.png,data/datasets/s1gfloods/Label/image_1287.png
image_4648,data/datasets/s1gfloods/A/image_4648.png,data/datasets/s1gfloods/B/image_4648.png,data/datasets/s1gfloods/Label/image_4648.png
image_1547,data/datasets/s1gfloods/A/image_1547.png,data/datasets/s1gfloods/B/image_1547.png,data/datasets/s1gfloods/Label/image_1547.png
image_4161,data/datasets/s1gfloods/A/image_4161.png,data/datasets/s1gfloods/B/image_4161.png,data/datasets/s1gfloods/Label/image_4161.png
image_5339,data/datasets/s1gfloods/A/image_5339.png,data/datasets/s1gfloods/B/image_5339.png,data/datasets/s1gfloods/Label/image_5339.png
image_1305,data/datasets/s1gfloods/A/image_1305.png,data/datasets/s1gfloods/B/image_1305.png,data/datasets/s1gfloods/Label/image_1305.png
image_3097,data/datasets/s1gfloods/A/image_3097.png,data/datasets/s1gfloods/B/image_3097.png,data/datasets/s1gfloods/Label/image_3097.png
image_2493,data/datasets/s1gfloods/A/image_2493.png,data/datasets/s1gfloods/B/image_2493.png,data/datasets/s1gfloods/Label/image_2493.png
image_4921,data/datasets/s1gfloods/A/image_4921.png,data/datasets/s1gfloods/B/image_4921.png,data/datasets/s1gfloods/Label/image_4921.png
image_671,data/datasets/s1gfloods/A/image_671.png,data/datasets/s1gfloods/B/image_671.png,data/datasets/s1gfloods/Label/image_671.png
image_416,data/datasets/s1gfloods/A/image_416.png,data/datasets/s1gfloods/B/image_416.png,data/datasets/s1gfloods/Label/image_416.png
image_2052,data/datasets/s1gfloods/A/image_2052.png,data/datasets/s1gfloods/B/image_2052.png,data/datasets/s1gfloods/Label/image_2052.png
image_4508,data/datasets/s1gfloods/A/image_4508.png,data/datasets/s1gfloods/B/image_4508.png,data/datasets/s1gfloods/Label/image_4508.png
image_5188,data/datasets/s1gfloods/A/image_5188.png,data/datasets/s1gfloods/B/image_5188.png,data/datasets/s1gfloods/Label/image_5188.png
image_1021,data/datasets/s1gfloods/A/image_1021.png,data/datasets/s1gfloods/B/image_1021.png,data/datasets/s1gfloods/Label/image_1021.png
image_4593,data/datasets/s1gfloods/A/image_4593.png,data/datasets/s1gfloods/B/image_4593.png,data/datasets/s1gfloods/Label/image_4593.png
image_223,data/datasets/s1gfloods/A/image_223.png,data/datasets/s1gfloods/B/image_223.png,data/datasets/s1gfloods/Label/image_223.png
image_5175,data/datasets/s1gfloods/A/image_5175.png,data/datasets/s1gfloods/B/image_5175.png,data/datasets/s1gfloods/Label/image_5175.png
image_1115,data/datasets/s1gfloods/A/image_1115.png,data/datasets/s1gfloods/B/image_1115.png,data/datasets/s1gfloods/Label/image_1115.png
image_1308,data/datasets/s1gfloods/A/image_1308.png,data/datasets/s1gfloods/B/image_1308.png,data/datasets/s1gfloods/Label/image_1308.png
image_1575,data/datasets/s1gfloods/A/image_1575.png,data/datasets/s1gfloods/B/image_1575.png,data/datasets/s1gfloods/Label/image_1575.png
image_5145,data/datasets/s1gfloods/A/image_5145.png,data/datasets/s1gfloods/B/image_5145.png,data/datasets/s1gfloods/Label/image_5145.png
image_1957,data/datasets/s1gfloods/A/image_1957.png,data/datasets/s1gfloods/B/image_1957.png,data/datasets/s1gfloods/Label/image_1957.png
image_4485,data/datasets/s1gfloods/A/image_4485.png,data/datasets/s1gfloods/B/image_4485.png,data/datasets/s1gfloods/Label/image_4485.png
image_961,data/datasets/s1gfloods/A/image_961.png,data/datasets/s1gfloods/B/image_961.png,data/datasets/s1gfloods/Label/image_961.png
image_1419,data/datasets/s1gfloods/A/image_1419.png,data/datasets/s1gfloods/B/image_1419.png,data/datasets/s1gfloods/Label/image_1419.png
image_1447,data/datasets/s1gfloods/A/image_1447.png,data/datasets/s1gfloods/B/image_1447.png,data/datasets/s1gfloods/Label/image_1447.png
image_3242,data/datasets/s1gfloods/A/image_3242.png,data/datasets/s1gfloods/B/image_3242.png,data/datasets/s1gfloods/Label/image_3242.png
image_3412,data/datasets/s1gfloods/A/image_3412.png,data/datasets/s1gfloods/B/image_3412.png,data/datasets/s1gfloods/Label/image_3412.png
image_1125,data/datasets/s1gfloods/A/image_1125.png,data/datasets/s1gfloods/B/image_1125.png,data/datasets/s1gfloods/Label/image_1125.png
image_377,data/datasets/s1gfloods/A/image_377.png,data/datasets/s1gfloods/B/image_377.png,data/datasets/s1gfloods/Label/image_377.png
image_4190,data/datasets/s1gfloods/A/image_4190.png,data/datasets/s1gfloods/B/image_4190.png,data/datasets/s1gfloods/Label/image_4190.png
image_4845,data/datasets/s1gfloods/A/image_4845.png,data/datasets/s1gfloods/B/image_4845.png,data/datasets/s1gfloods/Label/image_4845.png
image_1517,data/datasets/s1gfloods/A/image_1517.png,data/datasets/s1gfloods/B/image_1517.png,data/datasets/s1gfloods/Label/image_1517.png
image_1514,data/datasets/s1gfloods/A/image_1514.png,data/datasets/s1gfloods/B/image_1514.png,data/datasets/s1gfloods/Label/image_1514.png
image_4348,data/datasets/s1gfloods/A/image_4348.png,data/datasets/s1gfloods/B/image_4348.png,data/datasets/s1gfloods/Label/image_4348.png
image_1087,data/datasets/s1gfloods/A/image_1087.png,data/datasets/s1gfloods/B/image_1087.png,data/datasets/s1gfloods/Label/image_1087.png
image_1430,data/datasets/s1gfloods/A/image_1430.png,data/datasets/s1gfloods/B/image_1430.png,data/datasets/s1gfloods/Label/image_1430.png
image_3714,data/datasets/s1gfloods/A/image_3714.png,data/datasets/s1gfloods/B/image_3714.png,data/datasets/s1gfloods/Label/image_3714.png
image_3494,data/datasets/s1gfloods/A/image_3494.png,data/datasets/s1gfloods/B/image_3494.png,data/datasets/s1gfloods/Label/image_3494.png
image_4841,data/datasets/s1gfloods/A/image_4841.png,data/datasets/s1gfloods/B/image_4841.png,data/datasets/s1gfloods/Label/image_4841.png
image_17,data/datasets/s1gfloods/A/image_17.png,data/datasets/s1gfloods/B/image_17.png,data/datasets/s1gfloods/Label/image_17.png
image_321,data/datasets/s1gfloods/A/image_321.png,data/datasets/s1gfloods/B/image_321.png,data/datasets/s1gfloods/Label/image_321.png
image_971,data/datasets/s1gfloods/A/image_971.png,data/datasets/s1gfloods/B/image_971.png,data/datasets/s1gfloods/Label/image_971.png
image_4679,data/datasets/s1gfloods/A/image_4679.png,data/datasets/s1gfloods/B/image_4679.png,data/datasets/s1gfloods/Label/image_4679.png
image_3035,data/datasets/s1gfloods/A/image_3035.png,data/datasets/s1gfloods/B/image_3035.png,data/datasets/s1gfloods/Label/image_3035.png
image_1687,data/datasets/s1gfloods/A/image_1687.png,data/datasets/s1gfloods/B/image_1687.png,data/datasets/s1gfloods/Label/image_1687.png
image_3037,data/datasets/s1gfloods/A/image_3037.png,data/datasets/s1gfloods/B/image_3037.png,data/datasets/s1gfloods/Label/image_3037.png
image_3636,data/datasets/s1gfloods/A/image_3636.png,data/datasets/s1gfloods/B/image_3636.png,data/datasets/s1gfloods/Label/image_3636.png
image_3339,data/datasets/s1gfloods/A/image_3339.png,data/datasets/s1gfloods/B/image_3339.png,data/datasets/s1gfloods/Label/image_3339.png
image_2382,data/datasets/s1gfloods/A/image_2382.png,data/datasets/s1gfloods/B/image_2382.png,data/datasets/s1gfloods/Label/image_2382.png
image_4766,data/datasets/s1gfloods/A/image_4766.png,data/datasets/s1gfloods/B/image_4766.png,data/datasets/s1gfloods/Label/image_4766.png
image_3624,data/datasets/s1gfloods/A/image_3624.png,data/datasets/s1gfloods/B/image_3624.png,data/datasets/s1gfloods/Label/image_3624.png
image_3215,data/datasets/s1gfloods/A/image_3215.png,data/datasets/s1gfloods/B/image_3215.png,data/datasets/s1gfloods/Label/image_3215.png
image_3632,data/datasets/s1gfloods/A/image_3632.png,data/datasets/s1gfloods/B/image_3632.png,data/datasets/s1gfloods/Label/image_3632.png
image_2366,data/datasets/s1gfloods/A/image_2366.png,data/datasets/s1gfloods/B/image_2366.png,data/datasets/s1gfloods/Label/image_2366.png
image_4882,data/datasets/s1gfloods/A/image_4882.png,data/datasets/s1gfloods/B/image_4882.png,data/datasets/s1gfloods/Label/image_4882.png
image_3020,data/datasets/s1gfloods/A/image_3020.png,data/datasets/s1gfloods/B/image_3020.png,data/datasets/s1gfloods/Label/image_3020.png
image_786,data/datasets/s1gfloods/A/image_786.png,data/datasets/s1gfloods/B/image_786.png,data/datasets/s1gfloods/Label/image_786.png
image_2849,data/datasets/s1gfloods/A/image_2849.png,data/datasets/s1gfloods/B/image_2849.png,data/datasets/s1gfloods/Label/image_2849.png
image_731,data/datasets/s1gfloods/A/image_731.png,data/datasets/s1gfloods/B/image_731.png,data/datasets/s1gfloods/Label/image_731.png
image_2507,data/datasets/s1gfloods/A/image_2507.png,data/datasets/s1gfloods/B/image_2507.png,data/datasets/s1gfloods/Label/image_2507.png
image_1400,data/datasets/s1gfloods/A/image_1400.png,data/datasets/s1gfloods/B/image_1400.png,data/datasets/s1gfloods/Label/image_1400.png
image_2427,data/datasets/s1gfloods/A/image_2427.png,data/datasets/s1gfloods/B/image_2427.png,data/datasets/s1gfloods/Label/image_2427.png
image_5070,data/datasets/s1gfloods/A/image_5070.png,data/datasets/s1gfloods/B/image_5070.png,data/datasets/s1gfloods/Label/image_5070.png
image_2900,data/datasets/s1gfloods/A/image_2900.png,data/datasets/s1gfloods/B/image_2900.png,data/datasets/s1gfloods/Label/image_2900.png
image_1962,data/datasets/s1gfloods/A/image_1962.png,data/datasets/s1gfloods/B/image_1962.png,data/datasets/s1gfloods/Label/image_1962.png
image_4874,data/datasets/s1gfloods/A/image_4874.png,data/datasets/s1gfloods/B/image_4874.png,data/datasets/s1gfloods/Label/image_4874.png
image_5087,data/datasets/s1gfloods/A/image_5087.png,data/datasets/s1gfloods/B/image_5087.png,data/datasets/s1gfloods/Label/image_5087.png
image_1144,data/datasets/s1gfloods/A/image_1144.png,data/datasets/s1gfloods/B/image_1144.png,data/datasets/s1gfloods/Label/image_1144.png
image_1879,data/datasets/s1gfloods/A/image_1879.png,data/datasets/s1gfloods/B/image_1879.png,data/datasets/s1gfloods/Label/image_1879.png
image_2005,data/datasets/s1gfloods/A/image_2005.png,data/datasets/s1gfloods/B/image_2005.png,data/datasets/s1gfloods/Label/image_2005.png
image_4018,data/datasets/s1gfloods/A/image_4018.png,data/datasets/s1gfloods/B/image_4018.png,data/datasets/s1gfloods/Label/image_4018.png
image_1283,data/datasets/s1gfloods/A/image_1283.png,data/datasets/s1gfloods/B/image_1283.png,data/datasets/s1gfloods/Label/image_1283.png
image_1310,data/datasets/s1gfloods/A/image_1310.png,data/datasets/s1gfloods/B/image_1310.png,data/datasets/s1gfloods/Label/image_1310.png
image_5272,data/datasets/s1gfloods/A/image_5272.png,data/datasets/s1gfloods/B/image_5272.png,data/datasets/s1gfloods/Label/image_5272.png
image_2544,data/datasets/s1gfloods/A/image_2544.png,data/datasets/s1gfloods/B/image_2544.png,data/datasets/s1gfloods/Label/image_2544.png
image_3269,data/datasets/s1gfloods/A/image_3269.png,data/datasets/s1gfloods/B/image_3269.png,data/datasets/s1gfloods/Label/image_3269.png
image_1928,data/datasets/s1gfloods/A/image_1928.png,data/datasets/s1gfloods/B/image_1928.png,data/datasets/s1gfloods/Label/image_1928.png
image_936,data/datasets/s1gfloods/A/image_936.png,data/datasets/s1gfloods/B/image_936.png,data/datasets/s1gfloods/Label/image_936.png
image_1754,data/datasets/s1gfloods/A/image_1754.png,data/datasets/s1gfloods/B/image_1754.png,data/datasets/s1gfloods/Label/image_1754.png
image_940,data/datasets/s1gfloods/A/image_940.png,data/datasets/s1gfloods/B/image_940.png,data/datasets/s1gfloods/Label/image_940.png
image_2024,data/datasets/s1gfloods/A/image_2024.png,data/datasets/s1gfloods/B/image_2024.png,data/datasets/s1gfloods/Label/image_2024.png
image_5102,data/datasets/s1gfloods/A/image_5102.png,data/datasets/s1gfloods/B/image_5102.png,data/datasets/s1gfloods/Label/image_5102.png
image_5358,data/datasets/s1gfloods/A/image_5358.png,data/datasets/s1gfloods/B/image_5358.png,data/datasets/s1gfloods/Label/image_5358.png
image_1637,data/datasets/s1gfloods/A/image_1637.png,data/datasets/s1gfloods/B/image_1637.png,data/datasets/s1gfloods/Label/image_1637.png
image_3211,data/datasets/s1gfloods/A/image_3211.png,data/datasets/s1gfloods/B/image_3211.png,data/datasets/s1gfloods/Label/image_3211.png
image_1534,data/datasets/s1gfloods/A/image_1534.png,data/datasets/s1gfloods/B/image_1534.png,data/datasets/s1gfloods/Label/image_1534.png
image_4302,data/datasets/s1gfloods/A/image_4302.png,data/datasets/s1gfloods/B/image_4302.png,data/datasets/s1gfloods/Label/image_4302.png
image_1344,data/datasets/s1gfloods/A/image_1344.png,data/datasets/s1gfloods/B/image_1344.png,data/datasets/s1gfloods/Label/image_1344.png
image_1952,data/datasets/s1gfloods/A/image_1952.png,data/datasets/s1gfloods/B/image_1952.png,data/datasets/s1gfloods/Label/image_1952.png
image_672,data/datasets/s1gfloods/A/image_672.png,data/datasets/s1gfloods/B/image_672.png,data/datasets/s1gfloods/Label/image_672.png
image_1249,data/datasets/s1gfloods/A/image_1249.png,data/datasets/s1gfloods/B/image_1249.png,data/datasets/s1gfloods/Label/image_1249.png
image_1592,data/datasets/s1gfloods/A/image_1592.png,data/datasets/s1gfloods/B/image_1592.png,data/datasets/s1gfloods/Label/image_1592.png
image_1525,data/datasets/s1gfloods/A/image_1525.png,data/datasets/s1gfloods/B/image_1525.png,data/datasets/s1gfloods/Label/image_1525.png
image_60,data/datasets/s1gfloods/A/image_60.png,data/datasets/s1gfloods/B/image_60.png,data/datasets/s1gfloods/Label/image_60.png
image_86,data/datasets/s1gfloods/A/image_86.png,data/datasets/s1gfloods/B/image_86.png,data/datasets/s1gfloods/Label/image_86.png
image_2838,data/datasets/s1gfloods/A/image_2838.png,data/datasets/s1gfloods/B/image_2838.png,data/datasets/s1gfloods/Label/image_2838.png
image_2769,data/datasets/s1gfloods/A/image_2769.png,data/datasets/s1gfloods/B/image_2769.png,data/datasets/s1gfloods/Label/image_2769.png
image_176,data/datasets/s1gfloods/A/image_176.png,data/datasets/s1gfloods/B/image_176.png,data/datasets/s1gfloods/Label/image_176.png
image_1940,data/datasets/s1gfloods/A/image_1940.png,data/datasets/s1gfloods/B/image_1940.png,data/datasets/s1gfloods/Label/image_1940.png
image_3782,data/datasets/s1gfloods/A/image_3782.png,data/datasets/s1gfloods/B/image_3782.png,data/datasets/s1gfloods/Label/image_3782.png
image_3881,data/datasets/s1gfloods/A/image_3881.png,data/datasets/s1gfloods/B/image_3881.png,data/datasets/s1gfloods/Label/image_3881.png
image_514,data/datasets/s1gfloods/A/image_514.png,data/datasets/s1gfloods/B/image_514.png,data/datasets/s1gfloods/Label/image_514.png
image_5155,data/datasets/s1gfloods/A/image_5155.png,data/datasets/s1gfloods/B/image_5155.png,data/datasets/s1gfloods/Label/image_5155.png
image_2489,data/datasets/s1gfloods/A/image_2489.png,data/datasets/s1gfloods/B/image_2489.png,data/datasets/s1gfloods/Label/image_2489.png
image_3783,data/datasets/s1gfloods/A/image_3783.png,data/datasets/s1gfloods/B/image_3783.png,data/datasets/s1gfloods/Label/image_3783.png
image_246,data/datasets/s1gfloods/A/image_246.png,data/datasets/s1gfloods/B/image_246.png,data/datasets/s1gfloods/Label/image_246.png
image_2209,data/datasets/s1gfloods/A/image_2209.png,data/datasets/s1gfloods/B/image_2209.png,data/datasets/s1gfloods/Label/image_2209.png
image_2079,data/datasets/s1gfloods/A/image_2079.png,data/datasets/s1gfloods/B/image_2079.png,data/datasets/s1gfloods/Label/image_2079.png
image_4675,data/datasets/s1gfloods/A/image_4675.png,data/datasets/s1gfloods/B/image_4675.png,data/datasets/s1gfloods/Label/image_4675.png
image_2634,data/datasets/s1gfloods/A/image_2634.png,data/datasets/s1gfloods/B/image_2634.png,data/datasets/s1gfloods/Label/image_2634.png
image_837,data/datasets/s1gfloods/A/image_837.png,data/datasets/s1gfloods/B/image_837.png,data/datasets/s1gfloods/Label/image_837.png
image_4794,data/datasets/s1gfloods/A/image_4794.png,data/datasets/s1gfloods/B/image_4794.png,data/datasets/s1gfloods/Label/image_4794.png
image_1452,data/datasets/s1gfloods/A/image_1452.png,data/datasets/s1gfloods/B/image_1452.png,data/datasets/s1gfloods/Label/image_1452.png
image_1770,data/datasets/s1gfloods/A/image_1770.png,data/datasets/s1gfloods/B/image_1770.png,data/datasets/s1gfloods/Label/image_1770.png
image_4205,data/datasets/s1gfloods/A/image_4205.png,data/datasets/s1gfloods/B/image_4205.png,data/datasets/s1gfloods/Label/image_4205.png
image_1454,data/datasets/s1gfloods/A/image_1454.png,data/datasets/s1gfloods/B/image_1454.png,data/datasets/s1gfloods/Label/image_1454.png
image_2450,data/datasets/s1gfloods/A/image_2450.png,data/datasets/s1gfloods/B/image_2450.png,data/datasets/s1gfloods/Label/image_2450.png
image_3374,data/datasets/s1gfloods/A/image_3374.png,data/datasets/s1gfloods/B/image_3374.png,data/datasets/s1gfloods/Label/image_3374.png
image_1756,data/datasets/s1gfloods/A/image_1756.png,data/datasets/s1gfloods/B/image_1756.png,data/datasets/s1gfloods/Label/image_1756.png
image_4942,data/datasets/s1gfloods/A/image_4942.png,data/datasets/s1gfloods/B/image_4942.png,data/datasets/s1gfloods/Label/image_4942.png
image_188,data/datasets/s1gfloods/A/image_188.png,data/datasets/s1gfloods/B/image_188.png,data/datasets/s1gfloods/Label/image_188.png
image_2895,data/datasets/s1gfloods/A/image_2895.png,data/datasets/s1gfloods/B/image_2895.png,data/datasets/s1gfloods/Label/image_2895.png
image_4578,data/datasets/s1gfloods/A/image_4578.png,data/datasets/s1gfloods/B/image_4578.png,data/datasets/s1gfloods/Label/image_4578.png
image_2186,data/datasets/s1gfloods/A/image_2186.png,data/datasets/s1gfloods/B/image_2186.png,data/datasets/s1gfloods/Label/image_2186.png
image_4864,data/datasets/s1gfloods/A/image_4864.png,data/datasets/s1gfloods/B/image_4864.png,data/datasets/s1gfloods/Label/image_4864.png
image_3019,data/datasets/s1gfloods/A/image_3019.png,data/datasets/s1gfloods/B/image_3019.png,data/datasets/s1gfloods/Label/image_3019.png
image_2232,data/datasets/s1gfloods/A/image_2232.png,data/datasets/s1gfloods/B/image_2232.png,data/datasets/s1gfloods/Label/image_2232.png
image_4771,data/datasets/s1gfloods/A/image_4771.png,data/datasets/s1gfloods/B/image_4771.png,data/datasets/s1gfloods/Label/image_4771.png
image_1953,data/datasets/s1gfloods/A/image_1953.png,data/datasets/s1gfloods/B/image_1953.png,data/datasets/s1gfloods/Label/image_1953.png
image_4596,data/datasets/s1gfloods/A/image_4596.png,data/datasets/s1gfloods/B/image_4596.png,data/datasets/s1gfloods/Label/image_4596.png
image_1054,data/datasets/s1gfloods/A/image_1054.png,data/datasets/s1gfloods/B/image_1054.png,data/datasets/s1gfloods/Label/image_1054.png
image_201,data/datasets/s1gfloods/A/image_201.png,data/datasets/s1gfloods/B/image_201.png,data/datasets/s1gfloods/Label/image_201.png
image_2166,data/datasets/s1gfloods/A/image_2166.png,data/datasets/s1gfloods/B/image_2166.png,data/datasets/s1gfloods/Label/image_2166.png
image_583,data/datasets/s1gfloods/A/image_583.png,data/datasets/s1gfloods/B/image_583.png,data/datasets/s1gfloods/Label/image_583.png
image_1403,data/datasets/s1gfloods/A/image_1403.png,data/datasets/s1gfloods/B/image_1403.png,data/datasets/s1gfloods/Label/image_1403.png
image_2385,data/datasets/s1gfloods/A/image_2385.png,data/datasets/s1gfloods/B/image_2385.png,data/datasets/s1gfloods/Label/image_2385.png
image_2781,data/datasets/s1gfloods/A/image_2781.png,data/datasets/s1gfloods/B/image_2781.png,data/datasets/s1gfloods/Label/image_2781.png
image_3345,data/datasets/s1gfloods/A/image_3345.png,data/datasets/s1gfloods/B/image_3345.png,data/datasets/s1gfloods/Label/image_3345.png
image_1231,data/datasets/s1gfloods/A/image_1231.png,data/datasets/s1gfloods/B/image_1231.png,data/datasets/s1gfloods/Label/image_1231.png
image_4,data/datasets/s1gfloods/A/image_4.png,data/datasets/s1gfloods/B/image_4.png,data/datasets/s1gfloods/Label/image_4.png
image_1009,data/datasets/s1gfloods/A/image_1009.png,data/datasets/s1gfloods/B/image_1009.png,data/datasets/s1gfloods/Label/image_1009.png
image_4927,data/datasets/s1gfloods/A/image_4927.png,data/datasets/s1gfloods/B/image_4927.png,data/datasets/s1gfloods/Label/image_4927.png
image_5314,data/datasets/s1gfloods/A/image_5314.png,data/datasets/s1gfloods/B/image_5314.png,data/datasets/s1gfloods/Label/image_5314.png
image_2061,data/datasets/s1gfloods/A/image_2061.png,data/datasets/s1gfloods/B/image_2061.png,data/datasets/s1gfloods/Label/image_2061.png
image_3947,data/datasets/s1gfloods/A/image_3947.png,data/datasets/s1gfloods/B/image_3947.png,data/datasets/s1gfloods/Label/image_3947.png
image_4803,data/datasets/s1gfloods/A/image_4803.png,data/datasets/s1gfloods/B/image_4803.png,data/datasets/s1gfloods/Label/image_4803.png
image_1420,data/datasets/s1gfloods/A/image_1420.png,data/datasets/s1gfloods/B/image_1420.png,data/datasets/s1gfloods/Label/image_1420.png
image_1978,data/datasets/s1gfloods/A/image_1978.png,data/datasets/s1gfloods/B/image_1978.png,data/datasets/s1gfloods/Label/image_1978.png
image_2229,data/datasets/s1gfloods/A/image_2229.png,data/datasets/s1gfloods/B/image_2229.png,data/datasets/s1gfloods/Label/image_2229.png
image_2745,data/datasets/s1gfloods/A/image_2745.png,data/datasets/s1gfloods/B/image_2745.png,data/datasets/s1gfloods/Label/image_2745.png
image_655,data/datasets/s1gfloods/A/image_655.png,data/datasets/s1gfloods/B/image_655.png,data/datasets/s1gfloods/Label/image_655.png
image_743,data/datasets/s1gfloods/A/image_743.png,data/datasets/s1gfloods/B/image_743.png,data/datasets/s1gfloods/Label/image_743.png
image_3697,data/datasets/s1gfloods/A/image_3697.png,data/datasets/s1gfloods/B/image_3697.png,data/datasets/s1gfloods/Label/image_3697.png
image_642,data/datasets/s1gfloods/A/image_642.png,data/datasets/s1gfloods/B/image_642.png,data/datasets/s1gfloods/Label/image_642.png
image_5031,data/datasets/s1gfloods/A/image_5031.png,data/datasets/s1gfloods/B/image_5031.png,data/datasets/s1gfloods/Label/image_5031.png
image_4449,data/datasets/s1gfloods/A/image_4449.png,data/datasets/s1gfloods/B/image_4449.png,data/datasets/s1gfloods/Label/image_4449.png
image_5042,data/datasets/s1gfloods/A/image_5042.png,data/datasets/s1gfloods/B/image_5042.png,data/datasets/s1gfloods/Label/image_5042.png
image_5164,data/datasets/s1gfloods/A/image_5164.png,data/datasets/s1gfloods/B/image_5164.png,data/datasets/s1gfloods/Label/image_5164.png
image_3541,data/datasets/s1gfloods/A/image_3541.png,data/datasets/s1gfloods/B/image_3541.png,data/datasets/s1gfloods/Label/image_3541.png
image_818,data/datasets/s1gfloods/A/image_818.png,data/datasets/s1gfloods/B/image_818.png,data/datasets/s1gfloods/Label/image_818.png
image_3928,data/datasets/s1gfloods/A/image_3928.png,data/datasets/s1gfloods/B/image_3928.png,data/datasets/s1gfloods/Label/image_3928.png
image_3988,data/datasets/s1gfloods/A/image_3988.png,data/datasets/s1gfloods/B/image_3988.png,data/datasets/s1gfloods/Label/image_3988.png
image_2886,data/datasets/s1gfloods/A/image_2886.png,data/datasets/s1gfloods/B/image_2886.png,data/datasets/s1gfloods/Label/image_2886.png
image_1849,data/datasets/s1gfloods/A/image_1849.png,data/datasets/s1gfloods/B/image_1849.png,data/datasets/s1gfloods/Label/image_1849.png
image_797,data/datasets/s1gfloods/A/image_797.png,data/datasets/s1gfloods/B/image_797.png,data/datasets/s1gfloods/Label/image_797.png
image_1129,data/datasets/s1gfloods/A/image_1129.png,data/datasets/s1gfloods/B/image_1129.png,data/datasets/s1gfloods/Label/image_1129.png
image_512,data/datasets/s1gfloods/A/image_512.png,data/datasets/s1gfloods/B/image_512.png,data/datasets/s1gfloods/Label/image_512.png
image_2869,data/datasets/s1gfloods/A/image_2869.png,data/datasets/s1gfloods/B/image_2869.png,data/datasets/s1gfloods/Label/image_2869.png
image_4294,data/datasets/s1gfloods/A/image_4294.png,data/datasets/s1gfloods/B/image_4294.png,data/datasets/s1gfloods/Label/image_4294.png
image_4876,data/datasets/s1gfloods/A/image_4876.png,data/datasets/s1gfloods/B/image_4876.png,data/datasets/s1gfloods/Label/image_4876.png
image_2991,data/datasets/s1gfloods/A/image_2991.png,data/datasets/s1gfloods/B/image_2991.png,data/datasets/s1gfloods/Label/image_2991.png
image_5078,data/datasets/s1gfloods/A/image_5078.png,data/datasets/s1gfloods/B/image_5078.png,data/datasets/s1gfloods/Label/image_5078.png
image_2409,data/datasets/s1gfloods/A/image_2409.png,data/datasets/s1gfloods/B/image_2409.png,data/datasets/s1gfloods/Label/image_2409.png
image_1660,data/datasets/s1gfloods/A/image_1660.png,data/datasets/s1gfloods/B/image_1660.png,data/datasets/s1gfloods/Label/image_1660.png
image_1026,data/datasets/s1gfloods/A/image_1026.png,data/datasets/s1gfloods/B/image_1026.png,data/datasets/s1gfloods/Label/image_1026.png
image_2324,data/datasets/s1gfloods/A/image_2324.png,data/datasets/s1gfloods/B/image_2324.png,data/datasets/s1gfloods/Label/image_2324.png
image_5318,data/datasets/s1gfloods/A/image_5318.png,data/datasets/s1gfloods/B/image_5318.png,data/datasets/s1gfloods/Label/image_5318.png
image_2048,data/datasets/s1gfloods/A/image_2048.png,data/datasets/s1gfloods/B/image_2048.png,data/datasets/s1gfloods/Label/image_2048.png
image_532,data/datasets/s1gfloods/A/image_532.png,data/datasets/s1gfloods/B/image_532.png,data/datasets/s1gfloods/Label/image_532.png
image_637,data/datasets/s1gfloods/A/image_637.png,data/datasets/s1gfloods/B/image_637.png,data/datasets/s1gfloods/Label/image_637.png
image_3856,data/datasets/s1gfloods/A/image_3856.png,data/datasets/s1gfloods/B/image_3856.png,data/datasets/s1gfloods/Label/image_3856.png
image_2205,data/datasets/s1gfloods/A/image_2205.png,data/datasets/s1gfloods/B/image_2205.png,data/datasets/s1gfloods/Label/image_2205.png
image_3478,data/datasets/s1gfloods/A/image_3478.png,data/datasets/s1gfloods/B/image_3478.png,data/datasets/s1gfloods/Label/image_3478.png
image_46,data/datasets/s1gfloods/A/image_46.png,data/datasets/s1gfloods/B/image_46.png,data/datasets/s1gfloods/Label/image_46.png
image_3489,data/datasets/s1gfloods/A/image_3489.png,data/datasets/s1gfloods/B/image_3489.png,data/datasets/s1gfloods/Label/image_3489.png
image_3187,data/datasets/s1gfloods/A/image_3187.png,data/datasets/s1gfloods/B/image_3187.png,data/datasets/s1gfloods/Label/image_3187.png
image_4150,data/datasets/s1gfloods/A/image_4150.png,data/datasets/s1gfloods/B/image_4150.png,data/datasets/s1gfloods/Label/image_4150.png
image_5284,data/datasets/s1gfloods/A/image_5284.png,data/datasets/s1gfloods/B/image_5284.png,data/datasets/s1gfloods/Label/image_5284.png
image_2530,data/datasets/s1gfloods/A/image_2530.png,data/datasets/s1gfloods/B/image_2530.png,data/datasets/s1gfloods/Label/image_2530.png
image_1998,data/datasets/s1gfloods/A/image_1998.png,data/datasets/s1gfloods/B/image_1998.png,data/datasets/s1gfloods/Label/image_1998.png
image_3296,data/datasets/s1gfloods/A/image_3296.png,data/datasets/s1gfloods/B/image_3296.png,data/datasets/s1gfloods/Label/image_3296.png
image_371,data/datasets/s1gfloods/A/image_371.png,data/datasets/s1gfloods/B/image_371.png,data/datasets/s1gfloods/Label/image_371.png
image_5316,data/datasets/s1gfloods/A/image_5316.png,data/datasets/s1gfloods/B/image_5316.png,data/datasets/s1gfloods/Label/image_5316.png
image_157,data/datasets/s1gfloods/A/image_157.png,data/datasets/s1gfloods/B/image_157.png,data/datasets/s1gfloods/Label/image_157.png
image_4626,data/datasets/s1gfloods/A/image_4626.png,data/datasets/s1gfloods/B/image_4626.png,data/datasets/s1gfloods/Label/image_4626.png
image_1478,data/datasets/s1gfloods/A/image_1478.png,data/datasets/s1gfloods/B/image_1478.png,data/datasets/s1gfloods/Label/image_1478.png
image_3260,data/datasets/s1gfloods/A/image_3260.png,data/datasets/s1gfloods/B/image_3260.png,data/datasets/s1gfloods/Label/image_3260.png
image_3841,data/datasets/s1gfloods/A/image_3841.png,data/datasets/s1gfloods/B/image_3841.png,data/datasets/s1gfloods/Label/image_3841.png
image_1584,data/datasets/s1gfloods/A/image_1584.png,data/datasets/s1gfloods/B/image_1584.png,data/datasets/s1gfloods/Label/image_1584.png
image_3255,data/datasets/s1gfloods/A/image_3255.png,data/datasets/s1gfloods/B/image_3255.png,data/datasets/s1gfloods/Label/image_3255.png
image_1555,data/datasets/s1gfloods/A/image_1555.png,data/datasets/s1gfloods/B/image_1555.png,data/datasets/s1gfloods/Label/image_1555.png
image_1396,data/datasets/s1gfloods/A/image_1396.png,data/datasets/s1gfloods/B/image_1396.png,data/datasets/s1gfloods/Label/image_1396.png
image_4759,data/datasets/s1gfloods/A/image_4759.png,data/datasets/s1gfloods/B/image_4759.png,data/datasets/s1gfloods/Label/image_4759.png
image_706,data/datasets/s1gfloods/A/image_706.png,data/datasets/s1gfloods/B/image_706.png,data/datasets/s1gfloods/Label/image_706.png
image_4948,data/datasets/s1gfloods/A/image_4948.png,data/datasets/s1gfloods/B/image_4948.png,data/datasets/s1gfloods/Label/image_4948.png
image_2577,data/datasets/s1gfloods/A/image_2577.png,data/datasets/s1gfloods/B/image_2577.png,data/datasets/s1gfloods/Label/image_2577.png
image_5249,data/datasets/s1gfloods/A/image_5249.png,data/datasets/s1gfloods/B/image_5249.png,data/datasets/s1gfloods/Label/image_5249.png
image_1562,data/datasets/s1gfloods/A/image_1562.png,data/datasets/s1gfloods/B/image_1562.png,data/datasets/s1gfloods/Label/image_1562.png
image_2333,data/datasets/s1gfloods/A/image_2333.png,data/datasets/s1gfloods/B/image_2333.png,data/datasets/s1gfloods/Label/image_2333.png
image_1552,data/datasets/s1gfloods/A/image_1552.png,data/datasets/s1gfloods/B/image_1552.png,data/datasets/s1gfloods/Label/image_1552.png
image_1223,data/datasets/s1gfloods/A/image_1223.png,data/datasets/s1gfloods/B/image_1223.png,data/datasets/s1gfloods/Label/image_1223.png
image_3492,data/datasets/s1gfloods/A/image_3492.png,data/datasets/s1gfloods/B/image_3492.png,data/datasets/s1gfloods/Label/image_3492.png
image_1237,data/datasets/s1gfloods/A/image_1237.png,data/datasets/s1gfloods/B/image_1237.png,data/datasets/s1gfloods/Label/image_1237.png
image_4005,data/datasets/s1gfloods/A/image_4005.png,data/datasets/s1gfloods/B/image_4005.png,data/datasets/s1gfloods/Label/image_4005.png
image_1080,data/datasets/s1gfloods/A/image_1080.png,data/datasets/s1gfloods/B/image_1080.png,data/datasets/s1gfloods/Label/image_1080.png
image_3172,data/datasets/s1gfloods/A/image_3172.png,data/datasets/s1gfloods/B/image_3172.png,data/datasets/s1gfloods/Label/image_3172.png
image_1726,data/datasets/s1gfloods/A/image_1726.png,data/datasets/s1gfloods/B/image_1726.png,data/datasets/s1gfloods/Label/image_1726.png
image_4910,data/datasets/s1gfloods/A/image_4910.png,data/datasets/s1gfloods/B/image_4910.png,data/datasets/s1gfloods/Label/image_4910.png
image_4518,data/datasets/s1gfloods/A/image_4518.png,data/datasets/s1gfloods/B/image_4518.png,data/datasets/s1gfloods/Label/image_4518.png
image_4837,data/datasets/s1gfloods/A/image_4837.png,data/datasets/s1gfloods/B/image_4837.png,data/datasets/s1gfloods/Label/image_4837.png
image_1630,data/datasets/s1gfloods/A/image_1630.png,data/datasets/s1gfloods/B/image_1630.png,data/datasets/s1gfloods/Label/image_1630.png
image_2178,data/datasets/s1gfloods/A/image_2178.png,data/datasets/s1gfloods/B/image_2178.png,data/datasets/s1gfloods/Label/image_2178.png
image_4755,data/datasets/s1gfloods/A/image_4755.png,data/datasets/s1gfloods/B/image_4755.png,data/datasets/s1gfloods/Label/image_4755.png
image_1126,data/datasets/s1gfloods/A/image_1126.png,data/datasets/s1gfloods/B/image_1126.png,data/datasets/s1gfloods/Label/image_1126.png
image_4428,data/datasets/s1gfloods/A/image_4428.png,data/datasets/s1gfloods/B/image_4428.png,data/datasets/s1gfloods/Label/image_4428.png
image_3238,data/datasets/s1gfloods/A/image_3238.png,data/datasets/s1gfloods/B/image_3238.png,data/datasets/s1gfloods/Label/image_3238.png
image_3502,data/datasets/s1gfloods/A/image_3502.png,data/datasets/s1gfloods/B/image_3502.png,data/datasets/s1gfloods/Label/image_3502.png
image_3165,data/datasets/s1gfloods/A/image_3165.png,data/datasets/s1gfloods/B/image_3165.png,data/datasets/s1gfloods/Label/image_3165.png
image_3786,data/datasets/s1gfloods/A/image_3786.png,data/datasets/s1gfloods/B/image_3786.png,data/datasets/s1gfloods/Label/image_3786.png
image_486,data/datasets/s1gfloods/A/image_486.png,data/datasets/s1gfloods/B/image_486.png,data/datasets/s1gfloods/Label/image_486.png
image_591,data/datasets/s1gfloods/A/image_591.png,data/datasets/s1gfloods/B/image_591.png,data/datasets/s1gfloods/Label/image_591.png
image_3301,data/datasets/s1gfloods/A/image_3301.png,data/datasets/s1gfloods/B/image_3301.png,data/datasets/s1gfloods/Label/image_3301.png
image_3743,data/datasets/s1gfloods/A/image_3743.png,data/datasets/s1gfloods/B/image_3743.png,data/datasets/s1gfloods/Label/image_3743.png
image_2344,data/datasets/s1gfloods/A/image_2344.png,data/datasets/s1gfloods/B/image_2344.png,data/datasets/s1gfloods/Label/image_2344.png
image_648,data/datasets/s1gfloods/A/image_648.png,data/datasets/s1gfloods/B/image_648.png,data/datasets/s1gfloods/Label/image_648.png
image_1354,data/datasets/s1gfloods/A/image_1354.png,data/datasets/s1gfloods/B/image_1354.png,data/datasets/s1gfloods/Label/image_1354.png
image_4757,data/datasets/s1gfloods/A/image_4757.png,data/datasets/s1gfloods/B/image_4757.png,data/datasets/s1gfloods/Label/image_4757.png
image_3447,data/datasets/s1gfloods/A/image_3447.png,data/datasets/s1gfloods/B/image_3447.png,data/datasets/s1gfloods/Label/image_3447.png
image_1918,data/datasets/s1gfloods/A/image_1918.png,data/datasets/s1gfloods/B/image_1918.png,data/datasets/s1gfloods/Label/image_1918.png
image_4069,data/datasets/s1gfloods/A/image_4069.png,data/datasets/s1gfloods/B/image_4069.png,data/datasets/s1gfloods/Label/image_4069.png
image_3571,data/datasets/s1gfloods/A/image_3571.png,data/datasets/s1gfloods/B/image_3571.png,data/datasets/s1gfloods/Label/image_3571.png
image_2685,data/datasets/s1gfloods/A/image_2685.png,data/datasets/s1gfloods/B/image_2685.png,data/datasets/s1gfloods/Label/image_2685.png
image_1219,data/datasets/s1gfloods/A/image_1219.png,data/datasets/s1gfloods/B/image_1219.png,data/datasets/s1gfloods/Label/image_1219.png
image_4564,data/datasets/s1gfloods/A/image_4564.png,data/datasets/s1gfloods/B/image_4564.png,data/datasets/s1gfloods/Label/image_4564.png
image_3556,data/datasets/s1gfloods/A/image_3556.png,data/datasets/s1gfloods/B/image_3556.png,data/datasets/s1gfloods/Label/image_3556.png
image_3706,data/datasets/s1gfloods/A/image_3706.png,data/datasets/s1gfloods/B/image_3706.png,data/datasets/s1gfloods/Label/image_3706.png
image_3716,data/datasets/s1gfloods/A/image_3716.png,data/datasets/s1gfloods/B/image_3716.png,data/datasets/s1gfloods/Label/image_3716.png
image_768,data/datasets/s1gfloods/A/image_768.png,data/datasets/s1gfloods/B/image_768.png,data/datasets/s1gfloods/Label/image_768.png
image_4096,data/datasets/s1gfloods/A/image_4096.png,data/datasets/s1gfloods/B/image_4096.png,data/datasets/s1gfloods/Label/image_4096.png
image_847,data/datasets/s1gfloods/A/image_847.png,data/datasets/s1gfloods/B/image_847.png,data/datasets/s1gfloods/Label/image_847.png
image_614,data/datasets/s1gfloods/A/image_614.png,data/datasets/s1gfloods/B/image_614.png,data/datasets/s1gfloods/Label/image_614.png
image_983,data/datasets/s1gfloods/A/image_983.png,data/datasets/s1gfloods/B/image_983.png,data/datasets/s1gfloods/Label/image_983.png
image_4123,data/datasets/s1gfloods/A/image_4123.png,data/datasets/s1gfloods/B/image_4123.png,data/datasets/s1gfloods/Label/image_4123.png
image_252,data/datasets/s1gfloods/A/image_252.png,data/datasets/s1gfloods/B/image_252.png,data/datasets/s1gfloods/Label/image_252.png
image_3599,data/datasets/s1gfloods/A/image_3599.png,data/datasets/s1gfloods/B/image_3599.png,data/datasets/s1gfloods/Label/image_3599.png
image_2818,data/datasets/s1gfloods/A/image_2818.png,data/datasets/s1gfloods/B/image_2818.png,data/datasets/s1gfloods/Label/image_2818.png
image_2930,data/datasets/s1gfloods/A/image_2930.png,data/datasets/s1gfloods/B/image_2930.png,data/datasets/s1gfloods/Label/image_2930.png
image_864,data/datasets/s1gfloods/A/image_864.png,data/datasets/s1gfloods/B/image_864.png,data/datasets/s1gfloods/Label/image_864.png
image_913,data/datasets/s1gfloods/A/image_913.png,data/datasets/s1gfloods/B/image_913.png,data/datasets/s1gfloods/Label/image_913.png
image_2470,data/datasets/s1gfloods/A/image_2470.png,data/datasets/s1gfloods/B/image_2470.png,data/datasets/s1gfloods/Label/image_2470.png
image_4467,data/datasets/s1gfloods/A/image_4467.png,data/datasets/s1gfloods/B/image_4467.png,data/datasets/s1gfloods/Label/image_4467.png
image_2497,data/datasets/s1gfloods/A/image_2497.png,data/datasets/s1gfloods/B/image_2497.png,data/datasets/s1gfloods/Label/image_2497.png
image_1405,data/datasets/s1gfloods/A/image_1405.png,data/datasets/s1gfloods/B/image_1405.png,data/datasets/s1gfloods/Label/image_1405.png
image_2157,data/datasets/s1gfloods/A/image_2157.png,data/datasets/s1gfloods/B/image_2157.png,data/datasets/s1gfloods/Label/image_2157.png
image_3869,data/datasets/s1gfloods/A/image_3869.png,data/datasets/s1gfloods/B/image_3869.png,data/datasets/s1gfloods/Label/image_3869.png
image_4919,data/datasets/s1gfloods/A/image_4919.png,data/datasets/s1gfloods/B/image_4919.png,data/datasets/s1gfloods/Label/image_4919.png
image_350,data/datasets/s1gfloods/A/image_350.png,data/datasets/s1gfloods/B/image_350.png,data/datasets/s1gfloods/Label/image_350.png
image_2666,data/datasets/s1gfloods/A/image_2666.png,data/datasets/s1gfloods/B/image_2666.png,data/datasets/s1gfloods/Label/image_2666.png
image_4311,data/datasets/s1gfloods/A/image_4311.png,data/datasets/s1gfloods/B/image_4311.png,data/datasets/s1gfloods/Label/image_4311.png
image_634,data/datasets/s1gfloods/A/image_634.png,data/datasets/s1gfloods/B/image_634.png,data/datasets/s1gfloods/Label/image_634.png
image_942,data/datasets/s1gfloods/A/image_942.png,data/datasets/s1gfloods/B/image_942.png,data/datasets/s1gfloods/Label/image_942.png
image_3287,data/datasets/s1gfloods/A/image_3287.png,data/datasets/s1gfloods/B/image_3287.png,data/datasets/s1gfloods/Label/image_3287.png
image_2591,data/datasets/s1gfloods/A/image_2591.png,data/datasets/s1gfloods/B/image_2591.png,data/datasets/s1gfloods/Label/image_2591.png
image_973,data/datasets/s1gfloods/A/image_973.png,data/datasets/s1gfloods/B/image_973.png,data/datasets/s1gfloods/Label/image_973.png
image_2488,data/datasets/s1gfloods/A/image_2488.png,data/datasets/s1gfloods/B/image_2488.png,data/datasets/s1gfloods/Label/image_2488.png
image_1217,data/datasets/s1gfloods/A/image_1217.png,data/datasets/s1gfloods/B/image_1217.png,data/datasets/s1gfloods/Label/image_1217.png
image_2185,data/datasets/s1gfloods/A/image_2185.png,data/datasets/s1gfloods/B/image_2185.png,data/datasets/s1gfloods/Label/image_2185.png
image_3240,data/datasets/s1gfloods/A/image_3240.png,data/datasets/s1gfloods/B/image_3240.png,data/datasets/s1gfloods/Label/image_3240.png
image_4330,data/datasets/s1gfloods/A/image_4330.png,data/datasets/s1gfloods/B/image_4330.png,data/datasets/s1gfloods/Label/image_4330.png
image_1825,data/datasets/s1gfloods/A/image_1825.png,data/datasets/s1gfloods/B/image_1825.png,data/datasets/s1gfloods/Label/image_1825.png
image_1611,data/datasets/s1gfloods/A/image_1611.png,data/datasets/s1gfloods/B/image_1611.png,data/datasets/s1gfloods/Label/image_1611.png
image_2181,data/datasets/s1gfloods/A/image_2181.png,data/datasets/s1gfloods/B/image_2181.png,data/datasets/s1gfloods/Label/image_2181.png
image_2349,data/datasets/s1gfloods/A/image_2349.png,data/datasets/s1gfloods/B/image_2349.png,data/datasets/s1gfloods/Label/image_2349.png
image_2244,data/datasets/s1gfloods/A/image_2244.png,data/datasets/s1gfloods/B/image_2244.png,data/datasets/s1gfloods/Label/image_2244.png
image_1657,data/datasets/s1gfloods/A/image_1657.png,data/datasets/s1gfloods/B/image_1657.png,data/datasets/s1gfloods/Label/image_1657.png
image_4806,data/datasets/s1gfloods/A/image_4806.png,data/datasets/s1gfloods/B/image_4806.png,data/datasets/s1gfloods/Label/image_4806.png
image_2865,data/datasets/s1gfloods/A/image_2865.png,data/datasets/s1gfloods/B/image_2865.png,data/datasets/s1gfloods/Label/image_2865.png
image_2581,data/datasets/s1gfloods/A/image_2581.png,data/datasets/s1gfloods/B/image_2581.png,data/datasets/s1gfloods/Label/image_2581.png
image_799,data/datasets/s1gfloods/A/image_799.png,data/datasets/s1gfloods/B/image_799.png,data/datasets/s1gfloods/Label/image_799.png
image_1580,data/datasets/s1gfloods/A/image_1580.png,data/datasets/s1gfloods/B/image_1580.png,data/datasets/s1gfloods/Label/image_1580.png
image_4147,data/datasets/s1gfloods/A/image_4147.png,data/datasets/s1gfloods/B/image_4147.png,data/datasets/s1gfloods/Label/image_4147.png
image_183,data/datasets/s1gfloods/A/image_183.png,data/datasets/s1gfloods/B/image_183.png,data/datasets/s1gfloods/Label/image_183.png
image_556,data/datasets/s1gfloods/A/image_556.png,data/datasets/s1gfloods/B/image_556.png,data/datasets/s1gfloods/Label/image_556.png
image_1595,data/datasets/s1gfloods/A/image_1595.png,data/datasets/s1gfloods/B/image_1595.png,data/datasets/s1gfloods/Label/image_1595.png
image_2403,data/datasets/s1gfloods/A/image_2403.png,data/datasets/s1gfloods/B/image_2403.png,data/datasets/s1gfloods/Label/image_2403.png
image_3241,data/datasets/s1gfloods/A/image_3241.png,data/datasets/s1gfloods/B/image_3241.png,data/datasets/s1gfloods/Label/image_3241.png
image_2905,data/datasets/s1gfloods/A/image_2905.png,data/datasets/s1gfloods/B/image_2905.png,data/datasets/s1gfloods/Label/image_2905.png
image_1787,data/datasets/s1gfloods/A/image_1787.png,data/datasets/s1gfloods/B/image_1787.png,data/datasets/s1gfloods/Label/image_1787.png
image_3618,data/datasets/s1gfloods/A/image_3618.png,data/datasets/s1gfloods/B/image_3618.png,data/datasets/s1gfloods/Label/image_3618.png
image_1774,data/datasets/s1gfloods/A/image_1774.png,data/datasets/s1gfloods/B/image_1774.png,data/datasets/s1gfloods/Label/image_1774.png
image_2054,data/datasets/s1gfloods/A/image_2054.png,data/datasets/s1gfloods/B/image_2054.png,data/datasets/s1gfloods/Label/image_2054.png
image_450,data/datasets/s1gfloods/A/image_450.png,data/datasets/s1gfloods/B/image_450.png,data/datasets/s1gfloods/Label/image_450.png
image_4623,data/datasets/s1gfloods/A/image_4623.png,data/datasets/s1gfloods/B/image_4623.png,data/datasets/s1gfloods/Label/image_4623.png
image_711,data/datasets/s1gfloods/A/image_711.png,data/datasets/s1gfloods/B/image_711.png,data/datasets/s1gfloods/Label/image_711.png
image_3283,data/datasets/s1gfloods/A/image_3283.png,data/datasets/s1gfloods/B/image_3283.png,data/datasets/s1gfloods/Label/image_3283.png
image_3879,data/datasets/s1gfloods/A/image_3879.png,data/datasets/s1gfloods/B/image_3879.png,data/datasets/s1gfloods/Label/image_3879.png
image_374,data/datasets/s1gfloods/A/image_374.png,data/datasets/s1gfloods/B/image_374.png,data/datasets/s1gfloods/Label/image_374.png
image_5019,data/datasets/s1gfloods/A/image_5019.png,data/datasets/s1gfloods/B/image_5019.png,data/datasets/s1gfloods/Label/image_5019.png
image_966,data/datasets/s1gfloods/A/image_966.png,data/datasets/s1gfloods/B/image_966.png,data/datasets/s1gfloods/Label/image_966.png
image_2478,data/datasets/s1gfloods/A/image_2478.png,data/datasets/s1gfloods/B/image_2478.png,data/datasets/s1gfloods/Label/image_2478.png
image_3852,data/datasets/s1gfloods/A/image_3852.png,data/datasets/s1gfloods/B/image_3852.png,data/datasets/s1gfloods/Label/image_3852.png
image_4085,data/datasets/s1gfloods/A/image_4085.png,data/datasets/s1gfloods/B/image_4085.png,data/datasets/s1gfloods/Label/image_4085.png
image_2562,data/datasets/s1gfloods/A/image_2562.png,data/datasets/s1gfloods/B/image_2562.png,data/datasets/s1gfloods/Label/image_2562.png
image_100,data/datasets/s1gfloods/A/image_100.png,data/datasets/s1gfloods/B/image_100.png,data/datasets/s1gfloods/Label/image_100.png
image_2432,data/datasets/s1gfloods/A/image_2432.png,data/datasets/s1gfloods/B/image_2432.png,data/datasets/s1gfloods/Label/image_2432.png
image_211,data/datasets/s1gfloods/A/image_211.png,data/datasets/s1gfloods/B/image_211.png,data/datasets/s1gfloods/Label/image_211.png
image_1882,data/datasets/s1gfloods/A/image_1882.png,data/datasets/s1gfloods/B/image_1882.png,data/datasets/s1gfloods/Label/image_1882.png
image_265,data/datasets/s1gfloods/A/image_265.png,data/datasets/s1gfloods/B/image_265.png,data/datasets/s1gfloods/Label/image_265.png
image_2695,data/datasets/s1gfloods/A/image_2695.png,data/datasets/s1gfloods/B/image_2695.png,data/datasets/s1gfloods/Label/image_2695.png
image_3065,data/datasets/s1gfloods/A/image_3065.png,data/datasets/s1gfloods/B/image_3065.png,data/datasets/s1gfloods/Label/image_3065.png
image_772,data/datasets/s1gfloods/A/image_772.png,data/datasets/s1gfloods/B/image_772.png,data/datasets/s1gfloods/Label/image_772.png
image_56,data/datasets/s1gfloods/A/image_56.png,data/datasets/s1gfloods/B/image_56.png,data/datasets/s1gfloods/Label/image_56.png
image_2542,data/datasets/s1gfloods/A/image_2542.png,data/datasets/s1gfloods/B/image_2542.png,data/datasets/s1gfloods/Label/image_2542.png
image_1027,data/datasets/s1gfloods/A/image_1027.png,data/datasets/s1gfloods/B/image_1027.png,data/datasets/s1gfloods/Label/image_1027.png
image_2539,data/datasets/s1gfloods/A/image_2539.png,data/datasets/s1gfloods/B/image_2539.png,data/datasets/s1gfloods/Label/image_2539.png
image_3420,data/datasets/s1gfloods/A/image_3420.png,data/datasets/s1gfloods/B/image_3420.png,data/datasets/s1gfloods/Label/image_3420.png
image_1213,data/datasets/s1gfloods/A/image_1213.png,data/datasets/s1gfloods/B/image_1213.png,data/datasets/s1gfloods/Label/image_1213.png
image_473,data/datasets/s1gfloods/A/image_473.png,data/datasets/s1gfloods/B/image_473.png,data/datasets/s1gfloods/Label/image_473.png
image_3583,data/datasets/s1gfloods/A/image_3583.png,data/datasets/s1gfloods/B/image_3583.png,data/datasets/s1gfloods/Label/image_3583.png
image_524,data/datasets/s1gfloods/A/image_524.png,data/datasets/s1gfloods/B/image_524.png,data/datasets/s1gfloods/Label/image_524.png
image_3010,data/datasets/s1gfloods/A/image_3010.png,data/datasets/s1gfloods/B/image_3010.png,data/datasets/s1gfloods/Label/image_3010.png
image_4975,data/datasets/s1gfloods/A/image_4975.png,data/datasets/s1gfloods/B/image_4975.png,data/datasets/s1gfloods/Label/image_4975.png
image_1717,data/datasets/s1gfloods/A/image_1717.png,data/datasets/s1gfloods/B/image_1717.png,data/datasets/s1gfloods/Label/image_1717.png
image_4883,data/datasets/s1gfloods/A/image_4883.png,data/datasets/s1gfloods/B/image_4883.png,data/datasets/s1gfloods/Label/image_4883.png
image_4393,data/datasets/s1gfloods/A/image_4393.png,data/datasets/s1gfloods/B/image_4393.png,data/datasets/s1gfloods/Label/image_4393.png
image_1408,data/datasets/s1gfloods/A/image_1408.png,data/datasets/s1gfloods/B/image_1408.png,data/datasets/s1gfloods/Label/image_1408.png
image_3398,data/datasets/s1gfloods/A/image_3398.png,data/datasets/s1gfloods/B/image_3398.png,data/datasets/s1gfloods/Label/image_3398.png
image_2251,data/datasets/s1gfloods/A/image_2251.png,data/datasets/s1gfloods/B/image_2251.png,data/datasets/s1gfloods/Label/image_2251.png
image_2665,data/datasets/s1gfloods/A/image_2665.png,data/datasets/s1gfloods/B/image_2665.png,data/datasets/s1gfloods/Label/image_2665.png
image_3901,data/datasets/s1gfloods/A/image_3901.png,data/datasets/s1gfloods/B/image_3901.png,data/datasets/s1gfloods/Label/image_3901.png
image_4360,data/datasets/s1gfloods/A/image_4360.png,data/datasets/s1gfloods/B/image_4360.png,data/datasets/s1gfloods/Label/image_4360.png
image_3978,data/datasets/s1gfloods/A/image_3978.png,data/datasets/s1gfloods/B/image_3978.png,data/datasets/s1gfloods/Label/image_3978.png
image_3385,data/datasets/s1gfloods/A/image_3385.png,data/datasets/s1gfloods/B/image_3385.png,data/datasets/s1gfloods/Label/image_3385.png
image_4372,data/datasets/s1gfloods/A/image_4372.png,data/datasets/s1gfloods/B/image_4372.png,data/datasets/s1gfloods/Label/image_4372.png
image_1973,data/datasets/s1gfloods/A/image_1973.png,data/datasets/s1gfloods/B/image_1973.png,data/datasets/s1gfloods/Label/image_1973.png
image_1994,data/datasets/s1gfloods/A/image_1994.png,data/datasets/s1gfloods/B/image_1994.png,data/datasets/s1gfloods/Label/image_1994.png
image_5068,data/datasets/s1gfloods/A/image_5068.png,data/datasets/s1gfloods/B/image_5068.png,data/datasets/s1gfloods/Label/image_5068.png
image_4925,data/datasets/s1gfloods/A/image_4925.png,data/datasets/s1gfloods/B/image_4925.png,data/datasets/s1gfloods/Label/image_4925.png
image_5112,data/datasets/s1gfloods/A/image_5112.png,data/datasets/s1gfloods/B/image_5112.png,data/datasets/s1gfloods/Label/image_5112.png
image_4528,data/datasets/s1gfloods/A/image_4528.png,data/datasets/s1gfloods/B/image_4528.png,data/datasets/s1gfloods/Label/image_4528.png
image_844,data/datasets/s1gfloods/A/image_844.png,data/datasets/s1gfloods/B/image_844.png,data/datasets/s1gfloods/Label/image_844.png
image_205,data/datasets/s1gfloods/A/image_205.png,data/datasets/s1gfloods/B/image_205.png,data/datasets/s1gfloods/Label/image_205.png
image_1275,data/datasets/s1gfloods/A/image_1275.png,data/datasets/s1gfloods/B/image_1275.png,data/datasets/s1gfloods/Label/image_1275.png
image_2756,data/datasets/s1gfloods/A/image_2756.png,data/datasets/s1gfloods/B/image_2756.png,data/datasets/s1gfloods/Label/image_2756.png
image_1011,data/datasets/s1gfloods/A/image_1011.png,data/datasets/s1gfloods/B/image_1011.png,data/datasets/s1gfloods/Label/image_1011.png
image_1974,data/datasets/s1gfloods/A/image_1974.png,data/datasets/s1gfloods/B/image_1974.png,data/datasets/s1gfloods/Label/image_1974.png
image_4240,data/datasets/s1gfloods/A/image_4240.png,data/datasets/s1gfloods/B/image_4240.png,data/datasets/s1gfloods/Label/image_4240.png
image_602,data/datasets/s1gfloods/A/image_602.png,data/datasets/s1gfloods/B/image_602.png,data/datasets/s1gfloods/Label/image_602.png
image_2444,data/datasets/s1gfloods/A/image_2444.png,data/datasets/s1gfloods/B/image_2444.png,data/datasets/s1gfloods/Label/image_2444.png
image_456,data/datasets/s1gfloods/A/image_456.png,data/datasets/s1gfloods/B/image_456.png,data/datasets/s1gfloods/Label/image_456.png
image_2801,data/datasets/s1gfloods/A/image_2801.png,data/datasets/s1gfloods/B/image_2801.png,data/datasets/s1gfloods/Label/image_2801.png
image_4206,data/datasets/s1gfloods/A/image_4206.png,data/datasets/s1gfloods/B/image_4206.png,data/datasets/s1gfloods/Label/image_4206.png
image_1392,data/datasets/s1gfloods/A/image_1392.png,data/datasets/s1gfloods/B/image_1392.png,data/datasets/s1gfloods/Label/image_1392.png
image_4386,data/datasets/s1gfloods/A/image_4386.png,data/datasets/s1gfloods/B/image_4386.png,data/datasets/s1gfloods/Label/image_4386.png
image_4913,data/datasets/s1gfloods/A/image_4913.png,data/datasets/s1gfloods/B/image_4913.png,data/datasets/s1gfloods/Label/image_4913.png
image_1369,data/datasets/s1gfloods/A/image_1369.png,data/datasets/s1gfloods/B/image_1369.png,data/datasets/s1gfloods/Label/image_1369.png
image_5131,data/datasets/s1gfloods/A/image_5131.png,data/datasets/s1gfloods/B/image_5131.png,data/datasets/s1gfloods/Label/image_5131.png
image_2987,data/datasets/s1gfloods/A/image_2987.png,data/datasets/s1gfloods/B/image_2987.png,data/datasets/s1gfloods/Label/image_2987.png
image_4892,data/datasets/s1gfloods/A/image_4892.png,data/datasets/s1gfloods/B/image_4892.png,data/datasets/s1gfloods/Label/image_4892.png
image_1035,data/datasets/s1gfloods/A/image_1035.png,data/datasets/s1gfloods/B/image_1035.png,data/datasets/s1gfloods/Label/image_1035.png
image_3899,data/datasets/s1gfloods/A/image_3899.png,data/datasets/s1gfloods/B/image_3899.png,data/datasets/s1gfloods/Label/image_3899.png
image_164,data/datasets/s1gfloods/A/image_164.png,data/datasets/s1gfloods/B/image_164.png,data/datasets/s1gfloods/Label/image_164.png
image_3593,data/datasets/s1gfloods/A/image_3593.png,data/datasets/s1gfloods/B/image_3593.png,data/datasets/s1gfloods/Label/image_3593.png
image_958,data/datasets/s1gfloods/A/image_958.png,data/datasets/s1gfloods/B/image_958.png,data/datasets/s1gfloods/Label/image_958.png
image_4738,data/datasets/s1gfloods/A/image_4738.png,data/datasets/s1gfloods/B/image_4738.png,data/datasets/s1gfloods/Label/image_4738.png
image_1146,data/datasets/s1gfloods/A/image_1146.png,data/datasets/s1gfloods/B/image_1146.png,data/datasets/s1gfloods/Label/image_1146.png
image_3426,data/datasets/s1gfloods/A/image_3426.png,data/datasets/s1gfloods/B/image_3426.png,data/datasets/s1gfloods/Label/image_3426.png
image_3291,data/datasets/s1gfloods/A/image_3291.png,data/datasets/s1gfloods/B/image_3291.png,data/datasets/s1gfloods/Label/image_3291.png
image_3042,data/datasets/s1gfloods/A/image_3042.png,data/datasets/s1gfloods/B/image_3042.png,data/datasets/s1gfloods/Label/image_3042.png
image_3908,data/datasets/s1gfloods/A/image_3908.png,data/datasets/s1gfloods/B/image_3908.png,data/datasets/s1gfloods/Label/image_3908.png
image_3002,data/datasets/s1gfloods/A/image_3002.png,data/datasets/s1gfloods/B/image_3002.png,data/datasets/s1gfloods/Label/image_3002.png
image_4124,data/datasets/s1gfloods/A/image_4124.png,data/datasets/s1gfloods/B/image_4124.png,data/datasets/s1gfloods/Label/image_4124.png
image_5171,data/datasets/s1gfloods/A/image_5171.png,data/datasets/s1gfloods/B/image_5171.png,data/datasets/s1gfloods/Label/image_5171.png
image_2002,data/datasets/s1gfloods/A/image_2002.png,data/datasets/s1gfloods/B/image_2002.png,data/datasets/s1gfloods/Label/image_2002.png
image_408,data/datasets/s1gfloods/A/image_408.png,data/datasets/s1gfloods/B/image_408.png,data/datasets/s1gfloods/Label/image_408.png
image_36,data/datasets/s1gfloods/A/image_36.png,data/datasets/s1gfloods/B/image_36.png,data/datasets/s1gfloods/Label/image_36.png
image_4756,data/datasets/s1gfloods/A/image_4756.png,data/datasets/s1gfloods/B/image_4756.png,data/datasets/s1gfloods/Label/image_4756.png
image_1708,data/datasets/s1gfloods/A/image_1708.png,data/datasets/s1gfloods/B/image_1708.png,data/datasets/s1gfloods/Label/image_1708.png
image_2381,data/datasets/s1gfloods/A/image_2381.png,data/datasets/s1gfloods/B/image_2381.png,data/datasets/s1gfloods/Label/image_2381.png
image_611,data/datasets/s1gfloods/A/image_611.png,data/datasets/s1gfloods/B/image_611.png,data/datasets/s1gfloods/Label/image_611.png
image_4836,data/datasets/s1gfloods/A/image_4836.png,data/datasets/s1gfloods/B/image_4836.png,data/datasets/s1gfloods/Label/image_4836.png
image_869,data/datasets/s1gfloods/A/image_869.png,data/datasets/s1gfloods/B/image_869.png,data/datasets/s1gfloods/Label/image_869.png
image_900,data/datasets/s1gfloods/A/image_900.png,data/datasets/s1gfloods/B/image_900.png,data/datasets/s1gfloods/Label/image_900.png
image_3445,data/datasets/s1gfloods/A/image_3445.png,data/datasets/s1gfloods/B/image_3445.png,data/datasets/s1gfloods/Label/image_3445.png
image_4647,data/datasets/s1gfloods/A/image_4647.png,data/datasets/s1gfloods/B/image_4647.png,data/datasets/s1gfloods/Label/image_4647.png
image_1028,data/datasets/s1gfloods/A/image_1028.png,data/datasets/s1gfloods/B/image_1028.png,data/datasets/s1gfloods/Label/image_1028.png
image_841,data/datasets/s1gfloods/A/image_841.png,data/datasets/s1gfloods/B/image_841.png,data/datasets/s1gfloods/Label/image_841.png
image_4604,data/datasets/s1gfloods/A/image_4604.png,data/datasets/s1gfloods/B/image_4604.png,data/datasets/s1gfloods/Label/image_4604.png
image_5000,data/datasets/s1gfloods/A/image_5000.png,data/datasets/s1gfloods/B/image_5000.png,data/datasets/s1gfloods/Label/image_5000.png
image_685,data/datasets/s1gfloods/A/image_685.png,data/datasets/s1gfloods/B/image_685.png,data/datasets/s1gfloods/Label/image_685.png
image_431,data/datasets/s1gfloods/A/image_431.png,data/datasets/s1gfloods/B/image_431.png,data/datasets/s1gfloods/Label/image_431.png
image_3389,data/datasets/s1gfloods/A/image_3389.png,data/datasets/s1gfloods/B/image_3389.png,data/datasets/s1gfloods/Label/image_3389.png
image_2463,data/datasets/s1gfloods/A/image_2463.png,data/datasets/s1gfloods/B/image_2463.png,data/datasets/s1gfloods/Label/image_2463.png
image_4937,data/datasets/s1gfloods/A/image_4937.png,data/datasets/s1gfloods/B/image_4937.png,data/datasets/s1gfloods/Label/image_4937.png
image_3738,data/datasets/s1gfloods/A/image_3738.png,data/datasets/s1gfloods/B/image_3738.png,data/datasets/s1gfloods/Label/image_3738.png
image_3326,data/datasets/s1gfloods/A/image_3326.png,data/datasets/s1gfloods/B/image_3326.png,data/datasets/s1gfloods/Label/image_3326.png
image_4104,data/datasets/s1gfloods/A/image_4104.png,data/datasets/s1gfloods/B/image_4104.png,data/datasets/s1gfloods/Label/image_4104.png
image_4959,data/datasets/s1gfloods/A/image_4959.png,data/datasets/s1gfloods/B/image_4959.png,data/datasets/s1gfloods/Label/image_4959.png
image_4389,data/datasets/s1gfloods/A/image_4389.png,data/datasets/s1gfloods/B/image_4389.png,data/datasets/s1gfloods/Label/image_4389.png
image_410,data/datasets/s1gfloods/A/image_410.png,data/datasets/s1gfloods/B/image_410.png,data/datasets/s1gfloods/Label/image_410.png
image_1469,data/datasets/s1gfloods/A/image_1469.png,data/datasets/s1gfloods/B/image_1469.png,data/datasets/s1gfloods/Label/image_1469.png
image_2958,data/datasets/s1gfloods/A/image_2958.png,data/datasets/s1gfloods/B/image_2958.png,data/datasets/s1gfloods/Label/image_2958.png
image_2810,data/datasets/s1gfloods/A/image_2810.png,data/datasets/s1gfloods/B/image_2810.png,data/datasets/s1gfloods/Label/image_2810.png
image_2820,data/datasets/s1gfloods/A/image_2820.png,data/datasets/s1gfloods/B/image_2820.png,data/datasets/s1gfloods/Label/image_2820.png
image_4146,data/datasets/s1gfloods/A/image_4146.png,data/datasets/s1gfloods/B/image_4146.png,data/datasets/s1gfloods/Label/image_4146.png
image_3673,data/datasets/s1gfloods/A/image_3673.png,data/datasets/s1gfloods/B/image_3673.png,data/datasets/s1gfloods/Label/image_3673.png
image_322,data/datasets/s1gfloods/A/image_322.png,data/datasets/s1gfloods/B/image_322.png,data/datasets/s1gfloods/Label/image_322.png
image_2788,data/datasets/s1gfloods/A/image_2788.png,data/datasets/s1gfloods/B/image_2788.png,data/datasets/s1gfloods/Label/image_2788.png
image_1542,data/datasets/s1gfloods/A/image_1542.png,data/datasets/s1gfloods/B/image_1542.png,data/datasets/s1gfloods/Label/image_1542.png
image_3179,data/datasets/s1gfloods/A/image_3179.png,data/datasets/s1gfloods/B/image_3179.png,data/datasets/s1gfloods/Label/image_3179.png
image_1969,data/datasets/s1gfloods/A/image_1969.png,data/datasets/s1gfloods/B/image_1969.png,data/datasets/s1gfloods/Label/image_1969.png
image_2983,data/datasets/s1gfloods/A/image_2983.png,data/datasets/s1gfloods/B/image_2983.png,data/datasets/s1gfloods/Label/image_2983.png
image_5107,data/datasets/s1gfloods/A/image_5107.png,data/datasets/s1gfloods/B/image_5107.png,data/datasets/s1gfloods/Label/image_5107.png
image_2764,data/datasets/s1gfloods/A/image_2764.png,data/datasets/s1gfloods/B/image_2764.png,data/datasets/s1gfloods/Label/image_2764.png
image_754,data/datasets/s1gfloods/A/image_754.png,data/datasets/s1gfloods/B/image_754.png,data/datasets/s1gfloods/Label/image_754.png
image_1522,data/datasets/s1gfloods/A/image_1522.png,data/datasets/s1gfloods/B/image_1522.png,data/datasets/s1gfloods/Label/image_1522.png
image_1621,data/datasets/s1gfloods/A/image_1621.png,data/datasets/s1gfloods/B/image_1621.png,data/datasets/s1gfloods/Label/image_1621.png
image_1206,data/datasets/s1gfloods/A/image_1206.png,data/datasets/s1gfloods/B/image_1206.png,data/datasets/s1gfloods/Label/image_1206.png
image_2423,data/datasets/s1gfloods/A/image_2423.png,data/datasets/s1gfloods/B/image_2423.png,data/datasets/s1gfloods/Label/image_2423.png
image_2824,data/datasets/s1gfloods/A/image_2824.png,data/datasets/s1gfloods/B/image_2824.png,data/datasets/s1gfloods/Label/image_2824.png
image_4141,data/datasets/s1gfloods/A/image_4141.png,data/datasets/s1gfloods/B/image_4141.png,data/datasets/s1gfloods/Label/image_4141.png
image_4523,data/datasets/s1gfloods/A/image_4523.png,data/datasets/s1gfloods/B/image_4523.png,data/datasets/s1gfloods/Label/image_4523.png
image_1948,data/datasets/s1gfloods/A/image_1948.png,data/datasets/s1gfloods/B/image_1948.png,data/datasets/s1gfloods/Label/image_1948.png
image_99,data/datasets/s1gfloods/A/image_99.png,data/datasets/s1gfloods/B/image_99.png,data/datasets/s1gfloods/Label/image_99.png
image_4689,data/datasets/s1gfloods/A/image_4689.png,data/datasets/s1gfloods/B/image_4689.png,data/datasets/s1gfloods/Label/image_4689.png
image_165,data/datasets/s1gfloods/A/image_165.png,data/datasets/s1gfloods/B/image_165.png,data/datasets/s1gfloods/Label/image_165.png
image_3751,data/datasets/s1gfloods/A/image_3751.png,data/datasets/s1gfloods/B/image_3751.png,data/datasets/s1gfloods/Label/image_3751.png
image_3916,data/datasets/s1gfloods/A/image_3916.png,data/datasets/s1gfloods/B/image_3916.png,data/datasets/s1gfloods/Label/image_3916.png
image_4655,data/datasets/s1gfloods/A/image_4655.png,data/datasets/s1gfloods/B/image_4655.png,data/datasets/s1gfloods/Label/image_4655.png
image_1114,data/datasets/s1gfloods/A/image_1114.png,data/datasets/s1gfloods/B/image_1114.png,data/datasets/s1gfloods/Label/image_1114.png
image_3819,data/datasets/s1gfloods/A/image_3819.png,data/datasets/s1gfloods/B/image_3819.png,data/datasets/s1gfloods/Label/image_3819.png
image_946,data/datasets/s1gfloods/A/image_946.png,data/datasets/s1gfloods/B/image_946.png,data/datasets/s1gfloods/Label/image_946.png
image_2436,data/datasets/s1gfloods/A/image_2436.png,data/datasets/s1gfloods/B/image_2436.png,data/datasets/s1gfloods/Label/image_2436.png
image_3201,data/datasets/s1gfloods/A/image_3201.png,data/datasets/s1gfloods/B/image_3201.png,data/datasets/s1gfloods/Label/image_3201.png
image_3504,data/datasets/s1gfloods/A/image_3504.png,data/datasets/s1gfloods/B/image_3504.png,data/datasets/s1gfloods/Label/image_3504.png
image_5123,data/datasets/s1gfloods/A/image_5123.png,data/datasets/s1gfloods/B/image_5123.png,data/datasets/s1gfloods/Label/image_5123.png
image_5224,data/datasets/s1gfloods/A/image_5224.png,data/datasets/s1gfloods/B/image_5224.png,data/datasets/s1gfloods/Label/image_5224.png
image_3166,data/datasets/s1gfloods/A/image_3166.png,data/datasets/s1gfloods/B/image_3166.png,data/datasets/s1gfloods/Label/image_3166.png
image_228,data/datasets/s1gfloods/A/image_228.png,data/datasets/s1gfloods/B/image_228.png,data/datasets/s1gfloods/Label/image_228.png
image_3227,data/datasets/s1gfloods/A/image_3227.png,data/datasets/s1gfloods/B/image_3227.png,data/datasets/s1gfloods/Label/image_3227.png
image_1412,data/datasets/s1gfloods/A/image_1412.png,data/datasets/s1gfloods/B/image_1412.png,data/datasets/s1gfloods/Label/image_1412.png
image_5104,data/datasets/s1gfloods/A/image_5104.png,data/datasets/s1gfloods/B/image_5104.png,data/datasets/s1gfloods/Label/image_5104.png
image_4666,data/datasets/s1gfloods/A/image_4666.png,data/datasets/s1gfloods/B/image_4666.png,data/datasets/s1gfloods/Label/image_4666.png
image_687,data/datasets/s1gfloods/A/image_687.png,data/datasets/s1gfloods/B/image_687.png,data/datasets/s1gfloods/Label/image_687.png
image_1030,data/datasets/s1gfloods/A/image_1030.png,data/datasets/s1gfloods/B/image_1030.png,data/datasets/s1gfloods/Label/image_1030.png
image_5047,data/datasets/s1gfloods/A/image_5047.png,data/datasets/s1gfloods/B/image_5047.png,data/datasets/s1gfloods/Label/image_5047.png
image_5040,data/datasets/s1gfloods/A/image_5040.png,data/datasets/s1gfloods/B/image_5040.png,data/datasets/s1gfloods/Label/image_5040.png
image_2517,data/datasets/s1gfloods/A/image_2517.png,data/datasets/s1gfloods/B/image_2517.png,data/datasets/s1gfloods/Label/image_2517.png
image_1071,data/datasets/s1gfloods/A/image_1071.png,data/datasets/s1gfloods/B/image_1071.png,data/datasets/s1gfloods/Label/image_1071.png
image_4509,data/datasets/s1gfloods/A/image_4509.png,data/datasets/s1gfloods/B/image_4509.png,data/datasets/s1gfloods/Label/image_4509.png
image_3324,data/datasets/s1gfloods/A/image_3324.png,data/datasets/s1gfloods/B/image_3324.png,data/datasets/s1gfloods/Label/image_3324.png
image_4359,data/datasets/s1gfloods/A/image_4359.png,data/datasets/s1gfloods/B/image_4359.png,data/datasets/s1gfloods/Label/image_4359.png
image_2623,data/datasets/s1gfloods/A/image_2623.png,data/datasets/s1gfloods/B/image_2623.png,data/datasets/s1gfloods/Label/image_2623.png
image_4413,data/datasets/s1gfloods/A/image_4413.png,data/datasets/s1gfloods/B/image_4413.png,data/datasets/s1gfloods/Label/image_4413.png
image_4851,data/datasets/s1gfloods/A/image_4851.png,data/datasets/s1gfloods/B/image_4851.png,data/datasets/s1gfloods/Label/image_4851.png
image_2725,data/datasets/s1gfloods/A/image_2725.png,data/datasets/s1gfloods/B/image_2725.png,data/datasets/s1gfloods/Label/image_2725.png
image_2089,data/datasets/s1gfloods/A/image_2089.png,data/datasets/s1gfloods/B/image_2089.png,data/datasets/s1gfloods/Label/image_2089.png
image_3890,data/datasets/s1gfloods/A/image_3890.png,data/datasets/s1gfloods/B/image_3890.png,data/datasets/s1gfloods/Label/image_3890.png
image_171,data/datasets/s1gfloods/A/image_171.png,data/datasets/s1gfloods/B/image_171.png,data/datasets/s1gfloods/Label/image_171.png
image_2433,data/datasets/s1gfloods/A/image_2433.png,data/datasets/s1gfloods/B/image_2433.png,data/datasets/s1gfloods/Label/image_2433.png
image_3915,data/datasets/s1gfloods/A/image_3915.png,data/datasets/s1gfloods/B/image_3915.png,data/datasets/s1gfloods/Label/image_3915.png
image_2699,data/datasets/s1gfloods/A/image_2699.png,data/datasets/s1gfloods/B/image_2699.png,data/datasets/s1gfloods/Label/image_2699.png
image_2378,data/datasets/s1gfloods/A/image_2378.png,data/datasets/s1gfloods/B/image_2378.png,data/datasets/s1gfloods/Label/image_2378.png
image_3553,data/datasets/s1gfloods/A/image_3553.png,data/datasets/s1gfloods/B/image_3553.png,data/datasets/s1gfloods/Label/image_3553.png
image_3041,data/datasets/s1gfloods/A/image_3041.png,data/datasets/s1gfloods/B/image_3041.png,data/datasets/s1gfloods/Label/image_3041.png
image_819,data/datasets/s1gfloods/A/image_819.png,data/datasets/s1gfloods/B/image_819.png,data/datasets/s1gfloods/Label/image_819.png
image_241,data/datasets/s1gfloods/A/image_241.png,data/datasets/s1gfloods/B/image_241.png,data/datasets/s1gfloods/Label/image_241.png
image_3749,data/datasets/s1gfloods/A/image_3749.png,data/datasets/s1gfloods/B/image_3749.png,data/datasets/s1gfloods/Label/image_3749.png
image_1920,data/datasets/s1gfloods/A/image_1920.png,data/datasets/s1gfloods/B/image_1920.png,data/datasets/s1gfloods/Label/image_1920.png
image_944,data/datasets/s1gfloods/A/image_944.png,data/datasets/s1gfloods/B/image_944.png,data/datasets/s1gfloods/Label/image_944.png
image_5350,data/datasets/s1gfloods/A/image_5350.png,data/datasets/s1gfloods/B/image_5350.png,data/datasets/s1gfloods/Label/image_5350.png
image_2929,data/datasets/s1gfloods/A/image_2929.png,data/datasets/s1gfloods/B/image_2929.png,data/datasets/s1gfloods/Label/image_2929.png
image_3817,data/datasets/s1gfloods/A/image_3817.png,data/datasets/s1gfloods/B/image_3817.png,data/datasets/s1gfloods/Label/image_3817.png
image_1743,data/datasets/s1gfloods/A/image_1743.png,data/datasets/s1gfloods/B/image_1743.png,data/datasets/s1gfloods/Label/image_1743.png
image_674,data/datasets/s1gfloods/A/image_674.png,data/datasets/s1gfloods/B/image_674.png,data/datasets/s1gfloods/Label/image_674.png
image_151,data/datasets/s1gfloods/A/image_151.png,data/datasets/s1gfloods/B/image_151.png,data/datasets/s1gfloods/Label/image_151.png
image_3700,data/datasets/s1gfloods/A/image_3700.png,data/datasets/s1gfloods/B/image_3700.png,data/datasets/s1gfloods/Label/image_3700.png
image_3388,data/datasets/s1gfloods/A/image_3388.png,data/datasets/s1gfloods/B/image_3388.png,data/datasets/s1gfloods/Label/image_3388.png
image_2471,data/datasets/s1gfloods/A/image_2471.png,data/datasets/s1gfloods/B/image_2471.png,data/datasets/s1gfloods/Label/image_2471.png
image_5159,data/datasets/s1gfloods/A/image_5159.png,data/datasets/s1gfloods/B/image_5159.png,data/datasets/s1gfloods/Label/image_5159.png
image_2823,data/datasets/s1gfloods/A/image_2823.png,data/datasets/s1gfloods/B/image_2823.png,data/datasets/s1gfloods/Label/image_2823.png
image_1426,data/datasets/s1gfloods/A/image_1426.png,data/datasets/s1gfloods/B/image_1426.png,data/datasets/s1gfloods/Label/image_1426.png
image_3272,data/datasets/s1gfloods/A/image_3272.png,data/datasets/s1gfloods/B/image_3272.png,data/datasets/s1gfloods/Label/image_3272.png
image_3108,data/datasets/s1gfloods/A/image_3108.png,data/datasets/s1gfloods/B/image_3108.png,data/datasets/s1gfloods/Label/image_3108.png
image_788,data/datasets/s1gfloods/A/image_788.png,data/datasets/s1gfloods/B/image_788.png,data/datasets/s1gfloods/Label/image_788.png
image_1951,data/datasets/s1gfloods/A/image_1951.png,data/datasets/s1gfloods/B/image_1951.png,data/datasets/s1gfloods/Label/image_1951.png
image_1567,data/datasets/s1gfloods/A/image_1567.png,data/datasets/s1gfloods/B/image_1567.png,data/datasets/s1gfloods/Label/image_1567.png
image_5246,data/datasets/s1gfloods/A/image_5246.png,data/datasets/s1gfloods/B/image_5246.png,data/datasets/s1gfloods/Label/image_5246.png
image_662,data/datasets/s1gfloods/A/image_662.png,data/datasets/s1gfloods/B/image_662.png,data/datasets/s1gfloods/Label/image_662.png
image_952,data/datasets/s1gfloods/A/image_952.png,data/datasets/s1gfloods/B/image_952.png,data/datasets/s1gfloods/Label/image_952.png
image_4597,data/datasets/s1gfloods/A/image_4597.png,data/datasets/s1gfloods/B/image_4597.png,data/datasets/s1gfloods/Label/image_4597.png
image_3006,data/datasets/s1gfloods/A/image_3006.png,data/datasets/s1gfloods/B/image_3006.png,data/datasets/s1gfloods/Label/image_3006.png
image_3527,data/datasets/s1gfloods/A/image_3527.png,data/datasets/s1gfloods/B/image_3527.png,data/datasets/s1gfloods/Label/image_3527.png
image_3873,data/datasets/s1gfloods/A/image_3873.png,data/datasets/s1gfloods/B/image_3873.png,data/datasets/s1gfloods/Label/image_3873.png
image_1317,data/datasets/s1gfloods/A/image_1317.png,data/datasets/s1gfloods/B/image_1317.png,data/datasets/s1gfloods/Label/image_1317.png
image_5303,data/datasets/s1gfloods/A/image_5303.png,data/datasets/s1gfloods/B/image_5303.png,data/datasets/s1gfloods/Label/image_5303.png
image_2561,data/datasets/s1gfloods/A/image_2561.png,data/datasets/s1gfloods/B/image_2561.png,data/datasets/s1gfloods/Label/image_2561.png
image_667,data/datasets/s1gfloods/A/image_667.png,data/datasets/s1gfloods/B/image_667.png,data/datasets/s1gfloods/Label/image_667.png
image_4764,data/datasets/s1gfloods/A/image_4764.png,data/datasets/s1gfloods/B/image_4764.png,data/datasets/s1gfloods/Label/image_4764.png
image_2811,data/datasets/s1gfloods/A/image_2811.png,data/datasets/s1gfloods/B/image_2811.png,data/datasets/s1gfloods/Label/image_2811.png
image_3218,data/datasets/s1gfloods/A/image_3218.png,data/datasets/s1gfloods/B/image_3218.png,data/datasets/s1gfloods/Label/image_3218.png
image_3395,data/datasets/s1gfloods/A/image_3395.png,data/datasets/s1gfloods/B/image_3395.png,data/datasets/s1gfloods/Label/image_3395.png
image_4840,data/datasets/s1gfloods/A/image_4840.png,data/datasets/s1gfloods/B/image_4840.png,data/datasets/s1gfloods/Label/image_4840.png
image_949,data/datasets/s1gfloods/A/image_949.png,data/datasets/s1gfloods/B/image_949.png,data/datasets/s1gfloods/Label/image_949.png
image_197,data/datasets/s1gfloods/A/image_197.png,data/datasets/s1gfloods/B/image_197.png,data/datasets/s1gfloods/Label/image_197.png
image_932,data/datasets/s1gfloods/A/image_932.png,data/datasets/s1gfloods/B/image_932.png,data/datasets/s1gfloods/Label/image_932.png
image_76,data/datasets/s1gfloods/A/image_76.png,data/datasets/s1gfloods/B/image_76.png,data/datasets/s1gfloods/Label/image_76.png
image_1871,data/datasets/s1gfloods/A/image_1871.png,data/datasets/s1gfloods/B/image_1871.png,data/datasets/s1gfloods/Label/image_1871.png
image_1539,data/datasets/s1gfloods/A/image_1539.png,data/datasets/s1gfloods/B/image_1539.png,data/datasets/s1gfloods/Label/image_1539.png
image_5324,data/datasets/s1gfloods/A/image_5324.png,data/datasets/s1gfloods/B/image_5324.png,data/datasets/s1gfloods/Label/image_5324.png
image_3094,data/datasets/s1gfloods/A/image_3094.png,data/datasets/s1gfloods/B/image_3094.png,data/datasets/s1gfloods/Label/image_3094.png
image_3558,data/datasets/s1gfloods/A/image_3558.png,data/datasets/s1gfloods/B/image_3558.png,data/datasets/s1gfloods/Label/image_3558.png
image_4868,data/datasets/s1gfloods/A/image_4868.png,data/datasets/s1gfloods/B/image_4868.png,data/datasets/s1gfloods/Label/image_4868.png
image_3519,data/datasets/s1gfloods/A/image_3519.png,data/datasets/s1gfloods/B/image_3519.png,data/datasets/s1gfloods/Label/image_3519.png
image_2649,data/datasets/s1gfloods/A/image_2649.png,data/datasets/s1gfloods/B/image_2649.png,data/datasets/s1gfloods/Label/image_2649.png
image_111,data/datasets/s1gfloods/A/image_111.png,data/datasets/s1gfloods/B/image_111.png,data/datasets/s1gfloods/Label/image_111.png
image_4725,data/datasets/s1gfloods/A/image_4725.png,data/datasets/s1gfloods/B/image_4725.png,data/datasets/s1gfloods/Label/image_4725.png
image_1133,data/datasets/s1gfloods/A/image_1133.png,data/datasets/s1gfloods/B/image_1133.png,data/datasets/s1gfloods/Label/image_1133.png
image_2648,data/datasets/s1gfloods/A/image_2648.png,data/datasets/s1gfloods/B/image_2648.png,data/datasets/s1gfloods/Label/image_2648.png
image_2981,data/datasets/s1gfloods/A/image_2981.png,data/datasets/s1gfloods/B/image_2981.png,data/datasets/s1gfloods/Label/image_2981.png
image_4032,data/datasets/s1gfloods/A/image_4032.png,data/datasets/s1gfloods/B/image_4032.png,data/datasets/s1gfloods/Label/image_4032.png
image_707,data/datasets/s1gfloods/A/image_707.png,data/datasets/s1gfloods/B/image_707.png,data/datasets/s1gfloods/Label/image_707.png
image_2735,data/datasets/s1gfloods/A/image_2735.png,data/datasets/s1gfloods/B/image_2735.png,data/datasets/s1gfloods/Label/image_2735.png
image_2018,data/datasets/s1gfloods/A/image_2018.png,data/datasets/s1gfloods/B/image_2018.png,data/datasets/s1gfloods/Label/image_2018.png
image_4356,data/datasets/s1gfloods/A/image_4356.png,data/datasets/s1gfloods/B/image_4356.png,data/datasets/s1gfloods/Label/image_4356.png
image_1566,data/datasets/s1gfloods/A/image_1566.png,data/datasets/s1gfloods/B/image_1566.png,data/datasets/s1gfloods/Label/image_1566.png
image_5046,data/datasets/s1gfloods/A/image_5046.png,data/datasets/s1gfloods/B/image_5046.png,data/datasets/s1gfloods/Label/image_5046.png
image_677,data/datasets/s1gfloods/A/image_677.png,data/datasets/s1gfloods/B/image_677.png,data/datasets/s1gfloods/Label/image_677.png
image_2917,data/datasets/s1gfloods/A/image_2917.png,data/datasets/s1gfloods/B/image_2917.png,data/datasets/s1gfloods/Label/image_2917.png
image_3249,data/datasets/s1gfloods/A/image_3249.png,data/datasets/s1gfloods/B/image_3249.png,data/datasets/s1gfloods/Label/image_3249.png
image_1785,data/datasets/s1gfloods/A/image_1785.png,data/datasets/s1gfloods/B/image_1785.png,data/datasets/s1gfloods/Label/image_1785.png
image_147,data/datasets/s1gfloods/A/image_147.png,data/datasets/s1gfloods/B/image_147.png,data/datasets/s1gfloods/Label/image_147.png
image_1347,data/datasets/s1gfloods/A/image_1347.png,data/datasets/s1gfloods/B/image_1347.png,data/datasets/s1gfloods/Label/image_1347.png
image_1876,data/datasets/s1gfloods/A/image_1876.png,data/datasets/s1gfloods/B/image_1876.png,data/datasets/s1gfloods/Label/image_1876.png
image_3377,data/datasets/s1gfloods/A/image_3377.png,data/datasets/s1gfloods/B/image_3377.png,data/datasets/s1gfloods/Label/image_3377.png
image_4204,data/datasets/s1gfloods/A/image_4204.png,data/datasets/s1gfloods/B/image_4204.png,data/datasets/s1gfloods/Label/image_4204.png
image_5176,data/datasets/s1gfloods/A/image_5176.png,data/datasets/s1gfloods/B/image_5176.png,data/datasets/s1gfloods/Label/image_5176.png
image_3946,data/datasets/s1gfloods/A/image_3946.png,data/datasets/s1gfloods/B/image_3946.png,data/datasets/s1gfloods/Label/image_3946.png
image_652,data/datasets/s1gfloods/A/image_652.png,data/datasets/s1gfloods/B/image_652.png,data/datasets/s1gfloods/Label/image_652.png
image_3757,data/datasets/s1gfloods/A/image_3757.png,data/datasets/s1gfloods/B/image_3757.png,data/datasets/s1gfloods/Label/image_3757.png
image_4184,data/datasets/s1gfloods/A/image_4184.png,data/datasets/s1gfloods/B/image_4184.png,data/datasets/s1gfloods/Label/image_4184.png
image_2650,data/datasets/s1gfloods/A/image_2650.png,data/datasets/s1gfloods/B/image_2650.png,data/datasets/s1gfloods/Label/image_2650.png
image_5216,data/datasets/s1gfloods/A/image_5216.png,data/datasets/s1gfloods/B/image_5216.png,data/datasets/s1gfloods/Label/image_5216.png
image_1559,data/datasets/s1gfloods/A/image_1559.png,data/datasets/s1gfloods/B/image_1559.png,data/datasets/s1gfloods/Label/image_1559.png
image_3562,data/datasets/s1gfloods/A/image_3562.png,data/datasets/s1gfloods/B/image_3562.png,data/datasets/s1gfloods/Label/image_3562.png
image_1334,data/datasets/s1gfloods/A/image_1334.png,data/datasets/s1gfloods/B/image_1334.png,data/datasets/s1gfloods/Label/image_1334.png
image_2073,data/datasets/s1gfloods/A/image_2073.png,data/datasets/s1gfloods/B/image_2073.png,data/datasets/s1gfloods/Label/image_2073.png
image_3537,data/datasets/s1gfloods/A/image_3537.png,data/datasets/s1gfloods/B/image_3537.png,data/datasets/s1gfloods/Label/image_3537.png
image_2352,data/datasets/s1gfloods/A/image_2352.png,data/datasets/s1gfloods/B/image_2352.png,data/datasets/s1gfloods/Label/image_2352.png
image_2162,data/datasets/s1gfloods/A/image_2162.png,data/datasets/s1gfloods/B/image_2162.png,data/datasets/s1gfloods/Label/image_2162.png
image_2001,data/datasets/s1gfloods/A/image_2001.png,data/datasets/s1gfloods/B/image_2001.png,data/datasets/s1gfloods/Label/image_2001.png
image_1380,data/datasets/s1gfloods/A/image_1380.png,data/datasets/s1gfloods/B/image_1380.png,data/datasets/s1gfloods/Label/image_1380.png
image_679,data/datasets/s1gfloods/A/image_679.png,data/datasets/s1gfloods/B/image_679.png,data/datasets/s1gfloods/Label/image_679.png
image_1906,data/datasets/s1gfloods/A/image_1906.png,data/datasets/s1gfloods/B/image_1906.png,data/datasets/s1gfloods/Label/image_1906.png
image_4484,data/datasets/s1gfloods/A/image_4484.png,data/datasets/s1gfloods/B/image_4484.png,data/datasets/s1gfloods/Label/image_4484.png
image_1365,data/datasets/s1gfloods/A/image_1365.png,data/datasets/s1gfloods/B/image_1365.png,data/datasets/s1gfloods/Label/image_1365.png
image_2285,data/datasets/s1gfloods/A/image_2285.png,data/datasets/s1gfloods/B/image_2285.png,data/datasets/s1gfloods/Label/image_2285.png
image_2746,data/datasets/s1gfloods/A/image_2746.png,data/datasets/s1gfloods/B/image_2746.png,data/datasets/s1gfloods/Label/image_2746.png
image_3568,data/datasets/s1gfloods/A/image_3568.png,data/datasets/s1gfloods/B/image_3568.png,data/datasets/s1gfloods/Label/image_3568.png
image_4683,data/datasets/s1gfloods/A/image_4683.png,data/datasets/s1gfloods/B/image_4683.png,data/datasets/s1gfloods/Label/image_4683.png
image_5237,data/datasets/s1gfloods/A/image_5237.png,data/datasets/s1gfloods/B/image_5237.png,data/datasets/s1gfloods/Label/image_5237.png
image_1881,data/datasets/s1gfloods/A/image_1881.png,data/datasets/s1gfloods/B/image_1881.png,data/datasets/s1gfloods/Label/image_1881.png
image_2730,data/datasets/s1gfloods/A/image_2730.png,data/datasets/s1gfloods/B/image_2730.png,data/datasets/s1gfloods/Label/image_2730.png
image_4491,data/datasets/s1gfloods/A/image_4491.png,data/datasets/s1gfloods/B/image_4491.png,data/datasets/s1gfloods/Label/image_4491.png
image_4013,data/datasets/s1gfloods/A/image_4013.png,data/datasets/s1gfloods/B/image_4013.png,data/datasets/s1gfloods/Label/image_4013.png
image_4560,data/datasets/s1gfloods/A/image_4560.png,data/datasets/s1gfloods/B/image_4560.png,data/datasets/s1gfloods/Label/image_4560.png
image_1870,data/datasets/s1gfloods/A/image_1870.png,data/datasets/s1gfloods/B/image_1870.png,data/datasets/s1gfloods/Label/image_1870.png
image_5335,data/datasets/s1gfloods/A/image_5335.png,data/datasets/s1gfloods/B/image_5335.png,data/datasets/s1gfloods/Label/image_5335.png
image_449,data/datasets/s1gfloods/A/image_449.png,data/datasets/s1gfloods/B/image_449.png,data/datasets/s1gfloods/Label/image_449.png
image_4799,data/datasets/s1gfloods/A/image_4799.png,data/datasets/s1gfloods/B/image_4799.png,data/datasets/s1gfloods/Label/image_4799.png
image_4532,data/datasets/s1gfloods/A/image_4532.png,data/datasets/s1gfloods/B/image_4532.png,data/datasets/s1gfloods/Label/image_4532.png
image_181,data/datasets/s1gfloods/A/image_181.png,data/datasets/s1gfloods/B/image_181.png,data/datasets/s1gfloods/Label/image_181.png
image_5332,data/datasets/s1gfloods/A/image_5332.png,data/datasets/s1gfloods/B/image_5332.png,data/datasets/s1gfloods/Label/image_5332.png
image_3184,data/datasets/s1gfloods/A/image_3184.png,data/datasets/s1gfloods/B/image_3184.png,data/datasets/s1gfloods/Label/image_3184.png
image_1455,data/datasets/s1gfloods/A/image_1455.png,data/datasets/s1gfloods/B/image_1455.png,data/datasets/s1gfloods/Label/image_1455.png
image_5121,data/datasets/s1gfloods/A/image_5121.png,data/datasets/s1gfloods/B/image_5121.png,data/datasets/s1gfloods/Label/image_5121.png
image_4599,data/datasets/s1gfloods/A/image_4599.png,data/datasets/s1gfloods/B/image_4599.png,data/datasets/s1gfloods/Label/image_4599.png
image_3748,data/datasets/s1gfloods/A/image_3748.png,data/datasets/s1gfloods/B/image_3748.png,data/datasets/s1gfloods/Label/image_3748.png
image_2701,data/datasets/s1gfloods/A/image_2701.png,data/datasets/s1gfloods/B/image_2701.png,data/datasets/s1gfloods/Label/image_2701.png
image_4862,data/datasets/s1gfloods/A/image_4862.png,data/datasets/s1gfloods/B/image_4862.png,data/datasets/s1gfloods/Label/image_4862.png
image_1877,data/datasets/s1gfloods/A/image_1877.png,data/datasets/s1gfloods/B/image_1877.png,data/datasets/s1gfloods/Label/image_1877.png
image_3898,data/datasets/s1gfloods/A/image_3898.png,data/datasets/s1gfloods/B/image_3898.png,data/datasets/s1gfloods/Label/image_3898.png
image_4127,data/datasets/s1gfloods/A/image_4127.png,data/datasets/s1gfloods/B/image_4127.png,data/datasets/s1gfloods/Label/image_4127.png
image_4416,data/datasets/s1gfloods/A/image_4416.png,data/datasets/s1gfloods/B/image_4416.png,data/datasets/s1gfloods/Label/image_4416.png
image_1834,data/datasets/s1gfloods/A/image_1834.png,data/datasets/s1gfloods/B/image_1834.png,data/datasets/s1gfloods/Label/image_1834.png
image_90,data/datasets/s1gfloods/A/image_90.png,data/datasets/s1gfloods/B/image_90.png,data/datasets/s1gfloods/Label/image_90.png
image_4551,data/datasets/s1gfloods/A/image_4551.png,data/datasets/s1gfloods/B/image_4551.png,data/datasets/s1gfloods/Label/image_4551.png
image_3453,data/datasets/s1gfloods/A/image_3453.png,data/datasets/s1gfloods/B/image_3453.png,data/datasets/s1gfloods/Label/image_3453.png
image_2762,data/datasets/s1gfloods/A/image_2762.png,data/datasets/s1gfloods/B/image_2762.png,data/datasets/s1gfloods/Label/image_2762.png
image_2109,data/datasets/s1gfloods/A/image_2109.png,data/datasets/s1gfloods/B/image_2109.png,data/datasets/s1gfloods/Label/image_2109.png
image_4573,data/datasets/s1gfloods/A/image_4573.png,data/datasets/s1gfloods/B/image_4573.png,data/datasets/s1gfloods/Label/image_4573.png
image_3889,data/datasets/s1gfloods/A/image_3889.png,data/datasets/s1gfloods/B/image_3889.png,data/datasets/s1gfloods/Label/image_3889.png
image_1646,data/datasets/s1gfloods/A/image_1646.png,data/datasets/s1gfloods/B/image_1646.png,data/datasets/s1gfloods/Label/image_1646.png
image_4547,data/datasets/s1gfloods/A/image_4547.png,data/datasets/s1gfloods/B/image_4547.png,data/datasets/s1gfloods/Label/image_4547.png
image_1032,data/datasets/s1gfloods/A/image_1032.png,data/datasets/s1gfloods/B/image_1032.png,data/datasets/s1gfloods/Label/image_1032.png
image_2585,data/datasets/s1gfloods/A/image_2585.png,data/datasets/s1gfloods/B/image_2585.png,data/datasets/s1gfloods/Label/image_2585.png
image_2013,data/datasets/s1gfloods/A/image_2013.png,data/datasets/s1gfloods/B/image_2013.png,data/datasets/s1gfloods/Label/image_2013.png
image_3542,data/datasets/s1gfloods/A/image_3542.png,data/datasets/s1gfloods/B/image_3542.png,data/datasets/s1gfloods/Label/image_3542.png
image_2955,data/datasets/s1gfloods/A/image_2955.png,data/datasets/s1gfloods/B/image_2955.png,data/datasets/s1gfloods/Label/image_2955.png
image_661,data/datasets/s1gfloods/A/image_661.png,data/datasets/s1gfloods/B/image_661.png,data/datasets/s1gfloods/Label/image_661.png
image_2814,data/datasets/s1gfloods/A/image_2814.png,data/datasets/s1gfloods/B/image_2814.png,data/datasets/s1gfloods/Label/image_2814.png
image_3147,data/datasets/s1gfloods/A/image_3147.png,data/datasets/s1gfloods/B/image_3147.png,data/datasets/s1gfloods/Label/image_3147.png
image_1127,data/datasets/s1gfloods/A/image_1127.png,data/datasets/s1gfloods/B/image_1127.png,data/datasets/s1gfloods/Label/image_1127.png
image_3653,data/datasets/s1gfloods/A/image_3653.png,data/datasets/s1gfloods/B/image_3653.png,data/datasets/s1gfloods/Label/image_3653.png
image_1307,data/datasets/s1gfloods/A/image_1307.png,data/datasets/s1gfloods/B/image_1307.png,data/datasets/s1gfloods/Label/image_1307.png
image_3935,data/datasets/s1gfloods/A/image_3935.png,data/datasets/s1gfloods/B/image_3935.png,data/datasets/s1gfloods/Label/image_3935.png
image_2077,data/datasets/s1gfloods/A/image_2077.png,data/datasets/s1gfloods/B/image_2077.png,data/datasets/s1gfloods/Label/image_2077.png
image_3106,data/datasets/s1gfloods/A/image_3106.png,data/datasets/s1gfloods/B/image_3106.png,data/datasets/s1gfloods/Label/image_3106.png
image_3867,data/datasets/s1gfloods/A/image_3867.png,data/datasets/s1gfloods/B/image_3867.png,data/datasets/s1gfloods/Label/image_3867.png
image_1678,data/datasets/s1gfloods/A/image_1678.png,data/datasets/s1gfloods/B/image_1678.png,data/datasets/s1gfloods/Label/image_1678.png
image_1322,data/datasets/s1gfloods/A/image_1322.png,data/datasets/s1gfloods/B/image_1322.png,data/datasets/s1gfloods/Label/image_1322.png
image_2196,data/datasets/s1gfloods/A/image_2196.png,data/datasets/s1gfloods/B/image_2196.png,data/datasets/s1gfloods/Label/image_2196.png
image_1945,data/datasets/s1gfloods/A/image_1945.png,data/datasets/s1gfloods/B/image_1945.png,data/datasets/s1gfloods/Label/image_1945.png
image_1044,data/datasets/s1gfloods/A/image_1044.png,data/datasets/s1gfloods/B/image_1044.png,data/datasets/s1gfloods/Label/image_1044.png
image_4567,data/datasets/s1gfloods/A/image_4567.png,data/datasets/s1gfloods/B/image_4567.png,data/datasets/s1gfloods/Label/image_4567.png
image_1294,data/datasets/s1gfloods/A/image_1294.png,data/datasets/s1gfloods/B/image_1294.png,data/datasets/s1gfloods/Label/image_1294.png
image_3344,data/datasets/s1gfloods/A/image_3344.png,data/datasets/s1gfloods/B/image_3344.png,data/datasets/s1gfloods/Label/image_3344.png
image_4083,data/datasets/s1gfloods/A/image_4083.png,data/datasets/s1gfloods/B/image_4083.png,data/datasets/s1gfloods/Label/image_4083.png
image_780,data/datasets/s1gfloods/A/image_780.png,data/datasets/s1gfloods/B/image_780.png,data/datasets/s1gfloods/Label/image_780.png
image_888,data/datasets/s1gfloods/A/image_888.png,data/datasets/s1gfloods/B/image_888.png,data/datasets/s1gfloods/Label/image_888.png
image_2689,data/datasets/s1gfloods/A/image_2689.png,data/datasets/s1gfloods/B/image_2689.png,data/datasets/s1gfloods/Label/image_2689.png
image_919,data/datasets/s1gfloods/A/image_919.png,data/datasets/s1gfloods/B/image_919.png,data/datasets/s1gfloods/Label/image_919.png
image_4468,data/datasets/s1gfloods/A/image_4468.png,data/datasets/s1gfloods/B/image_4468.png,data/datasets/s1gfloods/Label/image_4468.png
image_4010,data/datasets/s1gfloods/A/image_4010.png,data/datasets/s1gfloods/B/image_4010.png,data/datasets/s1gfloods/Label/image_4010.png
image_4537,data/datasets/s1gfloods/A/image_4537.png,data/datasets/s1gfloods/B/image_4537.png,data/datasets/s1gfloods/Label/image_4537.png
image_4897,data/datasets/s1gfloods/A/image_4897.png,data/datasets/s1gfloods/B/image_4897.png,data/datasets/s1gfloods/Label/image_4897.png
image_1901,data/datasets/s1gfloods/A/image_1901.png,data/datasets/s1gfloods/B/image_1901.png,data/datasets/s1gfloods/Label/image_1901.png
image_2083,data/datasets/s1gfloods/A/image_2083.png,data/datasets/s1gfloods/B/image_2083.png,data/datasets/s1gfloods/Label/image_2083.png
image_644,data/datasets/s1gfloods/A/image_644.png,data/datasets/s1gfloods/B/image_644.png,data/datasets/s1gfloods/Label/image_644.png
image_240,data/datasets/s1gfloods/A/image_240.png,data/datasets/s1gfloods/B/image_240.png,data/datasets/s1gfloods/Label/image_240.png
image_1570,data/datasets/s1gfloods/A/image_1570.png,data/datasets/s1gfloods/B/image_1570.png,data/datasets/s1gfloods/Label/image_1570.png
image_3656,data/datasets/s1gfloods/A/image_3656.png,data/datasets/s1gfloods/B/image_3656.png,data/datasets/s1gfloods/Label/image_3656.png
image_4254,data/datasets/s1gfloods/A/image_4254.png,data/datasets/s1gfloods/B/image_4254.png,data/datasets/s1gfloods/Label/image_4254.png
image_1636,data/datasets/s1gfloods/A/image_1636.png,data/datasets/s1gfloods/B/image_1636.png,data/datasets/s1gfloods/Label/image_1636.png
image_1658,data/datasets/s1gfloods/A/image_1658.png,data/datasets/s1gfloods/B/image_1658.png,data/datasets/s1gfloods/Label/image_1658.png
image_863,data/datasets/s1gfloods/A/image_863.png,data/datasets/s1gfloods/B/image_863.png,data/datasets/s1gfloods/Label/image_863.png
image_834,data/datasets/s1gfloods/A/image_834.png,data/datasets/s1gfloods/B/image_834.png,data/datasets/s1gfloods/Label/image_834.png
image_342,data/datasets/s1gfloods/A/image_342.png,data/datasets/s1gfloods/B/image_342.png,data/datasets/s1gfloods/Label/image_342.png
image_2455,data/datasets/s1gfloods/A/image_2455.png,data/datasets/s1gfloods/B/image_2455.png,data/datasets/s1gfloods/Label/image_2455.png
image_3222,data/datasets/s1gfloods/A/image_3222.png,data/datasets/s1gfloods/B/image_3222.png,data/datasets/s1gfloods/Label/image_3222.png
image_791,data/datasets/s1gfloods/A/image_791.png,data/datasets/s1gfloods/B/image_791.png,data/datasets/s1gfloods/Label/image_791.png
image_502,data/datasets/s1gfloods/A/image_502.png,data/datasets/s1gfloods/B/image_502.png,data/datasets/s1gfloods/Label/image_502.png
image_3760,data/datasets/s1gfloods/A/image_3760.png,data/datasets/s1gfloods/B/image_3760.png,data/datasets/s1gfloods/Label/image_3760.png
image_1688,data/datasets/s1gfloods/A/image_1688.png,data/datasets/s1gfloods/B/image_1688.png,data/datasets/s1gfloods/Label/image_1688.png
image_4591,data/datasets/s1gfloods/A/image_4591.png,data/datasets/s1gfloods/B/image_4591.png,data/datasets/s1gfloods/Label/image_4591.png
image_66,data/datasets/s1gfloods/A/image_66.png,data/datasets/s1gfloods/B/image_66.png,data/datasets/s1gfloods/Label/image_66.png
image_2847,data/datasets/s1gfloods/A/image_2847.png,data/datasets/s1gfloods/B/image_2847.png,data/datasets/s1gfloods/Label/image_2847.png
image_2902,data/datasets/s1gfloods/A/image_2902.png,data/datasets/s1gfloods/B/image_2902.png,data/datasets/s1gfloods/Label/image_2902.png
image_4250,data/datasets/s1gfloods/A/image_4250.png,data/datasets/s1gfloods/B/image_4250.png,data/datasets/s1gfloods/Label/image_4250.png
image_4475,data/datasets/s1gfloods/A/image_4475.png,data/datasets/s1gfloods/B/image_4475.png,data/datasets/s1gfloods/Label/image_4475.png
image_1417,data/datasets/s1gfloods/A/image_1417.png,data/datasets/s1gfloods/B/image_1417.png,data/datasets/s1gfloods/Label/image_1417.png
image_1413,data/datasets/s1gfloods/A/image_1413.png,data/datasets/s1gfloods/B/image_1413.png,data/datasets/s1gfloods/Label/image_1413.png
image_3728,data/datasets/s1gfloods/A/image_3728.png,data/datasets/s1gfloods/B/image_3728.png,data/datasets/s1gfloods/Label/image_3728.png
image_632,data/datasets/s1gfloods/A/image_632.png,data/datasets/s1gfloods/B/image_632.png,data/datasets/s1gfloods/Label/image_632.png
image_659,data/datasets/s1gfloods/A/image_659.png,data/datasets/s1gfloods/B/image_659.png,data/datasets/s1gfloods/Label/image_659.png
image_2721,data/datasets/s1gfloods/A/image_2721.png,data/datasets/s1gfloods/B/image_2721.png,data/datasets/s1gfloods/Label/image_2721.png
image_1685,data/datasets/s1gfloods/A/image_1685.png,data/datasets/s1gfloods/B/image_1685.png,data/datasets/s1gfloods/Label/image_1685.png
image_4109,data/datasets/s1gfloods/A/image_4109.png,data/datasets/s1gfloods/B/image_4109.png,data/datasets/s1gfloods/Label/image_4109.png
image_903,data/datasets/s1gfloods/A/image_903.png,data/datasets/s1gfloods/B/image_903.png,data/datasets/s1gfloods/Label/image_903.png
image_1941,data/datasets/s1gfloods/A/image_1941.png,data/datasets/s1gfloods/B/image_1941.png,data/datasets/s1gfloods/Label/image_1941.png
image_4962,data/datasets/s1gfloods/A/image_4962.png,data/datasets/s1gfloods/B/image_4962.png,data/datasets/s1gfloods/Label/image_4962.png
image_4143,data/datasets/s1gfloods/A/image_4143.png,data/datasets/s1gfloods/B/image_4143.png,data/datasets/s1gfloods/Label/image_4143.png
image_2059,data/datasets/s1gfloods/A/image_2059.png,data/datasets/s1gfloods/B/image_2059.png,data/datasets/s1gfloods/Label/image_2059.png
image_256,data/datasets/s1gfloods/A/image_256.png,data/datasets/s1gfloods/B/image_256.png,data/datasets/s1gfloods/Label/image_256.png
image_4158,data/datasets/s1gfloods/A/image_4158.png,data/datasets/s1gfloods/B/image_4158.png,data/datasets/s1gfloods/Label/image_4158.png
image_5235,data/datasets/s1gfloods/A/image_5235.png,data/datasets/s1gfloods/B/image_5235.png,data/datasets/s1gfloods/Label/image_5235.png
image_1153,data/datasets/s1gfloods/A/image_1153.png,data/datasets/s1gfloods/B/image_1153.png,data/datasets/s1gfloods/Label/image_1153.png
image_2194,data/datasets/s1gfloods/A/image_2194.png,data/datasets/s1gfloods/B/image_2194.png,data/datasets/s1gfloods/Label/image_2194.png
image_52,data/datasets/s1gfloods/A/image_52.png,data/datasets/s1gfloods/B/image_52.png,data/datasets/s1gfloods/Label/image_52.png
image_1492,data/datasets/s1gfloods/A/image_1492.png,data/datasets/s1gfloods/B/image_1492.png,data/datasets/s1gfloods/Label/image_1492.png
image_4770,data/datasets/s1gfloods/A/image_4770.png,data/datasets/s1gfloods/B/image_4770.png,data/datasets/s1gfloods/Label/image_4770.png
image_4945,data/datasets/s1gfloods/A/image_4945.png,data/datasets/s1gfloods/B/image_4945.png,data/datasets/s1gfloods/Label/image_4945.png
image_1261,data/datasets/s1gfloods/A/image_1261.png,data/datasets/s1gfloods/B/image_1261.png,data/datasets/s1gfloods/Label/image_1261.png
image_1358,data/datasets/s1gfloods/A/image_1358.png,data/datasets/s1gfloods/B/image_1358.png,data/datasets/s1gfloods/Label/image_1358.png
image_3462,data/datasets/s1gfloods/A/image_3462.png,data/datasets/s1gfloods/B/image_3462.png,data/datasets/s1gfloods/Label/image_3462.png
image_3289,data/datasets/s1gfloods/A/image_3289.png,data/datasets/s1gfloods/B/image_3289.png,data/datasets/s1gfloods/Label/image_3289.png
image_5336,data/datasets/s1gfloods/A/image_5336.png,data/datasets/s1gfloods/B/image_5336.png,data/datasets/s1gfloods/Label/image_5336.png
image_2481,data/datasets/s1gfloods/A/image_2481.png,data/datasets/s1gfloods/B/image_2481.png,data/datasets/s1gfloods/Label/image_2481.png
image_931,data/datasets/s1gfloods/A/image_931.png,data/datasets/s1gfloods/B/image_931.png,data/datasets/s1gfloods/Label/image_931.png
image_1362,data/datasets/s1gfloods/A/image_1362.png,data/datasets/s1gfloods/B/image_1362.png,data/datasets/s1gfloods/Label/image_1362.png
image_3250,data/datasets/s1gfloods/A/image_3250.png,data/datasets/s1gfloods/B/image_3250.png,data/datasets/s1gfloods/Label/image_3250.png
image_4279,data/datasets/s1gfloods/A/image_4279.png,data/datasets/s1gfloods/B/image_4279.png,data/datasets/s1gfloods/Label/image_4279.png
image_2877,data/datasets/s1gfloods/A/image_2877.png,data/datasets/s1gfloods/B/image_2877.png,data/datasets/s1gfloods/Label/image_2877.png
image_4102,data/datasets/s1gfloods/A/image_4102.png,data/datasets/s1gfloods/B/image_4102.png,data/datasets/s1gfloods/Label/image_4102.png
image_5277,data/datasets/s1gfloods/A/image_5277.png,data/datasets/s1gfloods/B/image_5277.png,data/datasets/s1gfloods/Label/image_5277.png
image_237,data/datasets/s1gfloods/A/image_237.png,data/datasets/s1gfloods/B/image_237.png,data/datasets/s1gfloods/Label/image_237.png
image_2337,data/datasets/s1gfloods/A/image_2337.png,data/datasets/s1gfloods/B/image_2337.png,data/datasets/s1gfloods/Label/image_2337.png
image_1500,data/datasets/s1gfloods/A/image_1500.png,data/datasets/s1gfloods/B/image_1500.png,data/datasets/s1gfloods/Label/image_1500.png
image_4497,data/datasets/s1gfloods/A/image_4497.png,data/datasets/s1gfloods/B/image_4497.png,data/datasets/s1gfloods/Label/image_4497.png
image_2220,data/datasets/s1gfloods/A/image_2220.png,data/datasets/s1gfloods/B/image_2220.png,data/datasets/s1gfloods/Label/image_2220.png
image_3306,data/datasets/s1gfloods/A/image_3306.png,data/datasets/s1gfloods/B/image_3306.png,data/datasets/s1gfloods/Label/image_3306.png
image_4670,data/datasets/s1gfloods/A/image_4670.png,data/datasets/s1gfloods/B/image_4670.png,data/datasets/s1gfloods/Label/image_4670.png
image_3909,data/datasets/s1gfloods/A/image_3909.png,data/datasets/s1gfloods/B/image_3909.png,data/datasets/s1gfloods/Label/image_3909.png
image_2660,data/datasets/s1gfloods/A/image_2660.png,data/datasets/s1gfloods/B/image_2660.png,data/datasets/s1gfloods/Label/image_2660.png
image_4652,data/datasets/s1gfloods/A/image_4652.png,data/datasets/s1gfloods/B/image_4652.png,data/datasets/s1gfloods/Label/image_4652.png
image_852,data/datasets/s1gfloods/A/image_852.png,data/datasets/s1gfloods/B/image_852.png,data/datasets/s1gfloods/Label/image_852.png
image_4511,data/datasets/s1gfloods/A/image_4511.png,data/datasets/s1gfloods/B/image_4511.png,data/datasets/s1gfloods/Label/image_4511.png
image_3695,data/datasets/s1gfloods/A/image_3695.png,data/datasets/s1gfloods/B/image_3695.png,data/datasets/s1gfloods/Label/image_3695.png
image_2954,data/datasets/s1gfloods/A/image_2954.png,data/datasets/s1gfloods/B/image_2954.png,data/datasets/s1gfloods/Label/image_2954.png
image_1255,data/datasets/s1gfloods/A/image_1255.png,data/datasets/s1gfloods/B/image_1255.png,data/datasets/s1gfloods/Label/image_1255.png
image_73,data/datasets/s1gfloods/A/image_73.png,data/datasets/s1gfloods/B/image_73.png,data/datasets/s1gfloods/Label/image_73.png
image_2537,data/datasets/s1gfloods/A/image_2537.png,data/datasets/s1gfloods/B/image_2537.png,data/datasets/s1gfloods/Label/image_2537.png
image_1461,data/datasets/s1gfloods/A/image_1461.png,data/datasets/s1gfloods/B/image_1461.png,data/datasets/s1gfloods/Label/image_1461.png
image_1250,data/datasets/s1gfloods/A/image_1250.png,data/datasets/s1gfloods/B/image_1250.png,data/datasets/s1gfloods/Label/image_1250.png
image_5151,data/datasets/s1gfloods/A/image_5151.png,data/datasets/s1gfloods/B/image_5151.png,data/datasets/s1gfloods/Label/image_5151.png
image_709,data/datasets/s1gfloods/A/image_709.png,data/datasets/s1gfloods/B/image_709.png,data/datasets/s1gfloods/Label/image_709.png
image_2008,data/datasets/s1gfloods/A/image_2008.png,data/datasets/s1gfloods/B/image_2008.png,data/datasets/s1gfloods/Label/image_2008.png
image_2963,data/datasets/s1gfloods/A/image_2963.png,data/datasets/s1gfloods/B/image_2963.png,data/datasets/s1gfloods/Label/image_2963.png
image_2147,data/datasets/s1gfloods/A/image_2147.png,data/datasets/s1gfloods/B/image_2147.png,data/datasets/s1gfloods/Label/image_2147.png
image_215,data/datasets/s1gfloods/A/image_215.png,data/datasets/s1gfloods/B/image_215.png,data/datasets/s1gfloods/Label/image_215.png
image_526,data/datasets/s1gfloods/A/image_526.png,data/datasets/s1gfloods/B/image_526.png,data/datasets/s1gfloods/Label/image_526.png
image_3387,data/datasets/s1gfloods/A/image_3387.png,data/datasets/s1gfloods/B/image_3387.png,data/datasets/s1gfloods/Label/image_3387.png
image_1740,data/datasets/s1gfloods/A/image_1740.png,data/datasets/s1gfloods/B/image_1740.png,data/datasets/s1gfloods/Label/image_1740.png
image_3448,data/datasets/s1gfloods/A/image_3448.png,data/datasets/s1gfloods/B/image_3448.png,data/datasets/s1gfloods/Label/image_3448.png
image_4023,data/datasets/s1gfloods/A/image_4023.png,data/datasets/s1gfloods/B/image_4023.png,data/datasets/s1gfloods/Label/image_4023.png
image_3376,data/datasets/s1gfloods/A/image_3376.png,data/datasets/s1gfloods/B/image_3376.png,data/datasets/s1gfloods/Label/image_3376.png
image_4076,data/datasets/s1gfloods/A/image_4076.png,data/datasets/s1gfloods/B/image_4076.png,data/datasets/s1gfloods/Label/image_4076.png
image_3305,data/datasets/s1gfloods/A/image_3305.png,data/datasets/s1gfloods/B/image_3305.png,data/datasets/s1gfloods/Label/image_3305.png
image_2234,data/datasets/s1gfloods/A/image_2234.png,data/datasets/s1gfloods/B/image_2234.png,data/datasets/s1gfloods/Label/image_2234.png
image_5060,data/datasets/s1gfloods/A/image_5060.png,data/datasets/s1gfloods/B/image_5060.png,data/datasets/s1gfloods/Label/image_5060.png
image_1671,data/datasets/s1gfloods/A/image_1671.png,data/datasets/s1gfloods/B/image_1671.png,data/datasets/s1gfloods/Label/image_1671.png
image_5105,data/datasets/s1gfloods/A/image_5105.png,data/datasets/s1gfloods/B/image_5105.png,data/datasets/s1gfloods/Label/image_5105.png
image_4909,data/datasets/s1gfloods/A/image_4909.png,data/datasets/s1gfloods/B/image_4909.png,data/datasets/s1gfloods/Label/image_4909.png
image_3192,data/datasets/s1gfloods/A/image_3192.png,data/datasets/s1gfloods/B/image_3192.png,data/datasets/s1gfloods/Label/image_3192.png
image_3074,data/datasets/s1gfloods/A/image_3074.png,data/datasets/s1gfloods/B/image_3074.png,data/datasets/s1gfloods/Label/image_3074.png
image_122,data/datasets/s1gfloods/A/image_122.png,data/datasets/s1gfloods/B/image_122.png,data/datasets/s1gfloods/Label/image_122.png
image_4993,data/datasets/s1gfloods/A/image_4993.png,data/datasets/s1gfloods/B/image_4993.png,data/datasets/s1gfloods/Label/image_4993.png
image_3693,data/datasets/s1gfloods/A/image_3693.png,data/datasets/s1gfloods/B/image_3693.png,data/datasets/s1gfloods/Label/image_3693.png
image_688,data/datasets/s1gfloods/A/image_688.png,data/datasets/s1gfloods/B/image_688.png,data/datasets/s1gfloods/Label/image_688.png
image_4842,data/datasets/s1gfloods/A/image_4842.png,data/datasets/s1gfloods/B/image_4842.png,data/datasets/s1gfloods/Label/image_4842.png
image_4436,data/datasets/s1gfloods/A/image_4436.png,data/datasets/s1gfloods/B/image_4436.png,data/datasets/s1gfloods/Label/image_4436.png
image_838,data/datasets/s1gfloods/A/image_838.png,data/datasets/s1gfloods/B/image_838.png,data/datasets/s1gfloods/Label/image_838.png
image_405,data/datasets/s1gfloods/A/image_405.png,data/datasets/s1gfloods/B/image_405.png,data/datasets/s1gfloods/Label/image_405.png
image_2397,data/datasets/s1gfloods/A/image_2397.png,data/datasets/s1gfloods/B/image_2397.png,data/datasets/s1gfloods/Label/image_2397.png
image_1006,data/datasets/s1gfloods/A/image_1006.png,data/datasets/s1gfloods/B/image_1006.png,data/datasets/s1gfloods/Label/image_1006.png
image_4830,data/datasets/s1gfloods/A/image_4830.png,data/datasets/s1gfloods/B/image_4830.png,data/datasets/s1gfloods/Label/image_4830.png
image_1170,data/datasets/s1gfloods/A/image_1170.png,data/datasets/s1gfloods/B/image_1170.png,data/datasets/s1gfloods/Label/image_1170.png
image_1443,data/datasets/s1gfloods/A/image_1443.png,data/datasets/s1gfloods/B/image_1443.png,data/datasets/s1gfloods/Label/image_1443.png
image_759,data/datasets/s1gfloods/A/image_759.png,data/datasets/s1gfloods/B/image_759.png,data/datasets/s1gfloods/Label/image_759.png
image_3628,data/datasets/s1gfloods/A/image_3628.png,data/datasets/s1gfloods/B/image_3628.png,data/datasets/s1gfloods/Label/image_3628.png
image_3335,data/datasets/s1gfloods/A/image_3335.png,data/datasets/s1gfloods/B/image_3335.png,data/datasets/s1gfloods/Label/image_3335.png
image_3404,data/datasets/s1gfloods/A/image_3404.png,data/datasets/s1gfloods/B/image_3404.png,data/datasets/s1gfloods/Label/image_3404.png
image_950,data/datasets/s1gfloods/A/image_950.png,data/datasets/s1gfloods/B/image_950.png,data/datasets/s1gfloods/Label/image_950.png
image_3657,data/datasets/s1gfloods/A/image_3657.png,data/datasets/s1gfloods/B/image_3657.png,data/datasets/s1gfloods/Label/image_3657.png
image_2798,data/datasets/s1gfloods/A/image_2798.png,data/datasets/s1gfloods/B/image_2798.png,data/datasets/s1gfloods/Label/image_2798.png
image_418,data/datasets/s1gfloods/A/image_418.png,data/datasets/s1gfloods/B/image_418.png,data/datasets/s1gfloods/Label/image_418.png
image_812,data/datasets/s1gfloods/A/image_812.png,data/datasets/s1gfloods/B/image_812.png,data/datasets/s1gfloods/Label/image_812.png
image_196,data/datasets/s1gfloods/A/image_196.png,data/datasets/s1gfloods/B/image_196.png,data/datasets/s1gfloods/Label/image_196.png
image_1165,data/datasets/s1gfloods/A/image_1165.png,data/datasets/s1gfloods/B/image_1165.png,data/datasets/s1gfloods/Label/image_1165.png
image_4471,data/datasets/s1gfloods/A/image_4471.png,data/datasets/s1gfloods/B/image_4471.png,data/datasets/s1gfloods/Label/image_4471.png
image_3095,data/datasets/s1gfloods/A/image_3095.png,data/datasets/s1gfloods/B/image_3095.png,data/datasets/s1gfloods/Label/image_3095.png
image_5321,data/datasets/s1gfloods/A/image_5321.png,data/datasets/s1gfloods/B/image_5321.png,data/datasets/s1gfloods/Label/image_5321.png
image_4406,data/datasets/s1gfloods/A/image_4406.png,data/datasets/s1gfloods/B/image_4406.png,data/datasets/s1gfloods/Label/image_4406.png
image_1338,data/datasets/s1gfloods/A/image_1338.png,data/datasets/s1gfloods/B/image_1338.png,data/datasets/s1gfloods/Label/image_1338.png
image_78,data/datasets/s1gfloods/A/image_78.png,data/datasets/s1gfloods/B/image_78.png,data/datasets/s1gfloods/Label/image_78.png
image_2661,data/datasets/s1gfloods/A/image_2661.png,data/datasets/s1gfloods/B/image_2661.png,data/datasets/s1gfloods/Label/image_2661.png
image_4237,data/datasets/s1gfloods/A/image_4237.png,data/datasets/s1gfloods/B/image_4237.png,data/datasets/s1gfloods/Label/image_4237.png
image_357,data/datasets/s1gfloods/A/image_357.png,data/datasets/s1gfloods/B/image_357.png,data/datasets/s1gfloods/Label/image_357.png
image_4376,data/datasets/s1gfloods/A/image_4376.png,data/datasets/s1gfloods/B/image_4376.png,data/datasets/s1gfloods/Label/image_4376.png
image_4867,data/datasets/s1gfloods/A/image_4867.png,data/datasets/s1gfloods/B/image_4867.png,data/datasets/s1gfloods/Label/image_4867.png
image_789,data/datasets/s1gfloods/A/image_789.png,data/datasets/s1gfloods/B/image_789.png,data/datasets/s1gfloods/Label/image_789.png
image_1986,data/datasets/s1gfloods/A/image_1986.png,data/datasets/s1gfloods/B/image_1986.png,data/datasets/s1gfloods/Label/image_1986.png
image_2223,data/datasets/s1gfloods/A/image_2223.png,data/datasets/s1gfloods/B/image_2223.png,data/datasets/s1gfloods/Label/image_2223.png
image_3340,data/datasets/s1gfloods/A/image_3340.png,data/datasets/s1gfloods/B/image_3340.png,data/datasets/s1gfloods/Label/image_3340.png
image_1167,data/datasets/s1gfloods/A/image_1167.png,data/datasets/s1gfloods/B/image_1167.png,data/datasets/s1gfloods/Label/image_1167.png
image_592,data/datasets/s1gfloods/A/image_592.png,data/datasets/s1gfloods/B/image_592.png,data/datasets/s1gfloods/Label/image_592.png
image_4703,data/datasets/s1gfloods/A/image_4703.png,data/datasets/s1gfloods/B/image_4703.png,data/datasets/s1gfloods/Label/image_4703.png
image_3214,data/datasets/s1gfloods/A/image_3214.png,data/datasets/s1gfloods/B/image_3214.png,data/datasets/s1gfloods/Label/image_3214.png
image_1979,data/datasets/s1gfloods/A/image_1979.png,data/datasets/s1gfloods/B/image_1979.png,data/datasets/s1gfloods/Label/image_1979.png
image_1981,data/datasets/s1gfloods/A/image_1981.png,data/datasets/s1gfloods/B/image_1981.png,data/datasets/s1gfloods/Label/image_1981.png
image_131,data/datasets/s1gfloods/A/image_131.png,data/datasets/s1gfloods/B/image_131.png,data/datasets/s1gfloods/Label/image_131.png
image_3996,data/datasets/s1gfloods/A/image_3996.png,data/datasets/s1gfloods/B/image_3996.png,data/datasets/s1gfloods/Label/image_3996.png
image_4625,data/datasets/s1gfloods/A/image_4625.png,data/datasets/s1gfloods/B/image_4625.png,data/datasets/s1gfloods/Label/image_4625.png
image_3892,data/datasets/s1gfloods/A/image_3892.png,data/datasets/s1gfloods/B/image_3892.png,data/datasets/s1gfloods/Label/image_3892.png
image_5038,data/datasets/s1gfloods/A/image_5038.png,data/datasets/s1gfloods/B/image_5038.png,data/datasets/s1gfloods/Label/image_5038.png
image_2628,data/datasets/s1gfloods/A/image_2628.png,data/datasets/s1gfloods/B/image_2628.png,data/datasets/s1gfloods/Label/image_2628.png
image_1618,data/datasets/s1gfloods/A/image_1618.png,data/datasets/s1gfloods/B/image_1618.png,data/datasets/s1gfloods/Label/image_1618.png
image_3534,data/datasets/s1gfloods/A/image_3534.png,data/datasets/s1gfloods/B/image_3534.png,data/datasets/s1gfloods/Label/image_3534.png
image_623,data/datasets/s1gfloods/A/image_623.png,data/datasets/s1gfloods/B/image_623.png,data/datasets/s1gfloods/Label/image_623.png
image_825,data/datasets/s1gfloods/A/image_825.png,data/datasets/s1gfloods/B/image_825.png,data/datasets/s1gfloods/Label/image_825.png
image_1368,data/datasets/s1gfloods/A/image_1368.png,data/datasets/s1gfloods/B/image_1368.png,data/datasets/s1gfloods/Label/image_1368.png
image_2199,data/datasets/s1gfloods/A/image_2199.png,data/datasets/s1gfloods/B/image_2199.png,data/datasets/s1gfloods/Label/image_2199.png
image_3233,data/datasets/s1gfloods/A/image_3233.png,data/datasets/s1gfloods/B/image_3233.png,data/datasets/s1gfloods/Label/image_3233.png
image_2796,data/datasets/s1gfloods/A/image_2796.png,data/datasets/s1gfloods/B/image_2796.png,data/datasets/s1gfloods/Label/image_2796.png
image_1796,data/datasets/s1gfloods/A/image_1796.png,data/datasets/s1gfloods/B/image_1796.png,data/datasets/s1gfloods/Label/image_1796.png
image_794,data/datasets/s1gfloods/A/image_794.png,data/datasets/s1gfloods/B/image_794.png,data/datasets/s1gfloods/Label/image_794.png
image_1342,data/datasets/s1gfloods/A/image_1342.png,data/datasets/s1gfloods/B/image_1342.png,data/datasets/s1gfloods/Label/image_1342.png
image_2212,data/datasets/s1gfloods/A/image_2212.png,data/datasets/s1gfloods/B/image_2212.png,data/datasets/s1gfloods/Label/image_2212.png
image_2312,data/datasets/s1gfloods/A/image_2312.png,data/datasets/s1gfloods/B/image_2312.png,data/datasets/s1gfloods/Label/image_2312.png
image_4987,data/datasets/s1gfloods/A/image_4987.png,data/datasets/s1gfloods/B/image_4987.png,data/datasets/s1gfloods/Label/image_4987.png
image_4209,data/datasets/s1gfloods/A/image_4209.png,data/datasets/s1gfloods/B/image_4209.png,data/datasets/s1gfloods/Label/image_4209.png
image_2563,data/datasets/s1gfloods/A/image_2563.png,data/datasets/s1gfloods/B/image_2563.png,data/datasets/s1gfloods/Label/image_2563.png
image_1824,data/datasets/s1gfloods/A/image_1824.png,data/datasets/s1gfloods/B/image_1824.png,data/datasets/s1gfloods/Label/image_1824.png
image_4354,data/datasets/s1gfloods/A/image_4354.png,data/datasets/s1gfloods/B/image_4354.png,data/datasets/s1gfloods/Label/image_4354.png
image_308,data/datasets/s1gfloods/A/image_308.png,data/datasets/s1gfloods/B/image_308.png,data/datasets/s1gfloods/Label/image_308.png
image_750,data/datasets/s1gfloods/A/image_750.png,data/datasets/s1gfloods/B/image_750.png,data/datasets/s1gfloods/Label/image_750.png
image_390,data/datasets/s1gfloods/A/image_390.png,data/datasets/s1gfloods/B/image_390.png,data/datasets/s1gfloods/Label/image_390.png
image_3563,data/datasets/s1gfloods/A/image_3563.png,data/datasets/s1gfloods/B/image_3563.png,data/datasets/s1gfloods/Label/image_3563.png
image_551,data/datasets/s1gfloods/A/image_551.png,data/datasets/s1gfloods/B/image_551.png,data/datasets/s1gfloods/Label/image_551.png
image_761,data/datasets/s1gfloods/A/image_761.png,data/datasets/s1gfloods/B/image_761.png,data/datasets/s1gfloods/Label/image_761.png
image_4390,data/datasets/s1gfloods/A/image_4390.png,data/datasets/s1gfloods/B/image_4390.png,data/datasets/s1gfloods/Label/image_4390.png
image_3545,data/datasets/s1gfloods/A/image_3545.png,data/datasets/s1gfloods/B/image_3545.png,data/datasets/s1gfloods/Label/image_3545.png
image_3594,data/datasets/s1gfloods/A/image_3594.png,data/datasets/s1gfloods/B/image_3594.png,data/datasets/s1gfloods/Label/image_3594.png
image_1556,data/datasets/s1gfloods/A/image_1556.png,data/datasets/s1gfloods/B/image_1556.png,data/datasets/s1gfloods/Label/image_1556.png
image_970,data/datasets/s1gfloods/A/image_970.png,data/datasets/s1gfloods/B/image_970.png,data/datasets/s1gfloods/Label/image_970.png
image_3486,data/datasets/s1gfloods/A/image_3486.png,data/datasets/s1gfloods/B/image_3486.png,data/datasets/s1gfloods/Label/image_3486.png
image_21,data/datasets/s1gfloods/A/image_21.png,data/datasets/s1gfloods/B/image_21.png,data/datasets/s1gfloods/Label/image_21.png
image_3753,data/datasets/s1gfloods/A/image_3753.png,data/datasets/s1gfloods/B/image_3753.png,data/datasets/s1gfloods/Label/image_3753.png
image_149,data/datasets/s1gfloods/A/image_149.png,data/datasets/s1gfloods/B/image_149.png,data/datasets/s1gfloods/Label/image_149.png
image_3509,data/datasets/s1gfloods/A/image_3509.png,data/datasets/s1gfloods/B/image_3509.png,data/datasets/s1gfloods/Label/image_3509.png
image_423,data/datasets/s1gfloods/A/image_423.png,data/datasets/s1gfloods/B/image_423.png,data/datasets/s1gfloods/Label/image_423.png
image_4385,data/datasets/s1gfloods/A/image_4385.png,data/datasets/s1gfloods/B/image_4385.png,data/datasets/s1gfloods/Label/image_4385.png
image_690,data/datasets/s1gfloods/A/image_690.png,data/datasets/s1gfloods/B/image_690.png,data/datasets/s1gfloods/Label/image_690.png
image_5120,data/datasets/s1gfloods/A/image_5120.png,data/datasets/s1gfloods/B/image_5120.png,data/datasets/s1gfloods/Label/image_5120.png
image_3131,data/datasets/s1gfloods/A/image_3131.png,data/datasets/s1gfloods/B/image_3131.png,data/datasets/s1gfloods/Label/image_3131.png
image_1803,data/datasets/s1gfloods/A/image_1803.png,data/datasets/s1gfloods/B/image_1803.png,data/datasets/s1gfloods/Label/image_1803.png
image_3516,data/datasets/s1gfloods/A/image_3516.png,data/datasets/s1gfloods/B/image_3516.png,data/datasets/s1gfloods/Label/image_3516.png
image_1905,data/datasets/s1gfloods/A/image_1905.png,data/datasets/s1gfloods/B/image_1905.png,data/datasets/s1gfloods/Label/image_1905.png
image_1771,data/datasets/s1gfloods/A/image_1771.png,data/datasets/s1gfloods/B/image_1771.png,data/datasets/s1gfloods/Label/image_1771.png
image_2180,data/datasets/s1gfloods/A/image_2180.png,data/datasets/s1gfloods/B/image_2180.png,data/datasets/s1gfloods/Label/image_2180.png
image_3639,data/datasets/s1gfloods/A/image_3639.png,data/datasets/s1gfloods/B/image_3639.png,data/datasets/s1gfloods/Label/image_3639.png
image_1101,data/datasets/s1gfloods/A/image_1101.png,data/datasets/s1gfloods/B/image_1101.png,data/datasets/s1gfloods/Label/image_1101.png
image_2265,data/datasets/s1gfloods/A/image_2265.png,data/datasets/s1gfloods/B/image_2265.png,data/datasets/s1gfloods/Label/image_2265.png
image_1896,data/datasets/s1gfloods/A/image_1896.png,data/datasets/s1gfloods/B/image_1896.png,data/datasets/s1gfloods/Label/image_1896.png
image_2927,data/datasets/s1gfloods/A/image_2927.png,data/datasets/s1gfloods/B/image_2927.png,data/datasets/s1gfloods/Label/image_2927.png
image_3090,data/datasets/s1gfloods/A/image_3090.png,data/datasets/s1gfloods/B/image_3090.png,data/datasets/s1gfloods/Label/image_3090.png
image_1836,data/datasets/s1gfloods/A/image_1836.png,data/datasets/s1gfloods/B/image_1836.png,data/datasets/s1gfloods/Label/image_1836.png
image_2449,data/datasets/s1gfloods/A/image_2449.png,data/datasets/s1gfloods/B/image_2449.png,data/datasets/s1gfloods/Label/image_2449.png
image_3604,data/datasets/s1gfloods/A/image_3604.png,data/datasets/s1gfloods/B/image_3604.png,data/datasets/s1gfloods/Label/image_3604.png
image_4026,data/datasets/s1gfloods/A/image_4026.png,data/datasets/s1gfloods/B/image_4026.png,data/datasets/s1gfloods/Label/image_4026.png
image_3265,data/datasets/s1gfloods/A/image_3265.png,data/datasets/s1gfloods/B/image_3265.png,data/datasets/s1gfloods/Label/image_3265.png
image_5192,data/datasets/s1gfloods/A/image_5192.png,data/datasets/s1gfloods/B/image_5192.png,data/datasets/s1gfloods/Label/image_5192.png
image_1970,data/datasets/s1gfloods/A/image_1970.png,data/datasets/s1gfloods/B/image_1970.png,data/datasets/s1gfloods/Label/image_1970.png
image_1700,data/datasets/s1gfloods/A/image_1700.png,data/datasets/s1gfloods/B/image_1700.png,data/datasets/s1gfloods/Label/image_1700.png
image_4334,data/datasets/s1gfloods/A/image_4334.png,data/datasets/s1gfloods/B/image_4334.png,data/datasets/s1gfloods/Label/image_4334.png
image_3439,data/datasets/s1gfloods/A/image_3439.png,data/datasets/s1gfloods/B/image_3439.png,data/datasets/s1gfloods/Label/image_3439.png
image_4828,data/datasets/s1gfloods/A/image_4828.png,data/datasets/s1gfloods/B/image_4828.png,data/datasets/s1gfloods/Label/image_4828.png
image_1865,data/datasets/s1gfloods/A/image_1865.png,data/datasets/s1gfloods/B/image_1865.png,data/datasets/s1gfloods/Label/image_1865.png
image_2659,data/datasets/s1gfloods/A/image_2659.png,data/datasets/s1gfloods/B/image_2659.png,data/datasets/s1gfloods/Label/image_2659.png
image_2384,data/datasets/s1gfloods/A/image_2384.png,data/datasets/s1gfloods/B/image_2384.png,data/datasets/s1gfloods/Label/image_2384.png
image_317,data/datasets/s1gfloods/A/image_317.png,data/datasets/s1gfloods/B/image_317.png,data/datasets/s1gfloods/Label/image_317.png
image_2222,data/datasets/s1gfloods/A/image_2222.png,data/datasets/s1gfloods/B/image_2222.png,data/datasets/s1gfloods/Label/image_2222.png
image_4115,data/datasets/s1gfloods/A/image_4115.png,data/datasets/s1gfloods/B/image_4115.png,data/datasets/s1gfloods/Label/image_4115.png
image_2107,data/datasets/s1gfloods/A/image_2107.png,data/datasets/s1gfloods/B/image_2107.png,data/datasets/s1gfloods/Label/image_2107.png
image_2903,data/datasets/s1gfloods/A/image_2903.png,data/datasets/s1gfloods/B/image_2903.png,data/datasets/s1gfloods/Label/image_2903.png
image_4678,data/datasets/s1gfloods/A/image_4678.png,data/datasets/s1gfloods/B/image_4678.png,data/datasets/s1gfloods/Label/image_4678.png
image_2357,data/datasets/s1gfloods/A/image_2357.png,data/datasets/s1gfloods/B/image_2357.png,data/datasets/s1gfloods/Label/image_2357.png
image_4424,data/datasets/s1gfloods/A/image_4424.png,data/datasets/s1gfloods/B/image_4424.png,data/datasets/s1gfloods/Label/image_4424.png
image_4795,data/datasets/s1gfloods/A/image_4795.png,data/datasets/s1gfloods/B/image_4795.png,data/datasets/s1gfloods/Label/image_4795.png
image_4394,data/datasets/s1gfloods/A/image_4394.png,data/datasets/s1gfloods/B/image_4394.png,data/datasets/s1gfloods/Label/image_4394.png
image_4048,data/datasets/s1gfloods/A/image_4048.png,data/datasets/s1gfloods/B/image_4048.png,data/datasets/s1gfloods/Label/image_4048.png
image_1607,data/datasets/s1gfloods/A/image_1607.png,data/datasets/s1gfloods/B/image_1607.png,data/datasets/s1gfloods/Label/image_1607.png
image_3719,data/datasets/s1gfloods/A/image_3719.png,data/datasets/s1gfloods/B/image_3719.png,data/datasets/s1gfloods/Label/image_3719.png
image_3370,data/datasets/s1gfloods/A/image_3370.png,data/datasets/s1gfloods/B/image_3370.png,data/datasets/s1gfloods/Label/image_3370.png
image_5252,data/datasets/s1gfloods/A/image_5252.png,data/datasets/s1gfloods/B/image_5252.png,data/datasets/s1gfloods/Label/image_5252.png
image_3939,data/datasets/s1gfloods/A/image_3939.png,data/datasets/s1gfloods/B/image_3939.png,data/datasets/s1gfloods/Label/image_3939.png
image_3990,data/datasets/s1gfloods/A/image_3990.png,data/datasets/s1gfloods/B/image_3990.png,data/datasets/s1gfloods/Label/image_3990.png
image_4786,data/datasets/s1gfloods/A/image_4786.png,data/datasets/s1gfloods/B/image_4786.png,data/datasets/s1gfloods/Label/image_4786.png
image_575,data/datasets/s1gfloods/A/image_575.png,data/datasets/s1gfloods/B/image_575.png,data/datasets/s1gfloods/Label/image_575.png
image_1363,data/datasets/s1gfloods/A/image_1363.png,data/datasets/s1gfloods/B/image_1363.png,data/datasets/s1gfloods/Label/image_1363.png
image_4534,data/datasets/s1gfloods/A/image_4534.png,data/datasets/s1gfloods/B/image_4534.png,data/datasets/s1gfloods/Label/image_4534.png
image_3765,data/datasets/s1gfloods/A/image_3765.png,data/datasets/s1gfloods/B/image_3765.png,data/datasets/s1gfloods/Label/image_3765.png
image_2512,data/datasets/s1gfloods/A/image_2512.png,data/datasets/s1gfloods/B/image_2512.png,data/datasets/s1gfloods/Label/image_2512.png
image_1493,data/datasets/s1gfloods/A/image_1493.png,data/datasets/s1gfloods/B/image_1493.png,data/datasets/s1gfloods/Label/image_1493.png
image_3770,data/datasets/s1gfloods/A/image_3770.png,data/datasets/s1gfloods/B/image_3770.png,data/datasets/s1gfloods/Label/image_3770.png
image_1145,data/datasets/s1gfloods/A/image_1145.png,data/datasets/s1gfloods/B/image_1145.png,data/datasets/s1gfloods/Label/image_1145.png
image_4136,data/datasets/s1gfloods/A/image_4136.png,data/datasets/s1gfloods/B/image_4136.png,data/datasets/s1gfloods/Label/image_4136.png
image_4819,data/datasets/s1gfloods/A/image_4819.png,data/datasets/s1gfloods/B/image_4819.png,data/datasets/s1gfloods/Label/image_4819.png
image_460,data/datasets/s1gfloods/A/image_460.png,data/datasets/s1gfloods/B/image_460.png,data/datasets/s1gfloods/Label/image_460.png
image_4029,data/datasets/s1gfloods/A/image_4029.png,data/datasets/s1gfloods/B/image_4029.png,data/datasets/s1gfloods/Label/image_4029.png
image_1018,data/datasets/s1gfloods/A/image_1018.png,data/datasets/s1gfloods/B/image_1018.png,data/datasets/s1gfloods/Label/image_1018.png
image_1533,data/datasets/s1gfloods/A/image_1533.png,data/datasets/s1gfloods/B/image_1533.png,data/datasets/s1gfloods/Label/image_1533.png
image_2153,data/datasets/s1gfloods/A/image_2153.png,data/datasets/s1gfloods/B/image_2153.png,data/datasets/s1gfloods/Label/image_2153.png
image_3727,data/datasets/s1gfloods/A/image_3727.png,data/datasets/s1gfloods/B/image_3727.png,data/datasets/s1gfloods/Label/image_3727.png
image_4252,data/datasets/s1gfloods/A/image_4252.png,data/datasets/s1gfloods/B/image_4252.png,data/datasets/s1gfloods/Label/image_4252.png
image_5338,data/datasets/s1gfloods/A/image_5338.png,data/datasets/s1gfloods/B/image_5338.png,data/datasets/s1gfloods/Label/image_5338.png
image_4629,data/datasets/s1gfloods/A/image_4629.png,data/datasets/s1gfloods/B/image_4629.png,data/datasets/s1gfloods/Label/image_4629.png
image_1604,data/datasets/s1gfloods/A/image_1604.png,data/datasets/s1gfloods/B/image_1604.png,data/datasets/s1gfloods/Label/image_1604.png
image_5286,data/datasets/s1gfloods/A/image_5286.png,data/datasets/s1gfloods/B/image_5286.png,data/datasets/s1gfloods/Label/image_5286.png
image_1451,data/datasets/s1gfloods/A/image_1451.png,data/datasets/s1gfloods/B/image_1451.png,data/datasets/s1gfloods/Label/image_1451.png
image_2160,data/datasets/s1gfloods/A/image_2160.png,data/datasets/s1gfloods/B/image_2160.png,data/datasets/s1gfloods/Label/image_2160.png
image_3408,data/datasets/s1gfloods/A/image_3408.png,data/datasets/s1gfloods/B/image_3408.png,data/datasets/s1gfloods/Label/image_3408.png
image_2189,data/datasets/s1gfloods/A/image_2189.png,data/datasets/s1gfloods/B/image_2189.png,data/datasets/s1gfloods/Label/image_2189.png
image_2921,data/datasets/s1gfloods/A/image_2921.png,data/datasets/s1gfloods/B/image_2921.png,data/datasets/s1gfloods/Label/image_2921.png
image_3303,data/datasets/s1gfloods/A/image_3303.png,data/datasets/s1gfloods/B/image_3303.png,data/datasets/s1gfloods/Label/image_3303.png
image_2459,data/datasets/s1gfloods/A/image_2459.png,data/datasets/s1gfloods/B/image_2459.png,data/datasets/s1gfloods/Label/image_2459.png
image_1359,data/datasets/s1gfloods/A/image_1359.png,data/datasets/s1gfloods/B/image_1359.png,data/datasets/s1gfloods/Label/image_1359.png
image_3678,data/datasets/s1gfloods/A/image_3678.png,data/datasets/s1gfloods/B/image_3678.png,data/datasets/s1gfloods/Label/image_3678.png
image_2111,data/datasets/s1gfloods/A/image_2111.png,data/datasets/s1gfloods/B/image_2111.png,data/datasets/s1gfloods/Label/image_2111.png
image_585,data/datasets/s1gfloods/A/image_585.png,data/datasets/s1gfloods/B/image_585.png,data/datasets/s1gfloods/Label/image_585.png
image_803,data/datasets/s1gfloods/A/image_803.png,data/datasets/s1gfloods/B/image_803.png,data/datasets/s1gfloods/Label/image_803.png
image_3116,data/datasets/s1gfloods/A/image_3116.png,data/datasets/s1gfloods/B/image_3116.png,data/datasets/s1gfloods/Label/image_3116.png
image_1278,data/datasets/s1gfloods/A/image_1278.png,data/datasets/s1gfloods/B/image_1278.png,data/datasets/s1gfloods/Label/image_1278.png
image_3791,data/datasets/s1gfloods/A/image_3791.png,data/datasets/s1gfloods/B/image_3791.png,data/datasets/s1gfloods/Label/image_3791.png
image_1065,data/datasets/s1gfloods/A/image_1065.png,data/datasets/s1gfloods/B/image_1065.png,data/datasets/s1gfloods/Label/image_1065.png
image_4114,data/datasets/s1gfloods/A/image_4114.png,data/datasets/s1gfloods/B/image_4114.png,data/datasets/s1gfloods/Label/image_4114.png
image_5353,data/datasets/s1gfloods/A/image_5353.png,data/datasets/s1gfloods/B/image_5353.png,data/datasets/s1gfloods/Label/image_5353.png
image_4713,data/datasets/s1gfloods/A/image_4713.png,data/datasets/s1gfloods/B/image_4713.png,data/datasets/s1gfloods/Label/image_4713.png
image_57,data/datasets/s1gfloods/A/image_57.png,data/datasets/s1gfloods/B/image_57.png,data/datasets/s1gfloods/Label/image_57.png
image_3354,data/datasets/s1gfloods/A/image_3354.png,data/datasets/s1gfloods/B/image_3354.png,data/datasets/s1gfloods/Label/image_3354.png
image_3768,data/datasets/s1gfloods/A/image_3768.png,data/datasets/s1gfloods/B/image_3768.png,data/datasets/s1gfloods/Label/image_3768.png
image_1529,data/datasets/s1gfloods/A/image_1529.png,data/datasets/s1gfloods/B/image_1529.png,data/datasets/s1gfloods/Label/image_1529.png
image_832,data/datasets/s1gfloods/A/image_832.png,data/datasets/s1gfloods/B/image_832.png,data/datasets/s1gfloods/Label/image_832.png
image_4732,data/datasets/s1gfloods/A/image_4732.png,data/datasets/s1gfloods/B/image_4732.png,data/datasets/s1gfloods/Label/image_4732.png
image_1441,data/datasets/s1gfloods/A/image_1441.png,data/datasets/s1gfloods/B/image_1441.png,data/datasets/s1gfloods/Label/image_1441.png
image_2446,data/datasets/s1gfloods/A/image_2446.png,data/datasets/s1gfloods/B/image_2446.png,data/datasets/s1gfloods/Label/image_2446.png
image_5098,data/datasets/s1gfloods/A/image_5098.png,data/datasets/s1gfloods/B/image_5098.png,data/datasets/s1gfloods/Label/image_5098.png
image_2791,data/datasets/s1gfloods/A/image_2791.png,data/datasets/s1gfloods/B/image_2791.png,data/datasets/s1gfloods/Label/image_2791.png
image_61,data/datasets/s1gfloods/A/image_61.png,data/datasets/s1gfloods/B/image_61.png,data/datasets/s1gfloods/Label/image_61.png
image_2957,data/datasets/s1gfloods/A/image_2957.png,data/datasets/s1gfloods/B/image_2957.png,data/datasets/s1gfloods/Label/image_2957.png
image_1734,data/datasets/s1gfloods/A/image_1734.png,data/datasets/s1gfloods/B/image_1734.png,data/datasets/s1gfloods/Label/image_1734.png
image_2116,data/datasets/s1gfloods/A/image_2116.png,data/datasets/s1gfloods/B/image_2116.png,data/datasets/s1gfloods/Label/image_2116.png
image_2671,data/datasets/s1gfloods/A/image_2671.png,data/datasets/s1gfloods/B/image_2671.png,data/datasets/s1gfloods/Label/image_2671.png
image_1351,data/datasets/s1gfloods/A/image_1351.png,data/datasets/s1gfloods/B/image_1351.png,data/datasets/s1gfloods/Label/image_1351.png
image_3533,data/datasets/s1gfloods/A/image_3533.png,data/datasets/s1gfloods/B/image_3533.png,data/datasets/s1gfloods/Label/image_3533.png
image_1599,data/datasets/s1gfloods/A/image_1599.png,data/datasets/s1gfloods/B/image_1599.png,data/datasets/s1gfloods/Label/image_1599.png
image_5162,data/datasets/s1gfloods/A/image_5162.png,data/datasets/s1gfloods/B/image_5162.png,data/datasets/s1gfloods/Label/image_5162.png
image_5225,data/datasets/s1gfloods/A/image_5225.png,data/datasets/s1gfloods/B/image_5225.png,data/datasets/s1gfloods/Label/image_5225.png
image_4920,data/datasets/s1gfloods/A/image_4920.png,data/datasets/s1gfloods/B/image_4920.png,data/datasets/s1gfloods/Label/image_4920.png
image_4219,data/datasets/s1gfloods/A/image_4219.png,data/datasets/s1gfloods/B/image_4219.png,data/datasets/s1gfloods/Label/image_4219.png
image_2161,data/datasets/s1gfloods/A/image_2161.png,data/datasets/s1gfloods/B/image_2161.png,data/datasets/s1gfloods/Label/image_2161.png
image_3523,data/datasets/s1gfloods/A/image_3523.png,data/datasets/s1gfloods/B/image_3523.png,data/datasets/s1gfloods/Label/image_3523.png
image_5221,data/datasets/s1gfloods/A/image_5221.png,data/datasets/s1gfloods/B/image_5221.png,data/datasets/s1gfloods/Label/image_5221.png
image_4419,data/datasets/s1gfloods/A/image_4419.png,data/datasets/s1gfloods/B/image_4419.png,data/datasets/s1gfloods/Label/image_4419.png
image_5028,data/datasets/s1gfloods/A/image_5028.png,data/datasets/s1gfloods/B/image_5028.png,data/datasets/s1gfloods/Label/image_5028.png
image_3205,data/datasets/s1gfloods/A/image_3205.png,data/datasets/s1gfloods/B/image_3205.png,data/datasets/s1gfloods/Label/image_3205.png
image_1915,data/datasets/s1gfloods/A/image_1915.png,data/datasets/s1gfloods/B/image_1915.png,data/datasets/s1gfloods/Label/image_1915.png
image_5152,data/datasets/s1gfloods/A/image_5152.png,data/datasets/s1gfloods/B/image_5152.png,data/datasets/s1gfloods/Label/image_5152.png
image_608,data/datasets/s1gfloods/A/image_608.png,data/datasets/s1gfloods/B/image_608.png,data/datasets/s1gfloods/Label/image_608.png
image_273,data/datasets/s1gfloods/A/image_273.png,data/datasets/s1gfloods/B/image_273.png,data/datasets/s1gfloods/Label/image_273.png
image_1015,data/datasets/s1gfloods/A/image_1015.png,data/datasets/s1gfloods/B/image_1015.png,data/datasets/s1gfloods/Label/image_1015.png
image_1783,data/datasets/s1gfloods/A/image_1783.png,data/datasets/s1gfloods/B/image_1783.png,data/datasets/s1gfloods/Label/image_1783.png
image_1681,data/datasets/s1gfloods/A/image_1681.png,data/datasets/s1gfloods/B/image_1681.png,data/datasets/s1gfloods/Label/image_1681.png
image_2191,data/datasets/s1gfloods/A/image_2191.png,data/datasets/s1gfloods/B/image_2191.png,data/datasets/s1gfloods/Label/image_2191.png
image_3380,data/datasets/s1gfloods/A/image_3380.png,data/datasets/s1gfloods/B/image_3380.png,data/datasets/s1gfloods/Label/image_3380.png
image_3350,data/datasets/s1gfloods/A/image_3350.png,data/datasets/s1gfloods/B/image_3350.png,data/datasets/s1gfloods/Label/image_3350.png
image_1705,data/datasets/s1gfloods/A/image_1705.png,data/datasets/s1gfloods/B/image_1705.png,data/datasets/s1gfloods/Label/image_1705.png
image_1931,data/datasets/s1gfloods/A/image_1931.png,data/datasets/s1gfloods/B/image_1931.png,data/datasets/s1gfloods/Label/image_1931.png
image_4506,data/datasets/s1gfloods/A/image_4506.png,data/datasets/s1gfloods/B/image_4506.png,data/datasets/s1gfloods/Label/image_4506.png
image_70,data/datasets/s1gfloods/A/image_70.png,data/datasets/s1gfloods/B/image_70.png,data/datasets/s1gfloods/Label/image_70.png
image_5125,data/datasets/s1gfloods/A/image_5125.png,data/datasets/s1gfloods/B/image_5125.png,data/datasets/s1gfloods/Label/image_5125.png
image_4062,data/datasets/s1gfloods/A/image_4062.png,data/datasets/s1gfloods/B/image_4062.png,data/datasets/s1gfloods/Label/image_4062.png
image_3846,data/datasets/s1gfloods/A/image_3846.png,data/datasets/s1gfloods/B/image_3846.png,data/datasets/s1gfloods/Label/image_3846.png
image_258,data/datasets/s1gfloods/A/image_258.png,data/datasets/s1gfloods/B/image_258.png,data/datasets/s1gfloods/Label/image_258.png
image_4525,data/datasets/s1gfloods/A/image_4525.png,data/datasets/s1gfloods/B/image_4525.png,data/datasets/s1gfloods/Label/image_4525.png
image_4938,data/datasets/s1gfloods/A/image_4938.png,data/datasets/s1gfloods/B/image_4938.png,data/datasets/s1gfloods/Label/image_4938.png
image_5282,data/datasets/s1gfloods/A/image_5282.png,data/datasets/s1gfloods/B/image_5282.png,data/datasets/s1gfloods/Label/image_5282.png
image_507,data/datasets/s1gfloods/A/image_507.png,data/datasets/s1gfloods/B/image_507.png,data/datasets/s1gfloods/Label/image_507.png
image_1725,data/datasets/s1gfloods/A/image_1725.png,data/datasets/s1gfloods/B/image_1725.png,data/datasets/s1gfloods/Label/image_1725.png
image_5036,data/datasets/s1gfloods/A/image_5036.png,data/datasets/s1gfloods/B/image_5036.png,data/datasets/s1gfloods/Label/image_5036.png
image_4464,data/datasets/s1gfloods/A/image_4464.png,data/datasets/s1gfloods/B/image_4464.png,data/datasets/s1gfloods/Label/image_4464.png
image_334,data/datasets/s1gfloods/A/image_334.png,data/datasets/s1gfloods/B/image_334.png,data/datasets/s1gfloods/Label/image_334.png
image_2000,data/datasets/s1gfloods/A/image_2000.png,data/datasets/s1gfloods/B/image_2000.png,data/datasets/s1gfloods/Label/image_2000.png
image_5268,data/datasets/s1gfloods/A/image_5268.png,data/datasets/s1gfloods/B/image_5268.png,data/datasets/s1gfloods/Label/image_5268.png
image_1120,data/datasets/s1gfloods/A/image_1120.png,data/datasets/s1gfloods/B/image_1120.png,data/datasets/s1gfloods/Label/image_1120.png
image_3906,data/datasets/s1gfloods/A/image_3906.png,data/datasets/s1gfloods/B/image_3906.png,data/datasets/s1gfloods/Label/image_3906.png
image_2772,data/datasets/s1gfloods/A/image_2772.png,data/datasets/s1gfloods/B/image_2772.png,data/datasets/s1gfloods/Label/image_2772.png
image_2836,data/datasets/s1gfloods/A/image_2836.png,data/datasets/s1gfloods/B/image_2836.png,data/datasets/s1gfloods/Label/image_2836.png
image_1955,data/datasets/s1gfloods/A/image_1955.png,data/datasets/s1gfloods/B/image_1955.png,data/datasets/s1gfloods/Label/image_1955.png
image_2516,data/datasets/s1gfloods/A/image_2516.png,data/datasets/s1gfloods/B/image_2516.png,data/datasets/s1gfloods/Label/image_2516.png
image_1766,data/datasets/s1gfloods/A/image_1766.png,data/datasets/s1gfloods/B/image_1766.png,data/datasets/s1gfloods/Label/image_1766.png
image_986,data/datasets/s1gfloods/A/image_986.png,data/datasets/s1gfloods/B/image_986.png,data/datasets/s1gfloods/Label/image_986.png
image_2882,data/datasets/s1gfloods/A/image_2882.png,data/datasets/s1gfloods/B/image_2882.png,data/datasets/s1gfloods/Label/image_2882.png
image_4619,data/datasets/s1gfloods/A/image_4619.png,data/datasets/s1gfloods/B/image_4619.png,data/datasets/s1gfloods/Label/image_4619.png
image_4034,data/datasets/s1gfloods/A/image_4034.png,data/datasets/s1gfloods/B/image_4034.png,data/datasets/s1gfloods/Label/image_4034.png
image_434,data/datasets/s1gfloods/A/image_434.png,data/datasets/s1gfloods/B/image_434.png,data/datasets/s1gfloods/Label/image_434.png
image_3027,data/datasets/s1gfloods/A/image_3027.png,data/datasets/s1gfloods/B/image_3027.png,data/datasets/s1gfloods/Label/image_3027.png
image_2135,data/datasets/s1gfloods/A/image_2135.png,data/datasets/s1gfloods/B/image_2135.png,data/datasets/s1gfloods/Label/image_2135.png
image_4344,data/datasets/s1gfloods/A/image_4344.png,data/datasets/s1gfloods/B/image_4344.png,data/datasets/s1gfloods/Label/image_4344.png
image_1047,data/datasets/s1gfloods/A/image_1047.png,data/datasets/s1gfloods/B/image_1047.png,data/datasets/s1gfloods/Label/image_1047.png
image_3007,data/datasets/s1gfloods/A/image_3007.png,data/datasets/s1gfloods/B/image_3007.png,data/datasets/s1gfloods/Label/image_3007.png
image_4338,data/datasets/s1gfloods/A/image_4338.png,data/datasets/s1gfloods/B/image_4338.png,data/datasets/s1gfloods/Label/image_4338.png
image_2604,data/datasets/s1gfloods/A/image_2604.png,data/datasets/s1gfloods/B/image_2604.png,data/datasets/s1gfloods/Label/image_2604.png
image_4944,data/datasets/s1gfloods/A/image_4944.png,data/datasets/s1gfloods/B/image_4944.png,data/datasets/s1gfloods/Label/image_4944.png
image_2805,data/datasets/s1gfloods/A/image_2805.png,data/datasets/s1gfloods/B/image_2805.png,data/datasets/s1gfloods/Label/image_2805.png
image_1471,data/datasets/s1gfloods/A/image_1471.png,data/datasets/s1gfloods/B/image_1471.png,data/datasets/s1gfloods/Label/image_1471.png
image_988,data/datasets/s1gfloods/A/image_988.png,data/datasets/s1gfloods/B/image_988.png,data/datasets/s1gfloods/Label/image_988.png
image_3061,data/datasets/s1gfloods/A/image_3061.png,data/datasets/s1gfloods/B/image_3061.png,data/datasets/s1gfloods/Label/image_3061.png
image_2608,data/datasets/s1gfloods/A/image_2608.png,data/datasets/s1gfloods/B/image_2608.png,data/datasets/s1gfloods/Label/image_2608.png
image_2571,data/datasets/s1gfloods/A/image_2571.png,data/datasets/s1gfloods/B/image_2571.png,data/datasets/s1gfloods/Label/image_2571.png
image_3000,data/datasets/s1gfloods/A/image_3000.png,data/datasets/s1gfloods/B/image_3000.png,data/datasets/s1gfloods/Label/image_3000.png
image_4149,data/datasets/s1gfloods/A/image_4149.png,data/datasets/s1gfloods/B/image_4149.png,data/datasets/s1gfloods/Label/image_4149.png
image_3058,data/datasets/s1gfloods/A/image_3058.png,data/datasets/s1gfloods/B/image_3058.png,data/datasets/s1gfloods/Label/image_3058.png
image_51,data/datasets/s1gfloods/A/image_51.png,data/datasets/s1gfloods/B/image_51.png,data/datasets/s1gfloods/Label/image_51.png
image_2901,data/datasets/s1gfloods/A/image_2901.png,data/datasets/s1gfloods/B/image_2901.png,data/datasets/s1gfloods/Label/image_2901.png
image_3213,data/datasets/s1gfloods/A/image_3213.png,data/datasets/s1gfloods/B/image_3213.png,data/datasets/s1gfloods/Label/image_3213.png
image_2780,data/datasets/s1gfloods/A/image_2780.png,data/datasets/s1gfloods/B/image_2780.png,data/datasets/s1gfloods/Label/image_2780.png
image_2114,data/datasets/s1gfloods/A/image_2114.png,data/datasets/s1gfloods/B/image_2114.png,data/datasets/s1gfloods/Label/image_2114.png
image_2969,data/datasets/s1gfloods/A/image_2969.png,data/datasets/s1gfloods/B/image_2969.png,data/datasets/s1gfloods/Label/image_2969.png
image_3311,data/datasets/s1gfloods/A/image_3311.png,data/datasets/s1gfloods/B/image_3311.png,data/datasets/s1gfloods/Label/image_3311.png
image_2980,data/datasets/s1gfloods/A/image_2980.png,data/datasets/s1gfloods/B/image_2980.png,data/datasets/s1gfloods/Label/image_2980.png
image_1100,data/datasets/s1gfloods/A/image_1100.png,data/datasets/s1gfloods/B/image_1100.png,data/datasets/s1gfloods/Label/image_1100.png
image_65,data/datasets/s1gfloods/A/image_65.png,data/datasets/s1gfloods/B/image_65.png,data/datasets/s1gfloods/Label/image_65.png
image_3164,data/datasets/s1gfloods/A/image_3164.png,data/datasets/s1gfloods/B/image_3164.png,data/datasets/s1gfloods/Label/image_3164.png
image_830,data/datasets/s1gfloods/A/image_830.png,data/datasets/s1gfloods/B/image_830.png,data/datasets/s1gfloods/Label/image_830.png
image_4503,data/datasets/s1gfloods/A/image_4503.png,data/datasets/s1gfloods/B/image_4503.png,data/datasets/s1gfloods/Label/image_4503.png
image_1741,data/datasets/s1gfloods/A/image_1741.png,data/datasets/s1gfloods/B/image_1741.png,data/datasets/s1gfloods/Label/image_1741.png
image_4300,data/datasets/s1gfloods/A/image_4300.png,data/datasets/s1gfloods/B/image_4300.png,data/datasets/s1gfloods/Label/image_4300.png
image_2055,data/datasets/s1gfloods/A/image_2055.png,data/datasets/s1gfloods/B/image_2055.png,data/datasets/s1gfloods/Label/image_2055.png
image_5018,data/datasets/s1gfloods/A/image_5018.png,data/datasets/s1gfloods/B/image_5018.png,data/datasets/s1gfloods/Label/image_5018.png
image_519,data/datasets/s1gfloods/A/image_519.png,data/datasets/s1gfloods/B/image_519.png,data/datasets/s1gfloods/Label/image_519.png
image_4152,data/datasets/s1gfloods/A/image_4152.png,data/datasets/s1gfloods/B/image_4152.png,data/datasets/s1gfloods/Label/image_4152.png
image_172,data/datasets/s1gfloods/A/image_172.png,data/datasets/s1gfloods/B/image_172.png,data/datasets/s1gfloods/Label/image_172.png
image_2619,data/datasets/s1gfloods/A/image_2619.png,data/datasets/s1gfloods/B/image_2619.png,data/datasets/s1gfloods/Label/image_2619.png
image_2084,data/datasets/s1gfloods/A/image_2084.png,data/datasets/s1gfloods/B/image_2084.png,data/datasets/s1gfloods/Label/image_2084.png
image_11,data/datasets/s1gfloods/A/image_11.png,data/datasets/s1gfloods/B/image_11.png,data/datasets/s1gfloods/Label/image_11.png
image_678,data/datasets/s1gfloods/A/image_678.png,data/datasets/s1gfloods/B/image_678.png,data/datasets/s1gfloods/Label/image_678.png
image_1070,data/datasets/s1gfloods/A/image_1070.png,data/datasets/s1gfloods/B/image_1070.png,data/datasets/s1gfloods/Label/image_1070.png
image_3718,data/datasets/s1gfloods/A/image_3718.png,data/datasets/s1gfloods/B/image_3718.png,data/datasets/s1gfloods/Label/image_3718.png
image_2802,data/datasets/s1gfloods/A/image_2802.png,data/datasets/s1gfloods/B/image_2802.png,data/datasets/s1gfloods/Label/image_2802.png
image_2267,data/datasets/s1gfloods/A/image_2267.png,data/datasets/s1gfloods/B/image_2267.png,data/datasets/s1gfloods/Label/image_2267.png
image_1150,data/datasets/s1gfloods/A/image_1150.png,data/datasets/s1gfloods/B/image_1150.png,data/datasets/s1gfloods/Label/image_1150.png
image_415,data/datasets/s1gfloods/A/image_415.png,data/datasets/s1gfloods/B/image_415.png,data/datasets/s1gfloods/Label/image_415.png
image_2492,data/datasets/s1gfloods/A/image_2492.png,data/datasets/s1gfloods/B/image_2492.png,data/datasets/s1gfloods/Label/image_2492.png
image_2159,data/datasets/s1gfloods/A/image_2159.png,data/datasets/s1gfloods/B/image_2159.png,data/datasets/s1gfloods/Label/image_2159.png
image_3307,data/datasets/s1gfloods/A/image_3307.png,data/datasets/s1gfloods/B/image_3307.png,data/datasets/s1gfloods/Label/image_3307.png
image_599,data/datasets/s1gfloods/A/image_599.png,data/datasets/s1gfloods/B/image_599.png,data/datasets/s1gfloods/Label/image_599.png
image_5146,data/datasets/s1gfloods/A/image_5146.png,data/datasets/s1gfloods/B/image_5146.png,data/datasets/s1gfloods/Label/image_5146.png
image_601,data/datasets/s1gfloods/A/image_601.png,data/datasets/s1gfloods/B/image_601.png,data/datasets/s1gfloods/Label/image_601.png
image_625,data/datasets/s1gfloods/A/image_625.png,data/datasets/s1gfloods/B/image_625.png,data/datasets/s1gfloods/Label/image_625.png
image_3941,data/datasets/s1gfloods/A/image_3941.png,data/datasets/s1gfloods/B/image_3941.png,data/datasets/s1gfloods/Label/image_3941.png
image_727,data/datasets/s1gfloods/A/image_727.png,data/datasets/s1gfloods/B/image_727.png,data/datasets/s1gfloods/Label/image_727.png
image_3704,data/datasets/s1gfloods/A/image_3704.png,data/datasets/s1gfloods/B/image_3704.png,data/datasets/s1gfloods/Label/image_3704.png
image_744,data/datasets/s1gfloods/A/image_744.png,data/datasets/s1gfloods/B/image_744.png,data/datasets/s1gfloods/Label/image_744.png
image_1830,data/datasets/s1gfloods/A/image_1830.png,data/datasets/s1gfloods/B/image_1830.png,data/datasets/s1gfloods/Label/image_1830.png
image_5309,data/datasets/s1gfloods/A/image_5309.png,data/datasets/s1gfloods/B/image_5309.png,data/datasets/s1gfloods/Label/image_5309.png
image_2555,data/datasets/s1gfloods/A/image_2555.png,data/datasets/s1gfloods/B/image_2555.png,data/datasets/s1gfloods/Label/image_2555.png
image_2296,data/datasets/s1gfloods/A/image_2296.png,data/datasets/s1gfloods/B/image_2296.png,data/datasets/s1gfloods/Label/image_2296.png
image_1811,data/datasets/s1gfloods/A/image_1811.png,data/datasets/s1gfloods/B/image_1811.png,data/datasets/s1gfloods/Label/image_1811.png
image_2785,data/datasets/s1gfloods/A/image_2785.png,data/datasets/s1gfloods/B/image_2785.png,data/datasets/s1gfloods/Label/image_2785.png
image_5041,data/datasets/s1gfloods/A/image_5041.png,data/datasets/s1gfloods/B/image_5041.png,data/datasets/s1gfloods/Label/image_5041.png
image_3046,data/datasets/s1gfloods/A/image_3046.png,data/datasets/s1gfloods/B/image_3046.png,data/datasets/s1gfloods/Label/image_3046.png
image_4694,data/datasets/s1gfloods/A/image_4694.png,data/datasets/s1gfloods/B/image_4694.png,data/datasets/s1gfloods/Label/image_4694.png
image_1406,data/datasets/s1gfloods/A/image_1406.png,data/datasets/s1gfloods/B/image_1406.png,data/datasets/s1gfloods/Label/image_1406.png
image_2123,data/datasets/s1gfloods/A/image_2123.png,data/datasets/s1gfloods/B/image_2123.png,data/datasets/s1gfloods/Label/image_2123.png
image_4957,data/datasets/s1gfloods/A/image_4957.png,data/datasets/s1gfloods/B/image_4957.png,data/datasets/s1gfloods/Label/image_4957.png
image_1017,data/datasets/s1gfloods/A/image_1017.png,data/datasets/s1gfloods/B/image_1017.png,data/datasets/s1gfloods/Label/image_1017.png
image_5245,data/datasets/s1gfloods/A/image_5245.png,data/datasets/s1gfloods/B/image_5245.png,data/datasets/s1gfloods/Label/image_5245.png
image_3262,data/datasets/s1gfloods/A/image_3262.png,data/datasets/s1gfloods/B/image_3262.png,data/datasets/s1gfloods/Label/image_3262.png
image_1411,data/datasets/s1gfloods/A/image_1411.png,data/datasets/s1gfloods/B/image_1411.png,data/datasets/s1gfloods/Label/image_1411.png
image_4257,data/datasets/s1gfloods/A/image_4257.png,data/datasets/s1gfloods/B/image_4257.png,data/datasets/s1gfloods/Label/image_4257.png
image_5039,data/datasets/s1gfloods/A/image_5039.png,data/datasets/s1gfloods/B/image_5039.png,data/datasets/s1gfloods/Label/image_5039.png
image_4014,data/datasets/s1gfloods/A/image_4014.png,data/datasets/s1gfloods/B/image_4014.png,data/datasets/s1gfloods/Label/image_4014.png
image_3137,data/datasets/s1gfloods/A/image_3137.png,data/datasets/s1gfloods/B/image_3137.png,data/datasets/s1gfloods/Label/image_3137.png
image_2068,data/datasets/s1gfloods/A/image_2068.png,data/datasets/s1gfloods/B/image_2068.png,data/datasets/s1gfloods/Label/image_2068.png
image_247,data/datasets/s1gfloods/A/image_247.png,data/datasets/s1gfloods/B/image_247.png,data/datasets/s1gfloods/Label/image_247.png
image_3574,data/datasets/s1gfloods/A/image_3574.png,data/datasets/s1gfloods/B/image_3574.png,data/datasets/s1gfloods/Label/image_3574.png
image_3709,data/datasets/s1gfloods/A/image_3709.png,data/datasets/s1gfloods/B/image_3709.png,data/datasets/s1gfloods/Label/image_3709.png
image_4203,data/datasets/s1gfloods/A/image_4203.png,data/datasets/s1gfloods/B/image_4203.png,data/datasets/s1gfloods/Label/image_4203.png
image_582,data/datasets/s1gfloods/A/image_582.png,data/datasets/s1gfloods/B/image_582.png,data/datasets/s1gfloods/Label/image_582.png
image_4566,data/datasets/s1gfloods/A/image_4566.png,data/datasets/s1gfloods/B/image_4566.png,data/datasets/s1gfloods/Label/image_4566.png
image_3219,data/datasets/s1gfloods/A/image_3219.png,data/datasets/s1gfloods/B/image_3219.png,data/datasets/s1gfloods/Label/image_3219.png
image_631,data/datasets/s1gfloods/A/image_631.png,data/datasets/s1gfloods/B/image_631.png,data/datasets/s1gfloods/Label/image_631.png
image_4576,data/datasets/s1gfloods/A/image_4576.png,data/datasets/s1gfloods/B/image_4576.png,data/datasets/s1gfloods/Label/image_4576.png
image_4093,data/datasets/s1gfloods/A/image_4093.png,data/datasets/s1gfloods/B/image_4093.png,data/datasets/s1gfloods/Label/image_4093.png
image_3079,data/datasets/s1gfloods/A/image_3079.png,data/datasets/s1gfloods/B/image_3079.png,data/datasets/s1gfloods/Label/image_3079.png
image_2490,data/datasets/s1gfloods/A/image_2490.png,data/datasets/s1gfloods/B/image_2490.png,data/datasets/s1gfloods/Label/image_2490.png
image_499,data/datasets/s1gfloods/A/image_499.png,data/datasets/s1gfloods/B/image_499.png,data/datasets/s1gfloods/Label/image_499.png
image_2395,data/datasets/s1gfloods/A/image_2395.png,data/datasets/s1gfloods/B/image_2395.png,data/datasets/s1gfloods/Label/image_2395.png
image_3393,data/datasets/s1gfloods/A/image_3393.png,data/datasets/s1gfloods/B/image_3393.png,data/datasets/s1gfloods/Label/image_3393.png
image_85,data/datasets/s1gfloods/A/image_85.png,data/datasets/s1gfloods/B/image_85.png,data/datasets/s1gfloods/Label/image_85.png
image_4887,data/datasets/s1gfloods/A/image_4887.png,data/datasets/s1gfloods/B/image_4887.png,data/datasets/s1gfloods/Label/image_4887.png
image_2993,data/datasets/s1gfloods/A/image_2993.png,data/datasets/s1gfloods/B/image_2993.png,data/datasets/s1gfloods/Label/image_2993.png
image_5346,data/datasets/s1gfloods/A/image_5346.png,data/datasets/s1gfloods/B/image_5346.png,data/datasets/s1gfloods/Label/image_5346.png
image_1161,data/datasets/s1gfloods/A/image_1161.png,data/datasets/s1gfloods/B/image_1161.png,data/datasets/s1gfloods/Label/image_1161.png
image_3416,data/datasets/s1gfloods/A/image_3416.png,data/datasets/s1gfloods/B/image_3416.png,data/datasets/s1gfloods/Label/image_3416.png
image_3168,data/datasets/s1gfloods/A/image_3168.png,data/datasets/s1gfloods/B/image_3168.png,data/datasets/s1gfloods/Label/image_3168.png
image_4412,data/datasets/s1gfloods/A/image_4412.png,data/datasets/s1gfloods/B/image_4412.png,data/datasets/s1gfloods/Label/image_4412.png
image_3352,data/datasets/s1gfloods/A/image_3352.png,data/datasets/s1gfloods/B/image_3352.png,data/datasets/s1gfloods/Label/image_3352.png
image_1,data/datasets/s1gfloods/A/image_1.png,data/datasets/s1gfloods/B/image_1.png,data/datasets/s1gfloods/Label/image_1.png
image_38,data/datasets/s1gfloods/A/image_38.png,data/datasets/s1gfloods/B/image_38.png,data/datasets/s1gfloods/Label/image_38.png
image_3592,data/datasets/s1gfloods/A/image_3592.png,data/datasets/s1gfloods/B/image_3592.png,data/datasets/s1gfloods/Label/image_3592.png
image_3799,data/datasets/s1gfloods/A/image_3799.png,data/datasets/s1gfloods/B/image_3799.png,data/datasets/s1gfloods/Label/image_3799.png
image_2911,data/datasets/s1gfloods/A/image_2911.png,data/datasets/s1gfloods/B/image_2911.png,data/datasets/s1gfloods/Label/image_2911.png
image_5045,data/datasets/s1gfloods/A/image_5045.png,data/datasets/s1gfloods/B/image_5045.png,data/datasets/s1gfloods/Label/image_5045.png
image_2655,data/datasets/s1gfloods/A/image_2655.png,data/datasets/s1gfloods/B/image_2655.png,data/datasets/s1gfloods/Label/image_2655.png
image_82,data/datasets/s1gfloods/A/image_82.png,data/datasets/s1gfloods/B/image_82.png,data/datasets/s1gfloods/Label/image_82.png
image_5013,data/datasets/s1gfloods/A/image_5013.png,data/datasets/s1gfloods/B/image_5013.png,data/datasets/s1gfloods/Label/image_5013.png
image_1313,data/datasets/s1gfloods/A/image_1313.png,data/datasets/s1gfloods/B/image_1313.png,data/datasets/s1gfloods/Label/image_1313.png
image_1193,data/datasets/s1gfloods/A/image_1193.png,data/datasets/s1gfloods/B/image_1193.png,data/datasets/s1gfloods/Label/image_1193.png
image_3984,data/datasets/s1gfloods/A/image_3984.png,data/datasets/s1gfloods/B/image_3984.png,data/datasets/s1gfloods/Label/image_3984.png
image_1316,data/datasets/s1gfloods/A/image_1316.png,data/datasets/s1gfloods/B/image_1316.png,data/datasets/s1gfloods/Label/image_1316.png
image_45,data/datasets/s1gfloods/A/image_45.png,data/datasets/s1gfloods/B/image_45.png,data/datasets/s1gfloods/Label/image_45.png
image_1911,data/datasets/s1gfloods/A/image_1911.png,data/datasets/s1gfloods/B/image_1911.png,data/datasets/s1gfloods/Label/image_1911.png
image_959,data/datasets/s1gfloods/A/image_959.png,data/datasets/s1gfloods/B/image_959.png,data/datasets/s1gfloods/Label/image_959.png
image_3446,data/datasets/s1gfloods/A/image_3446.png,data/datasets/s1gfloods/B/image_3446.png,data/datasets/s1gfloods/Label/image_3446.png
image_4682,data/datasets/s1gfloods/A/image_4682.png,data/datasets/s1gfloods/B/image_4682.png,data/datasets/s1gfloods/Label/image_4682.png
image_299,data/datasets/s1gfloods/A/image_299.png,data/datasets/s1gfloods/B/image_299.png,data/datasets/s1gfloods/Label/image_299.png
image_924,data/datasets/s1gfloods/A/image_924.png,data/datasets/s1gfloods/B/image_924.png,data/datasets/s1gfloods/Label/image_924.png
image_3642,data/datasets/s1gfloods/A/image_3642.png,data/datasets/s1gfloods/B/image_3642.png,data/datasets/s1gfloods/Label/image_3642.png
image_3646,data/datasets/s1gfloods/A/image_3646.png,data/datasets/s1gfloods/B/image_3646.png,data/datasets/s1gfloods/Label/image_3646.png
image_3792,data/datasets/s1gfloods/A/image_3792.png,data/datasets/s1gfloods/B/image_3792.png,data/datasets/s1gfloods/Label/image_3792.png
image_2742,data/datasets/s1gfloods/A/image_2742.png,data/datasets/s1gfloods/B/image_2742.png,data/datasets/s1gfloods/Label/image_2742.png
image_435,data/datasets/s1gfloods/A/image_435.png,data/datasets/s1gfloods/B/image_435.png,data/datasets/s1gfloods/Label/image_435.png
image_1182,data/datasets/s1gfloods/A/image_1182.png,data/datasets/s1gfloods/B/image_1182.png,data/datasets/s1gfloods/Label/image_1182.png
image_1343,data/datasets/s1gfloods/A/image_1343.png,data/datasets/s1gfloods/B/image_1343.png,data/datasets/s1gfloods/Label/image_1343.png
image_3465,data/datasets/s1gfloods/A/image_3465.png,data/datasets/s1gfloods/B/image_3465.png,data/datasets/s1gfloods/Label/image_3465.png
image_2936,data/datasets/s1gfloods/A/image_2936.png,data/datasets/s1gfloods/B/image_2936.png,data/datasets/s1gfloods/Label/image_2936.png
image_3507,data/datasets/s1gfloods/A/image_3507.png,data/datasets/s1gfloods/B/image_3507.png,data/datasets/s1gfloods/Label/image_3507.png
image_1399,data/datasets/s1gfloods/A/image_1399.png,data/datasets/s1gfloods/B/image_1399.png,data/datasets/s1gfloods/Label/image_1399.png
image_1894,data/datasets/s1gfloods/A/image_1894.png,data/datasets/s1gfloods/B/image_1894.png,data/datasets/s1gfloods/Label/image_1894.png
image_1174,data/datasets/s1gfloods/A/image_1174.png,data/datasets/s1gfloods/B/image_1174.png,data/datasets/s1gfloods/Label/image_1174.png
image_3667,data/datasets/s1gfloods/A/image_3667.png,data/datasets/s1gfloods/B/image_3667.png,data/datasets/s1gfloods/Label/image_3667.png
image_1956,data/datasets/s1gfloods/A/image_1956.png,data/datasets/s1gfloods/B/image_1956.png,data/datasets/s1gfloods/Label/image_1956.png
image_5101,data/datasets/s1gfloods/A/image_5101.png,data/datasets/s1gfloods/B/image_5101.png,data/datasets/s1gfloods/Label/image_5101.png
image_3720,data/datasets/s1gfloods/A/image_3720.png,data/datasets/s1gfloods/B/image_3720.png,data/datasets/s1gfloods/Label/image_3720.png
image_1764,data/datasets/s1gfloods/A/image_1764.png,data/datasets/s1gfloods/B/image_1764.png,data/datasets/s1gfloods/Label/image_1764.png
image_2365,data/datasets/s1gfloods/A/image_2365.png,data/datasets/s1gfloods/B/image_2365.png,data/datasets/s1gfloods/Label/image_2365.png
image_3220,data/datasets/s1gfloods/A/image_3220.png,data/datasets/s1gfloods/B/image_3220.png,data/datasets/s1gfloods/Label/image_3220.png
image_1435,data/datasets/s1gfloods/A/image_1435.png,data/datasets/s1gfloods/B/image_1435.png,data/datasets/s1gfloods/Label/image_1435.png
image_414,data/datasets/s1gfloods/A/image_414.png,data/datasets/s1gfloods/B/image_414.png,data/datasets/s1gfloods/Label/image_414.png
image_2261,data/datasets/s1gfloods/A/image_2261.png,data/datasets/s1gfloods/B/image_2261.png,data/datasets/s1gfloods/Label/image_2261.png
image_2014,data/datasets/s1gfloods/A/image_2014.png,data/datasets/s1gfloods/B/image_2014.png,data/datasets/s1gfloods/Label/image_2014.png
image_3572,data/datasets/s1gfloods/A/image_3572.png,data/datasets/s1gfloods/B/image_3572.png,data/datasets/s1gfloods/Label/image_3572.png
image_153,data/datasets/s1gfloods/A/image_153.png,data/datasets/s1gfloods/B/image_153.png,data/datasets/s1gfloods/Label/image_153.png
image_4559,data/datasets/s1gfloods/A/image_4559.png,data/datasets/s1gfloods/B/image_4559.png,data/datasets/s1gfloods/Label/image_4559.png
image_3141,data/datasets/s1gfloods/A/image_3141.png,data/datasets/s1gfloods/B/image_3141.png,data/datasets/s1gfloods/Label/image_3141.png
image_2380,data/datasets/s1gfloods/A/image_2380.png,data/datasets/s1gfloods/B/image_2380.png,data/datasets/s1gfloods/Label/image_2380.png
image_4565,data/datasets/s1gfloods/A/image_4565.png,data/datasets/s1gfloods/B/image_4565.png,data/datasets/s1gfloods/Label/image_4565.png
image_346,data/datasets/s1gfloods/A/image_346.png,data/datasets/s1gfloods/B/image_346.png,data/datasets/s1gfloods/Label/image_346.png
image_2919,data/datasets/s1gfloods/A/image_2919.png,data/datasets/s1gfloods/B/image_2919.png,data/datasets/s1gfloods/Label/image_2919.png
image_4433,data/datasets/s1gfloods/A/image_4433.png,data/datasets/s1gfloods/B/image_4433.png,data/datasets/s1gfloods/Label/image_4433.png
image_4969,data/datasets/s1gfloods/A/image_4969.png,data/datasets/s1gfloods/B/image_4969.png,data/datasets/s1gfloods/Label/image_4969.png
image_4500,data/datasets/s1gfloods/A/image_4500.png,data/datasets/s1gfloods/B/image_4500.png,data/datasets/s1gfloods/Label/image_4500.png
image_3528,data/datasets/s1gfloods/A/image_3528.png,data/datasets/s1gfloods/B/image_3528.png,data/datasets/s1gfloods/Label/image_3528.png
image_2096,data/datasets/s1gfloods/A/image_2096.png,data/datasets/s1gfloods/B/image_2096.png,data/datasets/s1gfloods/Label/image_2096.png
image_3049,data/datasets/s1gfloods/A/image_3049.png,data/datasets/s1gfloods/B/image_3049.png,data/datasets/s1gfloods/Label/image_3049.png
image_4163,data/datasets/s1gfloods/A/image_4163.png,data/datasets/s1gfloods/B/image_4163.png,data/datasets/s1gfloods/Label/image_4163.png
image_2280,data/datasets/s1gfloods/A/image_2280.png,data/datasets/s1gfloods/B/image_2280.png,data/datasets/s1gfloods/Label/image_2280.png
image_3914,data/datasets/s1gfloods/A/image_3914.png,data/datasets/s1gfloods/B/image_3914.png,data/datasets/s1gfloods/Label/image_3914.png
image_1701,data/datasets/s1gfloods/A/image_1701.png,data/datasets/s1gfloods/B/image_1701.png,data/datasets/s1gfloods/Label/image_1701.png
image_2468,data/datasets/s1gfloods/A/image_2468.png,data/datasets/s1gfloods/B/image_2468.png,data/datasets/s1gfloods/Label/image_2468.png
image_224,data/datasets/s1gfloods/A/image_224.png,data/datasets/s1gfloods/B/image_224.png,data/datasets/s1gfloods/Label/image_224.png
image_4875,data/datasets/s1gfloods/A/image_4875.png,data/datasets/s1gfloods/B/image_4875.png,data/datasets/s1gfloods/Label/image_4875.png
image_2483,data/datasets/s1gfloods/A/image_2483.png,data/datasets/s1gfloods/B/image_2483.png,data/datasets/s1gfloods/Label/image_2483.png
image_332,data/datasets/s1gfloods/A/image_332.png,data/datasets/s1gfloods/B/image_332.png,data/datasets/s1gfloods/Label/image_332.png
image_1718,data/datasets/s1gfloods/A/image_1718.png,data/datasets/s1gfloods/B/image_1718.png,data/datasets/s1gfloods/Label/image_1718.png
image_2528,data/datasets/s1gfloods/A/image_2528.png,data/datasets/s1gfloods/B/image_2528.png,data/datasets/s1gfloods/Label/image_2528.png
image_1332,data/datasets/s1gfloods/A/image_1332.png,data/datasets/s1gfloods/B/image_1332.png,data/datasets/s1gfloods/Label/image_1332.png
image_3769,data/datasets/s1gfloods/A/image_3769.png,data/datasets/s1gfloods/B/image_3769.png,data/datasets/s1gfloods/Label/image_3769.png
image_227,data/datasets/s1gfloods/A/image_227.png,data/datasets/s1gfloods/B/image_227.png,data/datasets/s1gfloods/Label/image_227.png
image_5032,data/datasets/s1gfloods/A/image_5032.png,data/datasets/s1gfloods/B/image_5032.png,data/datasets/s1gfloods/Label/image_5032.png
image_213,data/datasets/s1gfloods/A/image_213.png,data/datasets/s1gfloods/B/image_213.png,data/datasets/s1gfloods/Label/image_213.png
image_3120,data/datasets/s1gfloods/A/image_3120.png,data/datasets/s1gfloods/B/image_3120.png,data/datasets/s1gfloods/Label/image_3120.png
image_1247,data/datasets/s1gfloods/A/image_1247.png,data/datasets/s1gfloods/B/image_1247.png,data/datasets/s1gfloods/Label/image_1247.png
image_1123,data/datasets/s1gfloods/A/image_1123.png,data/datasets/s1gfloods/B/image_1123.png,data/datasets/s1gfloods/Label/image_1123.png
image_2270,data/datasets/s1gfloods/A/image_2270.png,data/datasets/s1gfloods/B/image_2270.png,data/datasets/s1gfloods/Label/image_2270.png
image_1551,data/datasets/s1gfloods/A/image_1551.png,data/datasets/s1gfloods/B/image_1551.png,data/datasets/s1gfloods/Label/image_1551.png
image_2230,data/datasets/s1gfloods/A/image_2230.png,data/datasets/s1gfloods/B/image_2230.png,data/datasets/s1gfloods/Label/image_2230.png
image_4791,data/datasets/s1gfloods/A/image_4791.png,data/datasets/s1gfloods/B/image_4791.png,data/datasets/s1gfloods/Label/image_4791.png
image_2197,data/datasets/s1gfloods/A/image_2197.png,data/datasets/s1gfloods/B/image_2197.png,data/datasets/s1gfloods/Label/image_2197.png
image_3905,data/datasets/s1gfloods/A/image_3905.png,data/datasets/s1gfloods/B/image_3905.png,data/datasets/s1gfloods/Label/image_3905.png
image_2572,data/datasets/s1gfloods/A/image_2572.png,data/datasets/s1gfloods/B/image_2572.png,data/datasets/s1gfloods/Label/image_2572.png
image_2036,data/datasets/s1gfloods/A/image_2036.png,data/datasets/s1gfloods/B/image_2036.png,data/datasets/s1gfloods/Label/image_2036.png
image_877,data/datasets/s1gfloods/A/image_877.png,data/datasets/s1gfloods/B/image_877.png,data/datasets/s1gfloods/Label/image_877.png
image_5054,data/datasets/s1gfloods/A/image_5054.png,data/datasets/s1gfloods/B/image_5054.png,data/datasets/s1gfloods/Label/image_5054.png
image_1094,data/datasets/s1gfloods/A/image_1094.png,data/datasets/s1gfloods/B/image_1094.png,data/datasets/s1gfloods/Label/image_1094.png
image_4531,data/datasets/s1gfloods/A/image_4531.png,data/datasets/s1gfloods/B/image_4531.png,data/datasets/s1gfloods/Label/image_4531.png
image_5165,data/datasets/s1gfloods/A/image_5165.png,data/datasets/s1gfloods/B/image_5165.png,data/datasets/s1gfloods/Label/image_5165.png
image_1077,data/datasets/s1gfloods/A/image_1077.png,data/datasets/s1gfloods/B/image_1077.png,data/datasets/s1gfloods/Label/image_1077.png
image_3904,data/datasets/s1gfloods/A/image_3904.png,data/datasets/s1gfloods/B/image_3904.png,data/datasets/s1gfloods/Label/image_3904.png
image_3689,data/datasets/s1gfloods/A/image_3689.png,data/datasets/s1gfloods/B/image_3689.png,data/datasets/s1gfloods/Label/image_3689.png
image_4858,data/datasets/s1gfloods/A/image_4858.png,data/datasets/s1gfloods/B/image_4858.png,data/datasets/s1gfloods/Label/image_4858.png
image_3761,data/datasets/s1gfloods/A/image_3761.png,data/datasets/s1gfloods/B/image_3761.png,data/datasets/s1gfloods/Label/image_3761.png
image_133,data/datasets/s1gfloods/A/image_133.png,data/datasets/s1gfloods/B/image_133.png,data/datasets/s1gfloods/Label/image_133.png
image_579,data/datasets/s1gfloods/A/image_579.png,data/datasets/s1gfloods/B/image_579.png,data/datasets/s1gfloods/Label/image_579.png
image_2500,data/datasets/s1gfloods/A/image_2500.png,data/datasets/s1gfloods/B/image_2500.png,data/datasets/s1gfloods/Label/image_2500.png
image_2430,data/datasets/s1gfloods/A/image_2430.png,data/datasets/s1gfloods/B/image_2430.png,data/datasets/s1gfloods/Label/image_2430.png
image_2731,data/datasets/s1gfloods/A/image_2731.png,data/datasets/s1gfloods/B/image_2731.png,data/datasets/s1gfloods/Label/image_2731.png
image_710,data/datasets/s1gfloods/A/image_710.png,data/datasets/s1gfloods/B/image_710.png,data/datasets/s1gfloods/Label/image_710.png
image_981,data/datasets/s1gfloods/A/image_981.png,data/datasets/s1gfloods/B/image_981.png,data/datasets/s1gfloods/Label/image_981.png
image_4716,data/datasets/s1gfloods/A/image_4716.png,data/datasets/s1gfloods/B/image_4716.png,data/datasets/s1gfloods/Label/image_4716.png
image_1376,data/datasets/s1gfloods/A/image_1376.png,data/datasets/s1gfloods/B/image_1376.png,data/datasets/s1gfloods/Label/image_1376.png
image_2269,data/datasets/s1gfloods/A/image_2269.png,data/datasets/s1gfloods/B/image_2269.png,data/datasets/s1gfloods/Label/image_2269.png
image_3921,data/datasets/s1gfloods/A/image_3921.png,data/datasets/s1gfloods/B/image_3921.png,data/datasets/s1gfloods/Label/image_3921.png
image_1822,data/datasets/s1gfloods/A/image_1822.png,data/datasets/s1gfloods/B/image_1822.png,data/datasets/s1gfloods/Label/image_1822.png
image_3223,data/datasets/s1gfloods/A/image_3223.png,data/datasets/s1gfloods/B/image_3223.png,data/datasets/s1gfloods/Label/image_3223.png
image_598,data/datasets/s1gfloods/A/image_598.png,data/datasets/s1gfloods/B/image_598.png,data/datasets/s1gfloods/Label/image_598.png
image_804,data/datasets/s1gfloods/A/image_804.png,data/datasets/s1gfloods/B/image_804.png,data/datasets/s1gfloods/Label/image_804.png
image_3430,data/datasets/s1gfloods/A/image_3430.png,data/datasets/s1gfloods/B/image_3430.png,data/datasets/s1gfloods/Label/image_3430.png
image_1852,data/datasets/s1gfloods/A/image_1852.png,data/datasets/s1gfloods/B/image_1852.png,data/datasets/s1gfloods/Label/image_1852.png
image_3483,data/datasets/s1gfloods/A/image_3483.png,data/datasets/s1gfloods/B/image_3483.png,data/datasets/s1gfloods/Label/image_3483.png
image_1252,data/datasets/s1gfloods/A/image_1252.png,data/datasets/s1gfloods/B/image_1252.png,data/datasets/s1gfloods/Label/image_1252.png
image_1142,data/datasets/s1gfloods/A/image_1142.png,data/datasets/s1gfloods/B/image_1142.png,data/datasets/s1gfloods/Label/image_1142.png
image_3531,data/datasets/s1gfloods/A/image_3531.png,data/datasets/s1gfloods/B/image_3531.png,data/datasets/s1gfloods/Label/image_3531.png
image_3721,data/datasets/s1gfloods/A/image_3721.png,data/datasets/s1gfloods/B/image_3721.png,data/datasets/s1gfloods/Label/image_3721.png
image_1078,data/datasets/s1gfloods/A/image_1078.png,data/datasets/s1gfloods/B/image_1078.png,data/datasets/s1gfloods/Label/image_1078.png
image_4908,data/datasets/s1gfloods/A/image_4908.png,data/datasets/s1gfloods/B/image_4908.png,data/datasets/s1gfloods/Label/image_4908.png
image_3999,data/datasets/s1gfloods/A/image_3999.png,data/datasets/s1gfloods/B/image_3999.png,data/datasets/s1gfloods/Label/image_3999.png
image_4086,data/datasets/s1gfloods/A/image_4086.png,data/datasets/s1gfloods/B/image_4086.png,data/datasets/s1gfloods/Label/image_4086.png
image_2211,data/datasets/s1gfloods/A/image_2211.png,data/datasets/s1gfloods/B/image_2211.png,data/datasets/s1gfloods/Label/image_2211.png
image_3375,data/datasets/s1gfloods/A/image_3375.png,data/datasets/s1gfloods/B/image_3375.png,data/datasets/s1gfloods/Label/image_3375.png
image_4421,data/datasets/s1gfloods/A/image_4421.png,data/datasets/s1gfloods/B/image_4421.png,data/datasets/s1gfloods/Label/image_4421.png
image_4871,data/datasets/s1gfloods/A/image_4871.png,data/datasets/s1gfloods/B/image_4871.png,data/datasets/s1gfloods/Label/image_4871.png
image_1944,data/datasets/s1gfloods/A/image_1944.png,data/datasets/s1gfloods/B/image_1944.png,data/datasets/s1gfloods/Label/image_1944.png
image_3524,data/datasets/s1gfloods/A/image_3524.png,data/datasets/s1gfloods/B/image_3524.png,data/datasets/s1gfloods/Label/image_3524.png
image_3510,data/datasets/s1gfloods/A/image_3510.png,data/datasets/s1gfloods/B/image_3510.png,data/datasets/s1gfloods/Label/image_3510.png
image_4501,data/datasets/s1gfloods/A/image_4501.png,data/datasets/s1gfloods/B/image_4501.png,data/datasets/s1gfloods/Label/image_4501.png
image_343,data/datasets/s1gfloods/A/image_343.png,data/datasets/s1gfloods/B/image_343.png,data/datasets/s1gfloods/Label/image_343.png
image_2353,data/datasets/s1gfloods/A/image_2353.png,data/datasets/s1gfloods/B/image_2353.png,data/datasets/s1gfloods/Label/image_2353.png
image_459,data/datasets/s1gfloods/A/image_459.png,data/datasets/s1gfloods/B/image_459.png,data/datasets/s1gfloods/Label/image_459.png
image_2501,data/datasets/s1gfloods/A/image_2501.png,data/datasets/s1gfloods/B/image_2501.png,data/datasets/s1gfloods/Label/image_2501.png
image_4607,data/datasets/s1gfloods/A/image_4607.png,data/datasets/s1gfloods/B/image_4607.png,data/datasets/s1gfloods/Label/image_4607.png
image_1473,data/datasets/s1gfloods/A/image_1473.png,data/datasets/s1gfloods/B/image_1473.png,data/datasets/s1gfloods/Label/image_1473.png
image_3930,data/datasets/s1gfloods/A/image_3930.png,data/datasets/s1gfloods/B/image_3930.png,data/datasets/s1gfloods/Label/image_3930.png
image_1524,data/datasets/s1gfloods/A/image_1524.png,data/datasets/s1gfloods/B/image_1524.png,data/datasets/s1gfloods/Label/image_1524.png
image_1113,data/datasets/s1gfloods/A/image_1113.png,data/datasets/s1gfloods/B/image_1113.png,data/datasets/s1gfloods/Label/image_1113.png
image_2733,data/datasets/s1gfloods/A/image_2733.png,data/datasets/s1gfloods/B/image_2733.png,data/datasets/s1gfloods/Label/image_2733.png
image_1729,data/datasets/s1gfloods/A/image_1729.png,data/datasets/s1gfloods/B/image_1729.png,data/datasets/s1gfloods/Label/image_1729.png
image_1936,data/datasets/s1gfloods/A/image_1936.png,data/datasets/s1gfloods/B/image_1936.png,data/datasets/s1gfloods/Label/image_1936.png
image_4224,data/datasets/s1gfloods/A/image_4224.png,data/datasets/s1gfloods/B/image_4224.png,data/datasets/s1gfloods/Label/image_4224.png
image_861,data/datasets/s1gfloods/A/image_861.png,data/datasets/s1gfloods/B/image_861.png,data/datasets/s1gfloods/Label/image_861.png
image_4377,data/datasets/s1gfloods/A/image_4377.png,data/datasets/s1gfloods/B/image_4377.png,data/datasets/s1gfloods/Label/image_4377.png
image_1489,data/datasets/s1gfloods/A/image_1489.png,data/datasets/s1gfloods/B/image_1489.png,data/datasets/s1gfloods/Label/image_1489.png
image_3539,data/datasets/s1gfloods/A/image_3539.png,data/datasets/s1gfloods/B/image_3539.png,data/datasets/s1gfloods/Label/image_3539.png
image_4847,data/datasets/s1gfloods/A/image_4847.png,data/datasets/s1gfloods/B/image_4847.png,data/datasets/s1gfloods/Label/image_4847.png
image_4915,data/datasets/s1gfloods/A/image_4915.png,data/datasets/s1gfloods/B/image_4915.png,data/datasets/s1gfloods/Label/image_4915.png
image_1276,data/datasets/s1gfloods/A/image_1276.png,data/datasets/s1gfloods/B/image_1276.png,data/datasets/s1gfloods/Label/image_1276.png
image_2243,data/datasets/s1gfloods/A/image_2243.png,data/datasets/s1gfloods/B/image_2243.png,data/datasets/s1gfloods/Label/image_2243.png
image_4807,data/datasets/s1gfloods/A/image_4807.png,data/datasets/s1gfloods/B/image_4807.png,data/datasets/s1gfloods/Label/image_4807.png
image_3068,data/datasets/s1gfloods/A/image_3068.png,data/datasets/s1gfloods/B/image_3068.png,data/datasets/s1gfloods/Label/image_3068.png
image_2304,data/datasets/s1gfloods/A/image_2304.png,data/datasets/s1gfloods/B/image_2304.png,data/datasets/s1gfloods/Label/image_2304.png
image_546,data/datasets/s1gfloods/A/image_546.png,data/datasets/s1gfloods/B/image_546.png,data/datasets/s1gfloods/Label/image_546.png
image_2173,data/datasets/s1gfloods/A/image_2173.png,data/datasets/s1gfloods/B/image_2173.png,data/datasets/s1gfloods/Label/image_2173.png
image_3180,data/datasets/s1gfloods/A/image_3180.png,data/datasets/s1gfloods/B/image_3180.png,data/datasets/s1gfloods/Label/image_3180.png
image_2945,data/datasets/s1gfloods/A/image_2945.png,data/datasets/s1gfloods/B/image_2945.png,data/datasets/s1gfloods/Label/image_2945.png
image_2651,data/datasets/s1gfloods/A/image_2651.png,data/datasets/s1gfloods/B/image_2651.png,data/datasets/s1gfloods/Label/image_2651.png
image_969,data/datasets/s1gfloods/A/image_969.png,data/datasets/s1gfloods/B/image_969.png,data/datasets/s1gfloods/Label/image_969.png
image_2032,data/datasets/s1gfloods/A/image_2032.png,data/datasets/s1gfloods/B/image_2032.png,data/datasets/s1gfloods/Label/image_2032.png
image_3110,data/datasets/s1gfloods/A/image_3110.png,data/datasets/s1gfloods/B/image_3110.png,data/datasets/s1gfloods/Label/image_3110.png
image_4903,data/datasets/s1gfloods/A/image_4903.png,data/datasets/s1gfloods/B/image_4903.png,data/datasets/s1gfloods/Label/image_4903.png
image_5262,data/datasets/s1gfloods/A/image_5262.png,data/datasets/s1gfloods/B/image_5262.png,data/datasets/s1gfloods/Label/image_5262.png
image_2707,data/datasets/s1gfloods/A/image_2707.png,data/datasets/s1gfloods/B/image_2707.png,data/datasets/s1gfloods/Label/image_2707.png
image_4447,data/datasets/s1gfloods/A/image_4447.png,data/datasets/s1gfloods/B/image_4447.png,data/datasets/s1gfloods/Label/image_4447.png
image_2842,data/datasets/s1gfloods/A/image_2842.png,data/datasets/s1gfloods/B/image_2842.png,data/datasets/s1gfloods/Label/image_2842.png
image_4241,data/datasets/s1gfloods/A/image_4241.png,data/datasets/s1gfloods/B/image_4241.png,data/datasets/s1gfloods/Label/image_4241.png
image_976,data/datasets/s1gfloods/A/image_976.png,data/datasets/s1gfloods/B/image_976.png,data/datasets/s1gfloods/Label/image_976.png
image_1880,data/datasets/s1gfloods/A/image_1880.png,data/datasets/s1gfloods/B/image_1880.png,data/datasets/s1gfloods/Label/image_1880.png
image_2467,data/datasets/s1gfloods/A/image_2467.png,data/datasets/s1gfloods/B/image_2467.png,data/datasets/s1gfloods/Label/image_2467.png
image_4872,data/datasets/s1gfloods/A/image_4872.png,data/datasets/s1gfloods/B/image_4872.png,data/datasets/s1gfloods/Label/image_4872.png
image_1319,data/datasets/s1gfloods/A/image_1319.png,data/datasets/s1gfloods/B/image_1319.png,data/datasets/s1gfloods/Label/image_1319.png
image_480,data/datasets/s1gfloods/A/image_480.png,data/datasets/s1gfloods/B/image_480.png,data/datasets/s1gfloods/Label/image_480.png
image_567,data/datasets/s1gfloods/A/image_567.png,data/datasets/s1gfloods/B/image_567.png,data/datasets/s1gfloods/Label/image_567.png
image_328,data/datasets/s1gfloods/A/image_328.png,data/datasets/s1gfloods/B/image_328.png,data/datasets/s1gfloods/Label/image_328.png
image_705,data/datasets/s1gfloods/A/image_705.png,data/datasets/s1gfloods/B/image_705.png,data/datasets/s1gfloods/Label/image_705.png
image_275,data/datasets/s1gfloods/A/image_275.png,data/datasets/s1gfloods/B/image_275.png,data/datasets/s1gfloods/Label/image_275.png
image_1976,data/datasets/s1gfloods/A/image_1976.png,data/datasets/s1gfloods/B/image_1976.png,data/datasets/s1gfloods/Label/image_1976.png
image_1536,data/datasets/s1gfloods/A/image_1536.png,data/datasets/s1gfloods/B/image_1536.png,data/datasets/s1gfloods/Label/image_1536.png
image_2121,data/datasets/s1gfloods/A/image_2121.png,data/datasets/s1gfloods/B/image_2121.png,data/datasets/s1gfloods/Label/image_2121.png
image_3576,data/datasets/s1gfloods/A/image_3576.png,data/datasets/s1gfloods/B/image_3576.png,data/datasets/s1gfloods/Label/image_3576.png
image_3064,data/datasets/s1gfloods/A/image_3064.png,data/datasets/s1gfloods/B/image_3064.png,data/datasets/s1gfloods/Label/image_3064.png
image_4327,data/datasets/s1gfloods/A/image_4327.png,data/datasets/s1gfloods/B/image_4327.png,data/datasets/s1gfloods/Label/image_4327.png
image_885,data/datasets/s1gfloods/A/image_885.png,data/datasets/s1gfloods/B/image_885.png,data/datasets/s1gfloods/Label/image_885.png
image_225,data/datasets/s1gfloods/A/image_225.png,data/datasets/s1gfloods/B/image_225.png,data/datasets/s1gfloods/Label/image_225.png
image_2953,data/datasets/s1gfloods/A/image_2953.png,data/datasets/s1gfloods/B/image_2953.png,data/datasets/s1gfloods/Label/image_2953.png
image_479,data/datasets/s1gfloods/A/image_479.png,data/datasets/s1gfloods/B/image_479.png,data/datasets/s1gfloods/Label/image_479.png
image_4733,data/datasets/s1gfloods/A/image_4733.png,data/datasets/s1gfloods/B/image_4733.png,data/datasets/s1gfloods/Label/image_4733.png
image_2598,data/datasets/s1gfloods/A/image_2598.png,data/datasets/s1gfloods/B/image_2598.png,data/datasets/s1gfloods/Label/image_2598.png
image_5081,data/datasets/s1gfloods/A/image_5081.png,data/datasets/s1gfloods/B/image_5081.png,data/datasets/s1gfloods/Label/image_5081.png
image_1315,data/datasets/s1gfloods/A/image_1315.png,data/datasets/s1gfloods/B/image_1315.png,data/datasets/s1gfloods/Label/image_1315.png
image_3119,data/datasets/s1gfloods/A/image_3119.png,data/datasets/s1gfloods/B/image_3119.png,data/datasets/s1gfloods/Label/image_3119.png
image_2620,data/datasets/s1gfloods/A/image_2620.png,data/datasets/s1gfloods/B/image_2620.png,data/datasets/s1gfloods/Label/image_2620.png
image_800,data/datasets/s1gfloods/A/image_800.png,data/datasets/s1gfloods/B/image_800.png,data/datasets/s1gfloods/Label/image_800.png
image_2918,data/datasets/s1gfloods/A/image_2918.png,data/datasets/s1gfloods/B/image_2918.png,data/datasets/s1gfloods/Label/image_2918.png
image_5208,data/datasets/s1gfloods/A/image_5208.png,data/datasets/s1gfloods/B/image_5208.png,data/datasets/s1gfloods/Label/image_5208.png
image_3139,data/datasets/s1gfloods/A/image_3139.png,data/datasets/s1gfloods/B/image_3139.png,data/datasets/s1gfloods/Label/image_3139.png
image_2722,data/datasets/s1gfloods/A/image_2722.png,data/datasets/s1gfloods/B/image_2722.png,data/datasets/s1gfloods/Label/image_2722.png
image_2113,data/datasets/s1gfloods/A/image_2113.png,data/datasets/s1gfloods/B/image_2113.png,data/datasets/s1gfloods/Label/image_2113.png
image_1992,data/datasets/s1gfloods/A/image_1992.png,data/datasets/s1gfloods/B/image_1992.png,data/datasets/s1gfloods/Label/image_1992.png
image_5024,data/datasets/s1gfloods/A/image_5024.png,data/datasets/s1gfloods/B/image_5024.png,data/datasets/s1gfloods/Label/image_5024.png
image_4308,data/datasets/s1gfloods/A/image_4308.png,data/datasets/s1gfloods/B/image_4308.png,data/datasets/s1gfloods/Label/image_4308.png
image_4293,data/datasets/s1gfloods/A/image_4293.png,data/datasets/s1gfloods/B/image_4293.png,data/datasets/s1gfloods/Label/image_4293.png
image_3194,data/datasets/s1gfloods/A/image_3194.png,data/datasets/s1gfloods/B/image_3194.png,data/datasets/s1gfloods/Label/image_3194.png
image_4592,data/datasets/s1gfloods/A/image_4592.png,data/datasets/s1gfloods/B/image_4592.png,data/datasets/s1gfloods/Label/image_4592.png
image_886,data/datasets/s1gfloods/A/image_886.png,data/datasets/s1gfloods/B/image_886.png,data/datasets/s1gfloods/Label/image_886.png
image_995,data/datasets/s1gfloods/A/image_995.png,data/datasets/s1gfloods/B/image_995.png,data/datasets/s1gfloods/Label/image_995.png
image_2372,data/datasets/s1gfloods/A/image_2372.png,data/datasets/s1gfloods/B/image_2372.png,data/datasets/s1gfloods/Label/image_2372.png
image_3991,data/datasets/s1gfloods/A/image_3991.png,data/datasets/s1gfloods/B/image_3991.png,data/datasets/s1gfloods/Label/image_3991.png
image_109,data/datasets/s1gfloods/A/image_109.png,data/datasets/s1gfloods/B/image_109.png,data/datasets/s1gfloods/Label/image_109.png
image_1141,data/datasets/s1gfloods/A/image_1141.png,data/datasets/s1gfloods/B/image_1141.png,data/datasets/s1gfloods/Label/image_1141.png
image_5157,data/datasets/s1gfloods/A/image_5157.png,data/datasets/s1gfloods/B/image_5157.png,data/datasets/s1gfloods/Label/image_5157.png
image_630,data/datasets/s1gfloods/A/image_630.png,data/datasets/s1gfloods/B/image_630.png,data/datasets/s1gfloods/Label/image_630.png
image_20,data/datasets/s1gfloods/A/image_20.png,data/datasets/s1gfloods/B/image_20.png,data/datasets/s1gfloods/Label/image_20.png
image_2374,data/datasets/s1gfloods/A/image_2374.png,data/datasets/s1gfloods/B/image_2374.png,data/datasets/s1gfloods/Label/image_2374.png
image_1002,data/datasets/s1gfloods/A/image_1002.png,data/datasets/s1gfloods/B/image_1002.png,data/datasets/s1gfloods/Label/image_1002.png
image_5263,data/datasets/s1gfloods/A/image_5263.png,data/datasets/s1gfloods/B/image_5263.png,data/datasets/s1gfloods/Label/image_5263.png
image_5270,data/datasets/s1gfloods/A/image_5270.png,data/datasets/s1gfloods/B/image_5270.png,data/datasets/s1gfloods/Label/image_5270.png
image_1003,data/datasets/s1gfloods/A/image_1003.png,data/datasets/s1gfloods/B/image_1003.png,data/datasets/s1gfloods/Label/image_1003.png
image_2854,data/datasets/s1gfloods/A/image_2854.png,data/datasets/s1gfloods/B/image_2854.png,data/datasets/s1gfloods/Label/image_2854.png
image_1196,data/datasets/s1gfloods/A/image_1196.png,data/datasets/s1gfloods/B/image_1196.png,data/datasets/s1gfloods/Label/image_1196.png
image_4357,data/datasets/s1gfloods/A/image_4357.png,data/datasets/s1gfloods/B/image_4357.png,data/datasets/s1gfloods/Label/image_4357.png
image_2635,data/datasets/s1gfloods/A/image_2635.png,data/datasets/s1gfloods/B/image_2635.png,data/datasets/s1gfloods/Label/image_2635.png
image_3331,data/datasets/s1gfloods/A/image_3331.png,data/datasets/s1gfloods/B/image_3331.png,data/datasets/s1gfloods/Label/image_3331.png
image_2029,data/datasets/s1gfloods/A/image_2029.png,data/datasets/s1gfloods/B/image_2029.png,data/datasets/s1gfloods/Label/image_2029.png
image_1037,data/datasets/s1gfloods/A/image_1037.png,data/datasets/s1gfloods/B/image_1037.png,data/datasets/s1gfloods/Label/image_1037.png
image_3177,data/datasets/s1gfloods/A/image_3177.png,data/datasets/s1gfloods/B/image_3177.png,data/datasets/s1gfloods/Label/image_3177.png
image_765,data/datasets/s1gfloods/A/image_765.png,data/datasets/s1gfloods/B/image_765.png,data/datasets/s1gfloods/Label/image_765.png
image_4971,data/datasets/s1gfloods/A/image_4971.png,data/datasets/s1gfloods/B/image_4971.png,data/datasets/s1gfloods/Label/image_4971.png
image_893,data/datasets/s1gfloods/A/image_893.png,data/datasets/s1gfloods/B/image_893.png,data/datasets/s1gfloods/Label/image_893.png
image_3617,data/datasets/s1gfloods/A/image_3617.png,data/datasets/s1gfloods/B/image_3617.png,data/datasets/s1gfloods/Label/image_3617.png
image_1095,data/datasets/s1gfloods/A/image_1095.png,data/datasets/s1gfloods/B/image_1095.png,data/datasets/s1gfloods/Label/image_1095.png
image_1629,data/datasets/s1gfloods/A/image_1629.png,data/datasets/s1gfloods/B/image_1629.png,data/datasets/s1gfloods/Label/image_1629.png
image_295,data/datasets/s1gfloods/A/image_295.png,data/datasets/s1gfloods/B/image_295.png,data/datasets/s1gfloods/Label/image_295.png
image_3185,data/datasets/s1gfloods/A/image_3185.png,data/datasets/s1gfloods/B/image_3185.png,data/datasets/s1gfloods/Label/image_3185.png
image_3040,data/datasets/s1gfloods/A/image_3040.png,data/datasets/s1gfloods/B/image_3040.png,data/datasets/s1gfloods/Label/image_3040.png
image_1509,data/datasets/s1gfloods/A/image_1509.png,data/datasets/s1gfloods/B/image_1509.png,data/datasets/s1gfloods/Label/image_1509.png
image_4455,data/datasets/s1gfloods/A/image_4455.png,data/datasets/s1gfloods/B/image_4455.png,data/datasets/s1gfloods/Label/image_4455.png
image_4649,data/datasets/s1gfloods/A/image_4649.png,data/datasets/s1gfloods/B/image_4649.png,data/datasets/s1gfloods/Label/image_4649.png
image_3780,data/datasets/s1gfloods/A/image_3780.png,data/datasets/s1gfloods/B/image_3780.png,data/datasets/s1gfloods/Label/image_3780.png
image_733,data/datasets/s1gfloods/A/image_733.png,data/datasets/s1gfloods/B/image_733.png,data/datasets/s1gfloods/Label/image_733.png
image_1063,data/datasets/s1gfloods/A/image_1063.png,data/datasets/s1gfloods/B/image_1063.png,data/datasets/s1gfloods/Label/image_1063.png
image_83,data/datasets/s1gfloods/A/image_83.png,data/datasets/s1gfloods/B/image_83.png,data/datasets/s1gfloods/Label/image_83.png
image_5026,data/datasets/s1gfloods/A/image_5026.png,data/datasets/s1gfloods/B/image_5026.png,data/datasets/s1gfloods/Label/image_5026.png
image_2387,data/datasets/s1gfloods/A/image_2387.png,data/datasets/s1gfloods/B/image_2387.png,data/datasets/s1gfloods/Label/image_2387.png
image_3257,data/datasets/s1gfloods/A/image_3257.png,data/datasets/s1gfloods/B/image_3257.png,data/datasets/s1gfloods/Label/image_3257.png
image_5251,data/datasets/s1gfloods/A/image_5251.png,data/datasets/s1gfloods/B/image_5251.png,data/datasets/s1gfloods/Label/image_5251.png
image_4397,data/datasets/s1gfloods/A/image_4397.png,data/datasets/s1gfloods/B/image_4397.png,data/datasets/s1gfloods/Label/image_4397.png
image_4727,data/datasets/s1gfloods/A/image_4727.png,data/datasets/s1gfloods/B/image_4727.png,data/datasets/s1gfloods/Label/image_4727.png
image_5153,data/datasets/s1gfloods/A/image_5153.png,data/datasets/s1gfloods/B/image_5153.png,data/datasets/s1gfloods/Label/image_5153.png
image_2658,data/datasets/s1gfloods/A/image_2658.png,data/datasets/s1gfloods/B/image_2658.png,data/datasets/s1gfloods/Label/image_2658.png
image_3896,data/datasets/s1gfloods/A/image_3896.png,data/datasets/s1gfloods/B/image_3896.png,data/datasets/s1gfloods/Label/image_3896.png
image_539,data/datasets/s1gfloods/A/image_539.png,data/datasets/s1gfloods/B/image_539.png,data/datasets/s1gfloods/Label/image_539.png
image_4456,data/datasets/s1gfloods/A/image_4456.png,data/datasets/s1gfloods/B/image_4456.png,data/datasets/s1gfloods/Label/image_4456.png
image_4557,data/datasets/s1gfloods/A/image_4557.png,data/datasets/s1gfloods/B/image_4557.png,data/datasets/s1gfloods/Label/image_4557.png
image_3267,data/datasets/s1gfloods/A/image_3267.png,data/datasets/s1gfloods/B/image_3267.png,data/datasets/s1gfloods/Label/image_3267.png
image_1298,data/datasets/s1gfloods/A/image_1298.png,data/datasets/s1gfloods/B/image_1298.png,data/datasets/s1gfloods/Label/image_1298.png
image_4273,data/datasets/s1gfloods/A/image_4273.png,data/datasets/s1gfloods/B/image_4273.png,data/datasets/s1gfloods/Label/image_4273.png
image_3526,data/datasets/s1gfloods/A/image_3526.png,data/datasets/s1gfloods/B/image_3526.png,data/datasets/s1gfloods/Label/image_3526.png
image_4304,data/datasets/s1gfloods/A/image_4304.png,data/datasets/s1gfloods/B/image_4304.png,data/datasets/s1gfloods/Label/image_4304.png
image_1747,data/datasets/s1gfloods/A/image_1747.png,data/datasets/s1gfloods/B/image_1747.png,data/datasets/s1gfloods/Label/image_1747.png
image_860,data/datasets/s1gfloods/A/image_860.png,data/datasets/s1gfloods/B/image_860.png,data/datasets/s1gfloods/Label/image_860.png
image_3330,data/datasets/s1gfloods/A/image_3330.png,data/datasets/s1gfloods/B/image_3330.png,data/datasets/s1gfloods/Label/image_3330.png
image_413,data/datasets/s1gfloods/A/image_413.png,data/datasets/s1gfloods/B/image_413.png,data/datasets/s1gfloods/Label/image_413.png
image_2136,data/datasets/s1gfloods/A/image_2136.png,data/datasets/s1gfloods/B/image_2136.png,data/datasets/s1gfloods/Label/image_2136.png
image_3511,data/datasets/s1gfloods/A/image_3511.png,data/datasets/s1gfloods/B/image_3511.png,data/datasets/s1gfloods/Label/image_3511.png
image_1873,data/datasets/s1gfloods/A/image_1873.png,data/datasets/s1gfloods/B/image_1873.png,data/datasets/s1gfloods/Label/image_1873.png
image_325,data/datasets/s1gfloods/A/image_325.png,data/datasets/s1gfloods/B/image_325.png,data/datasets/s1gfloods/Label/image_325.png
image_1377,data/datasets/s1gfloods/A/image_1377.png,data/datasets/s1gfloods/B/image_1377.png,data/datasets/s1gfloods/Label/image_1377.png
image_509,data/datasets/s1gfloods/A/image_509.png,data/datasets/s1gfloods/B/image_509.png,data/datasets/s1gfloods/Label/image_509.png
image_3578,data/datasets/s1gfloods/A/image_3578.png,data/datasets/s1gfloods/B/image_3578.png,data/datasets/s1gfloods/Label/image_3578.png
image_4722,data/datasets/s1gfloods/A/image_4722.png,data/datasets/s1gfloods/B/image_4722.png,data/datasets/s1gfloods/Label/image_4722.png
image_2702,data/datasets/s1gfloods/A/image_2702.png,data/datasets/s1gfloods/B/image_2702.png,data/datasets/s1gfloods/Label/image_2702.png
image_2150,data/datasets/s1gfloods/A/image_2150.png,data/datasets/s1gfloods/B/image_2150.png,data/datasets/s1gfloods/Label/image_2150.png
image_4665,data/datasets/s1gfloods/A/image_4665.png,data/datasets/s1gfloods/B/image_4665.png,data/datasets/s1gfloods/Label/image_4665.png
image_1713,data/datasets/s1gfloods/A/image_1713.png,data/datasets/s1gfloods/B/image_1713.png,data/datasets/s1gfloods/Label/image_1713.png
image_2398,data/datasets/s1gfloods/A/image_2398.png,data/datasets/s1gfloods/B/image_2398.png,data/datasets/s1gfloods/Label/image_2398.png
image_208,data/datasets/s1gfloods/A/image_208.png,data/datasets/s1gfloods/B/image_208.png,data/datasets/s1gfloods/Label/image_208.png
image_1050,data/datasets/s1gfloods/A/image_1050.png,data/datasets/s1gfloods/B/image_1050.png,data/datasets/s1gfloods/Label/image_1050.png
image_4861,data/datasets/s1gfloods/A/image_4861.png,data/datasets/s1gfloods/B/image_4861.png,data/datasets/s1gfloods/Label/image_4861.png
image_4638,data/datasets/s1gfloods/A/image_4638.png,data/datasets/s1gfloods/B/image_4638.png,data/datasets/s1gfloods/Label/image_4638.png
image_4496,data/datasets/s1gfloods/A/image_4496.png,data/datasets/s1gfloods/B/image_4496.png,data/datasets/s1gfloods/Label/image_4496.png
image_3225,data/datasets/s1gfloods/A/image_3225.png,data/datasets/s1gfloods/B/image_3225.png,data/datasets/s1gfloods/Label/image_3225.png
image_3025,data/datasets/s1gfloods/A/image_3025.png,data/datasets/s1gfloods/B/image_3025.png,data/datasets/s1gfloods/Label/image_3025.png
image_5265,data/datasets/s1gfloods/A/image_5265.png,data/datasets/s1gfloods/B/image_5265.png,data/datasets/s1gfloods/Label/image_5265.png
image_1270,data/datasets/s1gfloods/A/image_1270.png,data/datasets/s1gfloods/B/image_1270.png,data/datasets/s1gfloods/Label/image_1270.png
image_4779,data/datasets/s1gfloods/A/image_4779.png,data/datasets/s1gfloods/B/image_4779.png,data/datasets/s1gfloods/Label/image_4779.png
image_4278,data/datasets/s1gfloods/A/image_4278.png,data/datasets/s1gfloods/B/image_4278.png,data/datasets/s1gfloods/Label/image_4278.png
image_4698,data/datasets/s1gfloods/A/image_4698.png,data/datasets/s1gfloods/B/image_4698.png,data/datasets/s1gfloods/Label/image_4698.png
image_4898,data/datasets/s1gfloods/A/image_4898.png,data/datasets/s1gfloods/B/image_4898.png,data/datasets/s1gfloods/Label/image_4898.png
image_904,data/datasets/s1gfloods/A/image_904.png,data/datasets/s1gfloods/B/image_904.png,data/datasets/s1gfloods/Label/image_904.png
image_4989,data/datasets/s1gfloods/A/image_4989.png,data/datasets/s1gfloods/B/image_4989.png,data/datasets/s1gfloods/Label/image_4989.png
image_5166,data/datasets/s1gfloods/A/image_5166.png,data/datasets/s1gfloods/B/image_5166.png,data/datasets/s1gfloods/Label/image_5166.png
image_344,data/datasets/s1gfloods/A/image_344.png,data/datasets/s1gfloods/B/image_344.png,data/datasets/s1gfloods/Label/image_344.png
image_572,data/datasets/s1gfloods/A/image_572.png,data/datasets/s1gfloods/B/image_572.png,data/datasets/s1gfloods/Label/image_572.png
image_372,data/datasets/s1gfloods/A/image_372.png,data/datasets/s1gfloods/B/image_372.png,data/datasets/s1gfloods/Label/image_372.png
image_2618,data/datasets/s1gfloods/A/image_2618.png,data/datasets/s1gfloods/B/image_2618.png,data/datasets/s1gfloods/Label/image_2618.png
image_3535,data/datasets/s1gfloods/A/image_3535.png,data/datasets/s1gfloods/B/image_3535.png,data/datasets/s1gfloods/Label/image_3535.png
image_1485,data/datasets/s1gfloods/A/image_1485.png,data/datasets/s1gfloods/B/image_1485.png,data/datasets/s1gfloods/Label/image_1485.png
image_1794,data/datasets/s1gfloods/A/image_1794.png,data/datasets/s1gfloods/B/image_1794.png,data/datasets/s1gfloods/Label/image_1794.png
image_5229,data/datasets/s1gfloods/A/image_5229.png,data/datasets/s1gfloods/B/image_5229.png,data/datasets/s1gfloods/Label/image_5229.png
image_2926,data/datasets/s1gfloods/A/image_2926.png,data/datasets/s1gfloods/B/image_2926.png,data/datasets/s1gfloods/Label/image_2926.png
image_4366,data/datasets/s1gfloods/A/image_4366.png,data/datasets/s1gfloods/B/image_4366.png,data/datasets/s1gfloods/Label/image_4366.png
image_4401,data/datasets/s1gfloods/A/image_4401.png,data/datasets/s1gfloods/B/image_4401.png,data/datasets/s1gfloods/Label/image_4401.png
image_4255,data/datasets/s1gfloods/A/image_4255.png,data/datasets/s1gfloods/B/image_4255.png,data/datasets/s1gfloods/Label/image_4255.png
image_3261,data/datasets/s1gfloods/A/image_3261.png,data/datasets/s1gfloods/B/image_3261.png,data/datasets/s1gfloods/Label/image_3261.png
image_571,data/datasets/s1gfloods/A/image_571.png,data/datasets/s1gfloods/B/image_571.png,data/datasets/s1gfloods/Label/image_571.png
image_3466,data/datasets/s1gfloods/A/image_3466.png,data/datasets/s1gfloods/B/image_3466.png,data/datasets/s1gfloods/Label/image_3466.png
image_985,data/datasets/s1gfloods/A/image_985.png,data/datasets/s1gfloods/B/image_985.png,data/datasets/s1gfloods/Label/image_985.png
image_146,data/datasets/s1gfloods/A/image_146.png,data/datasets/s1gfloods/B/image_146.png,data/datasets/s1gfloods/Label/image_146.png
image_220,data/datasets/s1gfloods/A/image_220.png,data/datasets/s1gfloods/B/image_220.png,data/datasets/s1gfloods/Label/image_220.png
image_1758,data/datasets/s1gfloods/A/image_1758.png,data/datasets/s1gfloods/B/image_1758.png,data/datasets/s1gfloods/Label/image_1758.png
image_3477,data/datasets/s1gfloods/A/image_3477.png,data/datasets/s1gfloods/B/image_3477.png,data/datasets/s1gfloods/Label/image_3477.png
image_4941,data/datasets/s1gfloods/A/image_4941.png,data/datasets/s1gfloods/B/image_4941.png,data/datasets/s1gfloods/Label/image_4941.png
image_4535,data/datasets/s1gfloods/A/image_4535.png,data/datasets/s1gfloods/B/image_4535.png,data/datasets/s1gfloods/Label/image_4535.png
image_3171,data/datasets/s1gfloods/A/image_3171.png,data/datasets/s1gfloods/B/image_3171.png,data/datasets/s1gfloods/Label/image_3171.png
image_1437,data/datasets/s1gfloods/A/image_1437.png,data/datasets/s1gfloods/B/image_1437.png,data/datasets/s1gfloods/Label/image_1437.png
image_3979,data/datasets/s1gfloods/A/image_3979.png,data/datasets/s1gfloods/B/image_3979.png,data/datasets/s1gfloods/Label/image_3979.png
image_1676,data/datasets/s1gfloods/A/image_1676.png,data/datasets/s1gfloods/B/image_1676.png,data/datasets/s1gfloods/Label/image_1676.png
image_4055,data/datasets/s1gfloods/A/image_4055.png,data/datasets/s1gfloods/B/image_4055.png,data/datasets/s1gfloods/Label/image_4055.png
image_2908,data/datasets/s1gfloods/A/image_2908.png,data/datasets/s1gfloods/B/image_2908.png,data/datasets/s1gfloods/Label/image_2908.png
image_4585,data/datasets/s1gfloods/A/image_4585.png,data/datasets/s1gfloods/B/image_4585.png,data/datasets/s1gfloods/Label/image_4585.png
image_3508,data/datasets/s1gfloods/A/image_3508.png,data/datasets/s1gfloods/B/image_3508.png,data/datasets/s1gfloods/Label/image_3508.png
image_3772,data/datasets/s1gfloods/A/image_3772.png,data/datasets/s1gfloods/B/image_3772.png,data/datasets/s1gfloods/Label/image_3772.png
image_510,data/datasets/s1gfloods/A/image_510.png,data/datasets/s1gfloods/B/image_510.png,data/datasets/s1gfloods/Label/image_510.png
image_5217,data/datasets/s1gfloods/A/image_5217.png,data/datasets/s1gfloods/B/image_5217.png,data/datasets/s1gfloods/Label/image_5217.png
image_2506,data/datasets/s1gfloods/A/image_2506.png,data/datasets/s1gfloods/B/image_2506.png,data/datasets/s1gfloods/Label/image_2506.png
image_3402,data/datasets/s1gfloods/A/image_3402.png,data/datasets/s1gfloods/B/image_3402.png,data/datasets/s1gfloods/Label/image_3402.png
image_698,data/datasets/s1gfloods/A/image_698.png,data/datasets/s1gfloods/B/image_698.png,data/datasets/s1gfloods/Label/image_698.png
image_3983,data/datasets/s1gfloods/A/image_3983.png,data/datasets/s1gfloods/B/image_3983.png,data/datasets/s1gfloods/Label/image_3983.png
image_370,data/datasets/s1gfloods/A/image_370.png,data/datasets/s1gfloods/B/image_370.png,data/datasets/s1gfloods/Label/image_370.png
image_4435,data/datasets/s1gfloods/A/image_4435.png,data/datasets/s1gfloods/B/image_4435.png,data/datasets/s1gfloods/Label/image_4435.png
image_1724,data/datasets/s1gfloods/A/image_1724.png,data/datasets/s1gfloods/B/image_1724.png,data/datasets/s1gfloods/Label/image_1724.png
image_3620,data/datasets/s1gfloods/A/image_3620.png,data/datasets/s1gfloods/B/image_3620.png,data/datasets/s1gfloods/Label/image_3620.png
image_1853,data/datasets/s1gfloods/A/image_1853.png,data/datasets/s1gfloods/B/image_1853.png,data/datasets/s1gfloods/Label/image_1853.png
image_4265,data/datasets/s1gfloods/A/image_4265.png,data/datasets/s1gfloods/B/image_4265.png,data/datasets/s1gfloods/Label/image_4265.png
image_2260,data/datasets/s1gfloods/A/image_2260.png,data/datasets/s1gfloods/B/image_2260.png,data/datasets/s1gfloods/Label/image_2260.png
image_3057,data/datasets/s1gfloods/A/image_3057.png,data/datasets/s1gfloods/B/image_3057.png,data/datasets/s1gfloods/Label/image_3057.png
image_271,data/datasets/s1gfloods/A/image_271.png,data/datasets/s1gfloods/B/image_271.png,data/datasets/s1gfloods/Label/image_271.png
image_5298,data/datasets/s1gfloods/A/image_5298.png,data/datasets/s1gfloods/B/image_5298.png,data/datasets/s1gfloods/Label/image_5298.png
image_3993,data/datasets/s1gfloods/A/image_3993.png,data/datasets/s1gfloods/B/image_3993.png,data/datasets/s1gfloods/Label/image_3993.png
image_5293,data/datasets/s1gfloods/A/image_5293.png,data/datasets/s1gfloods/B/image_5293.png,data/datasets/s1gfloods/Label/image_5293.png
image_3229,data/datasets/s1gfloods/A/image_3229.png,data/datasets/s1gfloods/B/image_3229.png,data/datasets/s1gfloods/Label/image_3229.png
image_2861,data/datasets/s1gfloods/A/image_2861.png,data/datasets/s1gfloods/B/image_2861.png,data/datasets/s1gfloods/Label/image_2861.png
image_3154,data/datasets/s1gfloods/A/image_3154.png,data/datasets/s1gfloods/B/image_3154.png,data/datasets/s1gfloods/Label/image_3154.png
image_2853,data/datasets/s1gfloods/A/image_2853.png,data/datasets/s1gfloods/B/image_2853.png,data/datasets/s1gfloods/Label/image_2853.png
image_1154,data/datasets/s1gfloods/A/image_1154.png,data/datasets/s1gfloods/B/image_1154.png,data/datasets/s1gfloods/Label/image_1154.png
image_4709,data/datasets/s1gfloods/A/image_4709.png,data/datasets/s1gfloods/B/image_4709.png,data/datasets/s1gfloods/Label/image_4709.png
image_4346,data/datasets/s1gfloods/A/image_4346.png,data/datasets/s1gfloods/B/image_4346.png,data/datasets/s1gfloods/Label/image_4346.png
image_2806,data/datasets/s1gfloods/A/image_2806.png,data/datasets/s1gfloods/B/image_2806.png,data/datasets/s1gfloods/Label/image_2806.png
image_4940,data/datasets/s1gfloods/A/image_4940.png,data/datasets/s1gfloods/B/image_4940.png,data/datasets/s1gfloods/Label/image_4940.png
image_4545,data/datasets/s1gfloods/A/image_4545.png,data/datasets/s1gfloods/B/image_4545.png,data/datasets/s1gfloods/Label/image_4545.png
image_4822,data/datasets/s1gfloods/A/image_4822.png,data/datasets/s1gfloods/B/image_4822.png,data/datasets/s1gfloods/Label/image_4822.png
image_616,data/datasets/s1gfloods/A/image_616.png,data/datasets/s1gfloods/B/image_616.png,data/datasets/s1gfloods/Label/image_616.png
image_2175,data/datasets/s1gfloods/A/image_2175.png,data/datasets/s1gfloods/B/image_2175.png,data/datasets/s1gfloods/Label/image_2175.png
image_4646,data/datasets/s1gfloods/A/image_4646.png,data/datasets/s1gfloods/B/image_4646.png,data/datasets/s1gfloods/Label/image_4646.png
image_1631,data/datasets/s1gfloods/A/image_1631.png,data/datasets/s1gfloods/B/image_1631.png,data/datasets/s1gfloods/Label/image_1631.png
image_2038,data/datasets/s1gfloods/A/image_2038.png,data/datasets/s1gfloods/B/image_2038.png,data/datasets/s1gfloods/Label/image_2038.png
image_542,data/datasets/s1gfloods/A/image_542.png,data/datasets/s1gfloods/B/image_542.png,data/datasets/s1gfloods/Label/image_542.png
image_1897,data/datasets/s1gfloods/A/image_1897.png,data/datasets/s1gfloods/B/image_1897.png,data/datasets/s1gfloods/Label/image_1897.png
image_366,data/datasets/s1gfloods/A/image_366.png,data/datasets/s1gfloods/B/image_366.png,data/datasets/s1gfloods/Label/image_366.png
image_1423,data/datasets/s1gfloods/A/image_1423.png,data/datasets/s1gfloods/B/image_1423.png,data/datasets/s1gfloods/Label/image_1423.png
image_3343,data/datasets/s1gfloods/A/image_3343.png,data/datasets/s1gfloods/B/image_3343.png,data/datasets/s1gfloods/Label/image_3343.png
image_3975,data/datasets/s1gfloods/A/image_3975.png,data/datasets/s1gfloods/B/image_3975.png,data/datasets/s1gfloods/Label/image_3975.png
image_4600,data/datasets/s1gfloods/A/image_4600.png,data/datasets/s1gfloods/B/image_4600.png,data/datasets/s1gfloods/Label/image_4600.png
image_4353,data/datasets/s1gfloods/A/image_4353.png,data/datasets/s1gfloods/B/image_4353.png,data/datasets/s1gfloods/Label/image_4353.png
image_3226,data/datasets/s1gfloods/A/image_3226.png,data/datasets/s1gfloods/B/image_3226.png,data/datasets/s1gfloods/Label/image_3226.png
image_4167,data/datasets/s1gfloods/A/image_4167.png,data/datasets/s1gfloods/B/image_4167.png,data/datasets/s1gfloods/Label/image_4167.png
image_673,data/datasets/s1gfloods/A/image_673.png,data/datasets/s1gfloods/B/image_673.png,data/datasets/s1gfloods/Label/image_673.png
image_5356,data/datasets/s1gfloods/A/image_5356.png,data/datasets/s1gfloods/B/image_5356.png,data/datasets/s1gfloods/Label/image_5356.png
image_2227,data/datasets/s1gfloods/A/image_2227.png,data/datasets/s1gfloods/B/image_2227.png,data/datasets/s1gfloods/Label/image_2227.png
image_2750,data/datasets/s1gfloods/A/image_2750.png,data/datasets/s1gfloods/B/image_2750.png,data/datasets/s1gfloods/Label/image_2750.png
image_5113,data/datasets/s1gfloods/A/image_5113.png,data/datasets/s1gfloods/B/image_5113.png,data/datasets/s1gfloods/Label/image_5113.png
image_2800,data/datasets/s1gfloods/A/image_2800.png,data/datasets/s1gfloods/B/image_2800.png,data/datasets/s1gfloods/Label/image_2800.png
image_260,data/datasets/s1gfloods/A/image_260.png,data/datasets/s1gfloods/B/image_260.png,data/datasets/s1gfloods/Label/image_260.png
image_2807,data/datasets/s1gfloods/A/image_2807.png,data/datasets/s1gfloods/B/image_2807.png,data/datasets/s1gfloods/Label/image_2807.png
image_1043,data/datasets/s1gfloods/A/image_1043.png,data/datasets/s1gfloods/B/image_1043.png,data/datasets/s1gfloods/Label/image_1043.png
image_1061,data/datasets/s1gfloods/A/image_1061.png,data/datasets/s1gfloods/B/image_1061.png,data/datasets/s1gfloods/Label/image_1061.png
image_1333,data/datasets/s1gfloods/A/image_1333.png,data/datasets/s1gfloods/B/image_1333.png,data/datasets/s1gfloods/Label/image_1333.png
image_3715,data/datasets/s1gfloods/A/image_3715.png,data/datasets/s1gfloods/B/image_3715.png,data/datasets/s1gfloods/Label/image_3715.png
image_2897,data/datasets/s1gfloods/A/image_2897.png,data/datasets/s1gfloods/B/image_2897.png,data/datasets/s1gfloods/Label/image_2897.png
image_508,data/datasets/s1gfloods/A/image_508.png,data/datasets/s1gfloods/B/image_508.png,data/datasets/s1gfloods/Label/image_508.png
image_4991,data/datasets/s1gfloods/A/image_4991.png,data/datasets/s1gfloods/B/image_4991.png,data/datasets/s1gfloods/Label/image_4991.png
image_4092,data/datasets/s1gfloods/A/image_4092.png,data/datasets/s1gfloods/B/image_4092.png,data/datasets/s1gfloods/Label/image_4092.png
image_3938,data/datasets/s1gfloods/A/image_3938.png,data/datasets/s1gfloods/B/image_3938.png,data/datasets/s1gfloods/Label/image_3938.png
image_1361,data/datasets/s1gfloods/A/image_1361.png,data/datasets/s1gfloods/B/image_1361.png,data/datasets/s1gfloods/Label/image_1361.png
image_186,data/datasets/s1gfloods/A/image_186.png,data/datasets/s1gfloods/B/image_186.png,data/datasets/s1gfloods/Label/image_186.png
image_2339,data/datasets/s1gfloods/A/image_2339.png,data/datasets/s1gfloods/B/image_2339.png,data/datasets/s1gfloods/Label/image_2339.png
image_675,data/datasets/s1gfloods/A/image_675.png,data/datasets/s1gfloods/B/image_675.png,data/datasets/s1gfloods/Label/image_675.png
image_917,data/datasets/s1gfloods/A/image_917.png,data/datasets/s1gfloods/B/image_917.png,data/datasets/s1gfloods/Label/image_917.png
image_3191,data/datasets/s1gfloods/A/image_3191.png,data/datasets/s1gfloods/B/image_3191.png,data/datasets/s1gfloods/Label/image_3191.png
image_441,data/datasets/s1gfloods/A/image_441.png,data/datasets/s1gfloods/B/image_441.png,data/datasets/s1gfloods/Label/image_441.png
image_2031,data/datasets/s1gfloods/A/image_2031.png,data/datasets/s1gfloods/B/image_2031.png,data/datasets/s1gfloods/Label/image_2031.png
image_1735,data/datasets/s1gfloods/A/image_1735.png,data/datasets/s1gfloods/B/image_1735.png,data/datasets/s1gfloods/Label/image_1735.png
image_1164,data/datasets/s1gfloods/A/image_1164.png,data/datasets/s1gfloods/B/image_1164.png,data/datasets/s1gfloods/Label/image_1164.png
image_928,data/datasets/s1gfloods/A/image_928.png,data/datasets/s1gfloods/B/image_928.png,data/datasets/s1gfloods/Label/image_928.png
image_4752,data/datasets/s1gfloods/A/image_4752.png,data/datasets/s1gfloods/B/image_4752.png,data/datasets/s1gfloods/Label/image_4752.png
image_4319,data/datasets/s1gfloods/A/image_4319.png,data/datasets/s1gfloods/B/image_4319.png,data/datasets/s1gfloods/Label/image_4319.png
image_712,data/datasets/s1gfloods/A/image_712.png,data/datasets/s1gfloods/B/image_712.png,data/datasets/s1gfloods/Label/image_712.png
image_5014,data/datasets/s1gfloods/A/image_5014.png,data/datasets/s1gfloods/B/image_5014.png,data/datasets/s1gfloods/Label/image_5014.png
image_3348,data/datasets/s1gfloods/A/image_3348.png,data/datasets/s1gfloods/B/image_3348.png,data/datasets/s1gfloods/Label/image_3348.png
image_1059,data/datasets/s1gfloods/A/image_1059.png,data/datasets/s1gfloods/B/image_1059.png,data/datasets/s1gfloods/Label/image_1059.png
image_1393,data/datasets/s1gfloods/A/image_1393.png,data/datasets/s1gfloods/B/image_1393.png,data/datasets/s1gfloods/Label/image_1393.png
image_62,data/datasets/s1gfloods/A/image_62.png,data/datasets/s1gfloods/B/image_62.png,data/datasets/s1gfloods/Label/image_62.png
image_4053,data/datasets/s1gfloods/A/image_4053.png,data/datasets/s1gfloods/B/image_4053.png,data/datasets/s1gfloods/Label/image_4053.png
image_2538,data/datasets/s1gfloods/A/image_2538.png,data/datasets/s1gfloods/B/image_2538.png,data/datasets/s1gfloods/Label/image_2538.png
image_3917,data/datasets/s1gfloods/A/image_3917.png,data/datasets/s1gfloods/B/image_3917.png,data/datasets/s1gfloods/Label/image_3917.png
image_2521,data/datasets/s1gfloods/A/image_2521.png,data/datasets/s1gfloods/B/image_2521.png,data/datasets/s1gfloods/Label/image_2521.png
image_1383,data/datasets/s1gfloods/A/image_1383.png,data/datasets/s1gfloods/B/image_1383.png,data/datasets/s1gfloods/Label/image_1383.png
image_4290,data/datasets/s1gfloods/A/image_4290.png,data/datasets/s1gfloods/B/image_4290.png,data/datasets/s1gfloods/Label/image_4290.png
image_4049,data/datasets/s1gfloods/A/image_4049.png,data/datasets/s1gfloods/B/image_4049.png,data/datasets/s1gfloods/Label/image_4049.png
image_5352,data/datasets/s1gfloods/A/image_5352.png,data/datasets/s1gfloods/B/image_5352.png,data/datasets/s1gfloods/Label/image_5352.png
image_4707,data/datasets/s1gfloods/A/image_4707.png,data/datasets/s1gfloods/B/image_4707.png,data/datasets/s1gfloods/Label/image_4707.png
image_2799,data/datasets/s1gfloods/A/image_2799.png,data/datasets/s1gfloods/B/image_2799.png,data/datasets/s1gfloods/Label/image_2799.png
image_1784,data/datasets/s1gfloods/A/image_1784.png,data/datasets/s1gfloods/B/image_1784.png,data/datasets/s1gfloods/Label/image_1784.png
image_1895,data/datasets/s1gfloods/A/image_1895.png,data/datasets/s1gfloods/B/image_1895.png,data/datasets/s1gfloods/Label/image_1895.png
image_1272,data/datasets/s1gfloods/A/image_1272.png,data/datasets/s1gfloods/B/image_1272.png,data/datasets/s1gfloods/Label/image_1272.png
image_210,data/datasets/s1gfloods/A/image_210.png,data/datasets/s1gfloods/B/image_210.png,data/datasets/s1gfloods/Label/image_210.png
image_3004,data/datasets/s1gfloods/A/image_3004.png,data/datasets/s1gfloods/B/image_3004.png,data/datasets/s1gfloods/Label/image_3004.png
image_364,data/datasets/s1gfloods/A/image_364.png,data/datasets/s1gfloods/B/image_364.png,data/datasets/s1gfloods/Label/image_364.png
image_2011,data/datasets/s1gfloods/A/image_2011.png,data/datasets/s1gfloods/B/image_2011.png,data/datasets/s1gfloods/Label/image_2011.png
image_496,data/datasets/s1gfloods/A/image_496.png,data/datasets/s1gfloods/B/image_496.png,data/datasets/s1gfloods/Label/image_496.png
image_330,data/datasets/s1gfloods/A/image_330.png,data/datasets/s1gfloods/B/image_330.png,data/datasets/s1gfloods/Label/image_330.png
image_2208,data/datasets/s1gfloods/A/image_2208.png,data/datasets/s1gfloods/B/image_2208.png,data/datasets/s1gfloods/Label/image_2208.png
image_32,data/datasets/s1gfloods/A/image_32.png,data/datasets/s1gfloods/B/image_32.png,data/datasets/s1gfloods/Label/image_32.png
image_3300,data/datasets/s1gfloods/A/image_3300.png,data/datasets/s1gfloods/B/image_3300.png,data/datasets/s1gfloods/Label/image_3300.png
image_878,data/datasets/s1gfloods/A/image_878.png,data/datasets/s1gfloods/B/image_878.png,data/datasets/s1gfloods/Label/image_878.png
image_2515,data/datasets/s1gfloods/A/image_2515.png,data/datasets/s1gfloods/B/image_2515.png,data/datasets/s1gfloods/Label/image_2515.png
image_891,data/datasets/s1gfloods/A/image_891.png,data/datasets/s1gfloods/B/image_891.png,data/datasets/s1gfloods/Label/image_891.png
image_1623,data/datasets/s1gfloods/A/image_1623.png,data/datasets/s1gfloods/B/image_1623.png,data/datasets/s1gfloods/Label/image_1623.png
image_4145,data/datasets/s1gfloods/A/image_4145.png,data/datasets/s1gfloods/B/image_4145.png,data/datasets/s1gfloods/Label/image_4145.png
image_4590,data/datasets/s1gfloods/A/image_4590.png,data/datasets/s1gfloods/B/image_4590.png,data/datasets/s1gfloods/Label/image_4590.png
image_4603,data/datasets/s1gfloods/A/image_4603.png,data/datasets/s1gfloods/B/image_4603.png,data/datasets/s1gfloods/Label/image_4603.png
image_26,data/datasets/s1gfloods/A/image_26.png,data/datasets/s1gfloods/B/image_26.png,data/datasets/s1gfloods/Label/image_26.png
image_3101,data/datasets/s1gfloods/A/image_3101.png,data/datasets/s1gfloods/B/image_3101.png,data/datasets/s1gfloods/Label/image_3101.png
image_2300,data/datasets/s1gfloods/A/image_2300.png,data/datasets/s1gfloods/B/image_2300.png,data/datasets/s1gfloods/Label/image_2300.png
image_3153,data/datasets/s1gfloods/A/image_3153.png,data/datasets/s1gfloods/B/image_3153.png,data/datasets/s1gfloods/Label/image_3153.png
image_5142,data/datasets/s1gfloods/A/image_5142.png,data/datasets/s1gfloods/B/image_5142.png,data/datasets/s1gfloods/Label/image_5142.png
image_2996,data/datasets/s1gfloods/A/image_2996.png,data/datasets/s1gfloods/B/image_2996.png,data/datasets/s1gfloods/Label/image_2996.png
image_3383,data/datasets/s1gfloods/A/image_3383.png,data/datasets/s1gfloods/B/image_3383.png,data/datasets/s1gfloods/Label/image_3383.png
image_1482,data/datasets/s1gfloods/A/image_1482.png,data/datasets/s1gfloods/B/image_1482.png,data/datasets/s1gfloods/Label/image_1482.png
image_4702,data/datasets/s1gfloods/A/image_4702.png,data/datasets/s1gfloods/B/image_4702.png,data/datasets/s1gfloods/Label/image_4702.png
image_1610,data/datasets/s1gfloods/A/image_1610.png,data/datasets/s1gfloods/B/image_1610.png,data/datasets/s1gfloods/Label/image_1610.png
image_1924,data/datasets/s1gfloods/A/image_1924.png,data/datasets/s1gfloods/B/image_1924.png,data/datasets/s1gfloods/Label/image_1924.png
image_3468,data/datasets/s1gfloods/A/image_3468.png,data/datasets/s1gfloods/B/image_3468.png,data/datasets/s1gfloods/Label/image_3468.png
image_1442,data/datasets/s1gfloods/A/image_1442.png,data/datasets/s1gfloods/B/image_1442.png,data/datasets/s1gfloods/Label/image_1442.png
image_1048,data/datasets/s1gfloods/A/image_1048.png,data/datasets/s1gfloods/B/image_1048.png,data/datasets/s1gfloods/Label/image_1048.png
image_2308,data/datasets/s1gfloods/A/image_2308.png,data/datasets/s1gfloods/B/image_2308.png,data/datasets/s1gfloods/Label/image_2308.png
image_2327,data/datasets/s1gfloods/A/image_2327.png,data/datasets/s1gfloods/B/image_2327.png,data/datasets/s1gfloods/Label/image_2327.png
image_3316,data/datasets/s1gfloods/A/image_3316.png,data/datasets/s1gfloods/B/image_3316.png,data/datasets/s1gfloods/Label/image_3316.png
image_2080,data/datasets/s1gfloods/A/image_2080.png,data/datasets/s1gfloods/B/image_2080.png,data/datasets/s1gfloods/Label/image_2080.png
image_4041,data/datasets/s1gfloods/A/image_4041.png,data/datasets/s1gfloods/B/image_4041.png,data/datasets/s1gfloods/Label/image_4041.png
image_1190,data/datasets/s1gfloods/A/image_1190.png,data/datasets/s1gfloods/B/image_1190.png,data/datasets/s1gfloods/Label/image_1190.png
image_2514,data/datasets/s1gfloods/A/image_2514.png,data/datasets/s1gfloods/B/image_2514.png,data/datasets/s1gfloods/Label/image_2514.png
image_4589,data/datasets/s1gfloods/A/image_4589.png,data/datasets/s1gfloods/B/image_4589.png,data/datasets/s1gfloods/Label/image_4589.png
image_1303,data/datasets/s1gfloods/A/image_1303.png,data/datasets/s1gfloods/B/image_1303.png,data/datasets/s1gfloods/Label/image_1303.png
image_5271,data/datasets/s1gfloods/A/image_5271.png,data/datasets/s1gfloods/B/image_5271.png,data/datasets/s1gfloods/Label/image_5271.png
image_962,data/datasets/s1gfloods/A/image_962.png,data/datasets/s1gfloods/B/image_962.png,data/datasets/s1gfloods/Label/image_962.png
image_4699,data/datasets/s1gfloods/A/image_4699.png,data/datasets/s1gfloods/B/image_4699.png,data/datasets/s1gfloods/Label/image_4699.png
image_4888,data/datasets/s1gfloods/A/image_4888.png,data/datasets/s1gfloods/B/image_4888.png,data/datasets/s1gfloods/Label/image_4888.png
image_649,data/datasets/s1gfloods/A/image_649.png,data/datasets/s1gfloods/B/image_649.png,data/datasets/s1gfloods/Label/image_649.png
image_2078,data/datasets/s1gfloods/A/image_2078.png,data/datasets/s1gfloods/B/image_2078.png,data/datasets/s1gfloods/Label/image_2078.png
image_167,data/datasets/s1gfloods/A/image_167.png,data/datasets/s1gfloods/B/image_167.png,data/datasets/s1gfloods/Label/image_167.png
image_2692,data/datasets/s1gfloods/A/image_2692.png,data/datasets/s1gfloods/B/image_2692.png,data/datasets/s1gfloods/Label/image_2692.png
image_956,data/datasets/s1gfloods/A/image_956.png,data/datasets/s1gfloods/B/image_956.png,data/datasets/s1gfloods/Label/image_956.png
image_2835,data/datasets/s1gfloods/A/image_2835.png,data/datasets/s1gfloods/B/image_2835.png,data/datasets/s1gfloods/Label/image_2835.png
image_726,data/datasets/s1gfloods/A/image_726.png,data/datasets/s1gfloods/B/image_726.png,data/datasets/s1gfloods/Label/image_726.png
image_1112,data/datasets/s1gfloods/A/image_1112.png,data/datasets/s1gfloods/B/image_1112.png,data/datasets/s1gfloods/Label/image_1112.png
image_3181,data/datasets/s1gfloods/A/image_3181.png,data/datasets/s1gfloods/B/image_3181.png,data/datasets/s1gfloods/Label/image_3181.png
image_5139,data/datasets/s1gfloods/A/image_5139.png,data/datasets/s1gfloods/B/image_5139.png,data/datasets/s1gfloods/Label/image_5139.png
image_979,data/datasets/s1gfloods/A/image_979.png,data/datasets/s1gfloods/B/image_979.png,data/datasets/s1gfloods/Label/image_979.png
image_1510,data/datasets/s1gfloods/A/image_1510.png,data/datasets/s1gfloods/B/image_1510.png,data/datasets/s1gfloods/Label/image_1510.png
image_283,data/datasets/s1gfloods/A/image_283.png,data/datasets/s1gfloods/B/image_283.png,data/datasets/s1gfloods/Label/image_283.png
image_4859,data/datasets/s1gfloods/A/image_4859.png,data/datasets/s1gfloods/B/image_4859.png,data/datasets/s1gfloods/Label/image_4859.png
image_3645,data/datasets/s1gfloods/A/image_3645.png,data/datasets/s1gfloods/B/image_3645.png,data/datasets/s1gfloods/Label/image_3645.png
image_2812,data/datasets/s1gfloods/A/image_2812.png,data/datasets/s1gfloods/B/image_2812.png,data/datasets/s1gfloods/Label/image_2812.png
image_3590,data/datasets/s1gfloods/A/image_3590.png,data/datasets/s1gfloods/B/image_3590.png,data/datasets/s1gfloods/Label/image_3590.png
image_5242,data/datasets/s1gfloods/A/image_5242.png,data/datasets/s1gfloods/B/image_5242.png,data/datasets/s1gfloods/Label/image_5242.png
image_4979,data/datasets/s1gfloods/A/image_4979.png,data/datasets/s1gfloods/B/image_4979.png,data/datasets/s1gfloods/Label/image_4979.png
image_2424,data/datasets/s1gfloods/A/image_2424.png,data/datasets/s1gfloods/B/image_2424.png,data/datasets/s1gfloods/Label/image_2424.png
image_1997,data/datasets/s1gfloods/A/image_1997.png,data/datasets/s1gfloods/B/image_1997.png,data/datasets/s1gfloods/Label/image_1997.png
image_226,data/datasets/s1gfloods/A/image_226.png,data/datasets/s1gfloods/B/image_226.png,data/datasets/s1gfloods/Label/image_226.png
image_5181,data/datasets/s1gfloods/A/image_5181.png,data/datasets/s1gfloods/B/image_5181.png,data/datasets/s1gfloods/Label/image_5181.png
image_4776,data/datasets/s1gfloods/A/image_4776.png,data/datasets/s1gfloods/B/image_4776.png,data/datasets/s1gfloods/Label/image_4776.png
image_420,data/datasets/s1gfloods/A/image_420.png,data/datasets/s1gfloods/B/image_420.png,data/datasets/s1gfloods/Label/image_420.png
image_2355,data/datasets/s1gfloods/A/image_2355.png,data/datasets/s1gfloods/B/image_2355.png,data/datasets/s1gfloods/Label/image_2355.png
image_1899,data/datasets/s1gfloods/A/image_1899.png,data/datasets/s1gfloods/B/image_1899.png,data/datasets/s1gfloods/Label/image_1899.png
image_1975,data/datasets/s1gfloods/A/image_1975.png,data/datasets/s1gfloods/B/image_1975.png,data/datasets/s1gfloods/Label/image_1975.png
image_2726,data/datasets/s1gfloods/A/image_2726.png,data/datasets/s1gfloods/B/image_2726.png,data/datasets/s1gfloods/Label/image_2726.png
image_518,data/datasets/s1gfloods/A/image_518.png,data/datasets/s1gfloods/B/image_518.png,data/datasets/s1gfloods/Label/image_518.png
image_4724,data/datasets/s1gfloods/A/image_4724.png,data/datasets/s1gfloods/B/image_4724.png,data/datasets/s1gfloods/Label/image_4724.png
image_3369,data/datasets/s1gfloods/A/image_3369.png,data/datasets/s1gfloods/B/image_3369.png,data/datasets/s1gfloods/Label/image_3369.png
image_2081,data/datasets/s1gfloods/A/image_2081.png,data/datasets/s1gfloods/B/image_2081.png,data/datasets/s1gfloods/Label/image_2081.png
image_686,data/datasets/s1gfloods/A/image_686.png,data/datasets/s1gfloods/B/image_686.png,data/datasets/s1gfloods/Label/image_686.png
image_2379,data/datasets/s1gfloods/A/image_2379.png,data/datasets/s1gfloods/B/image_2379.png,data/datasets/s1gfloods/Label/image_2379.png
image_1171,data/datasets/s1gfloods/A/image_1171.png,data/datasets/s1gfloods/B/image_1171.png,data/datasets/s1gfloods/Label/image_1171.png
image_4544,data/datasets/s1gfloods/A/image_4544.png,data/datasets/s1gfloods/B/image_4544.png,data/datasets/s1gfloods/Label/image_4544.png
image_730,data/datasets/s1gfloods/A/image_730.png,data/datasets/s1gfloods/B/image_730.png,data/datasets/s1gfloods/Label/image_730.png
image_3785,data/datasets/s1gfloods/A/image_3785.png,data/datasets/s1gfloods/B/image_3785.png,data/datasets/s1gfloods/Label/image_3785.png
image_5345,data/datasets/s1gfloods/A/image_5345.png,data/datasets/s1gfloods/B/image_5345.png,data/datasets/s1gfloods/Label/image_5345.png
image_369,data/datasets/s1gfloods/A/image_369.png,data/datasets/s1gfloods/B/image_369.png,data/datasets/s1gfloods/Label/image_369.png
image_1052,data/datasets/s1gfloods/A/image_1052.png,data/datasets/s1gfloods/B/image_1052.png,data/datasets/s1gfloods/Label/image_1052.png
image_1850,data/datasets/s1gfloods/A/image_1850.png,data/datasets/s1gfloods/B/image_1850.png,data/datasets/s1gfloods/Label/image_1850.png
image_353,data/datasets/s1gfloods/A/image_353.png,data/datasets/s1gfloods/B/image_353.png,data/datasets/s1gfloods/Label/image_353.png
image_3982,data/datasets/s1gfloods/A/image_3982.png,data/datasets/s1gfloods/B/image_3982.png,data/datasets/s1gfloods/Label/image_3982.png
image_3011,data/datasets/s1gfloods/A/image_3011.png,data/datasets/s1gfloods/B/image_3011.png,data/datasets/s1gfloods/Label/image_3011.png
image_4968,data/datasets/s1gfloods/A/image_4968.png,data/datasets/s1gfloods/B/image_4968.png,data/datasets/s1gfloods/Label/image_4968.png
image_1045,data/datasets/s1gfloods/A/image_1045.png,data/datasets/s1gfloods/B/image_1045.png,data/datasets/s1gfloods/Label/image_1045.png
image_3015,data/datasets/s1gfloods/A/image_3015.png,data/datasets/s1gfloods/B/image_3015.png,data/datasets/s1gfloods/Label/image_3015.png
image_1719,data/datasets/s1gfloods/A/image_1719.png,data/datasets/s1gfloods/B/image_1719.png,data/datasets/s1gfloods/Label/image_1719.png
image_485,data/datasets/s1gfloods/A/image_485.png,data/datasets/s1gfloods/B/image_485.png,data/datasets/s1gfloods/Label/image_485.png
image_2870,data/datasets/s1gfloods/A/image_2870.png,data/datasets/s1gfloods/B/image_2870.png,data/datasets/s1gfloods/Label/image_2870.png
image_2700,data/datasets/s1gfloods/A/image_2700.png,data/datasets/s1gfloods/B/image_2700.png,data/datasets/s1gfloods/Label/image_2700.png
image_1424,data/datasets/s1gfloods/A/image_1424.png,data/datasets/s1gfloods/B/image_1424.png,data/datasets/s1gfloods/Label/image_1424.png
image_3140,data/datasets/s1gfloods/A/image_3140.png,data/datasets/s1gfloods/B/image_3140.png,data/datasets/s1gfloods/Label/image_3140.png
image_5190,data/datasets/s1gfloods/A/image_5190.png,data/datasets/s1gfloods/B/image_5190.png,data/datasets/s1gfloods/Label/image_5190.png
image_4961,data/datasets/s1gfloods/A/image_4961.png,data/datasets/s1gfloods/B/image_4961.png,data/datasets/s1gfloods/Label/image_4961.png
image_4798,data/datasets/s1gfloods/A/image_4798.png,data/datasets/s1gfloods/B/image_4798.png,data/datasets/s1gfloods/Label/image_4798.png
image_1507,data/datasets/s1gfloods/A/image_1507.png,data/datasets/s1gfloods/B/image_1507.png,data/datasets/s1gfloods/Label/image_1507.png
image_1670,data/datasets/s1gfloods/A/image_1670.png,data/datasets/s1gfloods/B/image_1670.png,data/datasets/s1gfloods/Label/image_1670.png
image_3857,data/datasets/s1gfloods/A/image_3857.png,data/datasets/s1gfloods/B/image_3857.png,data/datasets/s1gfloods/Label/image_3857.png
image_2502,data/datasets/s1gfloods/A/image_2502.png,data/datasets/s1gfloods/B/image_2502.png,data/datasets/s1gfloods/Label/image_2502.png
image_3449,data/datasets/s1gfloods/A/image_3449.png,data/datasets/s1gfloods/B/image_3449.png,data/datasets/s1gfloods/Label/image_3449.png
image_1099,data/datasets/s1gfloods/A/image_1099.png,data/datasets/s1gfloods/B/image_1099.png,data/datasets/s1gfloods/Label/image_1099.png
image_1697,data/datasets/s1gfloods/A/image_1697.png,data/datasets/s1gfloods/B/image_1697.png,data/datasets/s1gfloods/Label/image_1697.png
image_5141,data/datasets/s1gfloods/A/image_5141.png,data/datasets/s1gfloods/B/image_5141.png,data/datasets/s1gfloods/Label/image_5141.png
image_3650,data/datasets/s1gfloods/A/image_3650.png,data/datasets/s1gfloods/B/image_3650.png,data/datasets/s1gfloods/Label/image_3650.png
image_3701,data/datasets/s1gfloods/A/image_3701.png,data/datasets/s1gfloods/B/image_3701.png,data/datasets/s1gfloods/Label/image_3701.png
image_4477,data/datasets/s1gfloods/A/image_4477.png,data/datasets/s1gfloods/B/image_4477.png,data/datasets/s1gfloods/Label/image_4477.png
image_3419,data/datasets/s1gfloods/A/image_3419.png,data/datasets/s1gfloods/B/image_3419.png,data/datasets/s1gfloods/Label/image_3419.png
image_2925,data/datasets/s1gfloods/A/image_2925.png,data/datasets/s1gfloods/B/image_2925.png,data/datasets/s1gfloods/Label/image_2925.png
image_874,data/datasets/s1gfloods/A/image_874.png,data/datasets/s1gfloods/B/image_874.png,data/datasets/s1gfloods/Label/image_874.png
image_4634,data/datasets/s1gfloods/A/image_4634.png,data/datasets/s1gfloods/B/image_4634.png,data/datasets/s1gfloods/Label/image_4634.png
image_3767,data/datasets/s1gfloods/A/image_3767.png,data/datasets/s1gfloods/B/image_3767.png,data/datasets/s1gfloods/Label/image_3767.png
image_3365,data/datasets/s1gfloods/A/image_3365.png,data/datasets/s1gfloods/B/image_3365.png,data/datasets/s1gfloods/Label/image_3365.png
image_4958,data/datasets/s1gfloods/A/image_4958.png,data/datasets/s1gfloods/B/image_4958.png,data/datasets/s1gfloods/Label/image_4958.png
image_1014,data/datasets/s1gfloods/A/image_1014.png,data/datasets/s1gfloods/B/image_1014.png,data/datasets/s1gfloods/Label/image_1014.png
image_627,data/datasets/s1gfloods/A/image_627.png,data/datasets/s1gfloods/B/image_627.png,data/datasets/s1gfloods/Label/image_627.png
image_312,data/datasets/s1gfloods/A/image_312.png,data/datasets/s1gfloods/B/image_312.png,data/datasets/s1gfloods/Label/image_312.png
image_5187,data/datasets/s1gfloods/A/image_5187.png,data/datasets/s1gfloods/B/image_5187.png,data/datasets/s1gfloods/Label/image_5187.png
image_4332,data/datasets/s1gfloods/A/image_4332.png,data/datasets/s1gfloods/B/image_4332.png,data/datasets/s1gfloods/Label/image_4332.png
image_3522,data/datasets/s1gfloods/A/image_3522.png,data/datasets/s1gfloods/B/image_3522.png,data/datasets/s1gfloods/Label/image_3522.png
image_1799,data/datasets/s1gfloods/A/image_1799.png,data/datasets/s1gfloods/B/image_1799.png,data/datasets/s1gfloods/Label/image_1799.png
image_3694,data/datasets/s1gfloods/A/image_3694.png,data/datasets/s1gfloods/B/image_3694.png,data/datasets/s1gfloods/Label/image_3694.png
image_4156,data/datasets/s1gfloods/A/image_4156.png,data/datasets/s1gfloods/B/image_4156.png,data/datasets/s1gfloods/Label/image_4156.png
image_5214,data/datasets/s1gfloods/A/image_5214.png,data/datasets/s1gfloods/B/image_5214.png,data/datasets/s1gfloods/Label/image_5214.png
image_177,data/datasets/s1gfloods/A/image_177.png,data/datasets/s1gfloods/B/image_177.png,data/datasets/s1gfloods/Label/image_177.png
image_4613,data/datasets/s1gfloods/A/image_4613.png,data/datasets/s1gfloods/B/image_4613.png,data/datasets/s1gfloods/Label/image_4613.png
image_5233,data/datasets/s1gfloods/A/image_5233.png,data/datasets/s1gfloods/B/image_5233.png,data/datasets/s1gfloods/Label/image_5233.png
image_419,data/datasets/s1gfloods/A/image_419.png,data/datasets/s1gfloods/B/image_419.png,data/datasets/s1gfloods/Label/image_419.png
image_3902,data/datasets/s1gfloods/A/image_3902.png,data/datasets/s1gfloods/B/image_3902.png,data/datasets/s1gfloods/Label/image_3902.png
image_4220,data/datasets/s1gfloods/A/image_4220.png,data/datasets/s1gfloods/B/image_4220.png,data/datasets/s1gfloods/Label/image_4220.png
image_3854,data/datasets/s1gfloods/A/image_3854.png,data/datasets/s1gfloods/B/image_3854.png,data/datasets/s1gfloods/Label/image_3854.png
image_3392,data/datasets/s1gfloods/A/image_3392.png,data/datasets/s1gfloods/B/image_3392.png,data/datasets/s1gfloods/Label/image_3392.png
image_4808,data/datasets/s1gfloods/A/image_4808.png,data/datasets/s1gfloods/B/image_4808.png,data/datasets/s1gfloods/Label/image_4808.png
image_282,data/datasets/s1gfloods/A/image_282.png,data/datasets/s1gfloods/B/image_282.png,data/datasets/s1gfloods/Label/image_282.png
image_4720,data/datasets/s1gfloods/A/image_4720.png,data/datasets/s1gfloods/B/image_4720.png,data/datasets/s1gfloods/Label/image_4720.png
image_4765,data/datasets/s1gfloods/A/image_4765.png,data/datasets/s1gfloods/B/image_4765.png,data/datasets/s1gfloods/Label/image_4765.png
image_4692,data/datasets/s1gfloods/A/image_4692.png,data/datasets/s1gfloods/B/image_4692.png,data/datasets/s1gfloods/Label/image_4692.png
image_927,data/datasets/s1gfloods/A/image_927.png,data/datasets/s1gfloods/B/image_927.png,data/datasets/s1gfloods/Label/image_927.png
image_1416,data/datasets/s1gfloods/A/image_1416.png,data/datasets/s1gfloods/B/image_1416.png,data/datasets/s1gfloods/Label/image_1416.png
image_1672,data/datasets/s1gfloods/A/image_1672.png,data/datasets/s1gfloods/B/image_1672.png,data/datasets/s1gfloods/Label/image_1672.png
image_4824,data/datasets/s1gfloods/A/image_4824.png,data/datasets/s1gfloods/B/image_4824.png,data/datasets/s1gfloods/Label/image_4824.png
image_1613,data/datasets/s1gfloods/A/image_1613.png,data/datasets/s1gfloods/B/image_1613.png,data/datasets/s1gfloods/Label/image_1613.png
image_25,data/datasets/s1gfloods/A/image_25.png,data/datasets/s1gfloods/B/image_25.png,data/datasets/s1gfloods/Label/image_25.png
image_1508,data/datasets/s1gfloods/A/image_1508.png,data/datasets/s1gfloods/B/image_1508.png,data/datasets/s1gfloods/Label/image_1508.png
image_262,data/datasets/s1gfloods/A/image_262.png,data/datasets/s1gfloods/B/image_262.png,data/datasets/s1gfloods/Label/image_262.png
image_2946,data/datasets/s1gfloods/A/image_2946.png,data/datasets/s1gfloods/B/image_2946.png,data/datasets/s1gfloods/Label/image_2946.png
image_3551,data/datasets/s1gfloods/A/image_3551.png,data/datasets/s1gfloods/B/image_3551.png,data/datasets/s1gfloods/Label/image_3551.png
image_2248,data/datasets/s1gfloods/A/image_2248.png,data/datasets/s1gfloods/B/image_2248.png,data/datasets/s1gfloods/Label/image_2248.png
image_2640,data/datasets/s1gfloods/A/image_2640.png,data/datasets/s1gfloods/B/image_2640.png,data/datasets/s1gfloods/Label/image_2640.png
image_2734,data/datasets/s1gfloods/A/image_2734.png,data/datasets/s1gfloods/B/image_2734.png,data/datasets/s1gfloods/Label/image_2734.png
image_1058,data/datasets/s1gfloods/A/image_1058.png,data/datasets/s1gfloods/B/image_1058.png,data/datasets/s1gfloods/Label/image_1058.png
image_593,data/datasets/s1gfloods/A/image_593.png,data/datasets/s1gfloods/B/image_593.png,data/datasets/s1gfloods/Label/image_593.png
image_4067,data/datasets/s1gfloods/A/image_4067.png,data/datasets/s1gfloods/B/image_4067.png,data/datasets/s1gfloods/Label/image_4067.png
image_1943,data/datasets/s1gfloods/A/image_1943.png,data/datasets/s1gfloods/B/image_1943.png,data/datasets/s1gfloods/Label/image_1943.png
image_4373,data/datasets/s1gfloods/A/image_4373.png,data/datasets/s1gfloods/B/image_4373.png,data/datasets/s1gfloods/Label/image_4373.png
image_503,data/datasets/s1gfloods/A/image_503.png,data/datasets/s1gfloods/B/image_503.png,data/datasets/s1gfloods/Label/image_503.png
image_2177,data/datasets/s1gfloods/A/image_2177.png,data/datasets/s1gfloods/B/image_2177.png,data/datasets/s1gfloods/Label/image_2177.png
image_4306,data/datasets/s1gfloods/A/image_4306.png,data/datasets/s1gfloods/B/image_4306.png,data/datasets/s1gfloods/Label/image_4306.png
image_865,data/datasets/s1gfloods/A/image_865.png,data/datasets/s1gfloods/B/image_865.png,data/datasets/s1gfloods/Label/image_865.png
image_5322,data/datasets/s1gfloods/A/image_5322.png,data/datasets/s1gfloods/B/image_5322.png,data/datasets/s1gfloods/Label/image_5322.png
image_810,data/datasets/s1gfloods/A/image_810.png,data/datasets/s1gfloods/B/image_810.png,data/datasets/s1gfloods/Label/image_810.png
image_3518,data/datasets/s1gfloods/A/image_3518.png,data/datasets/s1gfloods/B/image_3518.png,data/datasets/s1gfloods/Label/image_3518.png
image_4924,data/datasets/s1gfloods/A/image_4924.png,data/datasets/s1gfloods/B/image_4924.png,data/datasets/s1gfloods/Label/image_4924.png
image_4895,data/datasets/s1gfloods/A/image_4895.png,data/datasets/s1gfloods/B/image_4895.png,data/datasets/s1gfloods/Label/image_4895.png
image_4513,data/datasets/s1gfloods/A/image_4513.png,data/datasets/s1gfloods/B/image_4513.png,data/datasets/s1gfloods/Label/image_4513.png
image_1505,data/datasets/s1gfloods/A/image_1505.png,data/datasets/s1gfloods/B/image_1505.png,data/datasets/s1gfloods/Label/image_1505.png
image_1677,data/datasets/s1gfloods/A/image_1677.png,data/datasets/s1gfloods/B/image_1677.png,data/datasets/s1gfloods/Label/image_1677.png
image_2956,data/datasets/s1gfloods/A/image_2956.png,data/datasets/s1gfloods/B/image_2956.png,data/datasets/s1gfloods/Label/image_2956.png
image_3162,data/datasets/s1gfloods/A/image_3162.png,data/datasets/s1gfloods/B/image_3162.png,data/datasets/s1gfloods/Label/image_3162.png
image_1188,data/datasets/s1gfloods/A/image_1188.png,data/datasets/s1gfloods/B/image_1188.png,data/datasets/s1gfloods/Label/image_1188.png
image_1490,data/datasets/s1gfloods/A/image_1490.png,data/datasets/s1gfloods/B/image_1490.png,data/datasets/s1gfloods/Label/image_1490.png
image_1384,data/datasets/s1gfloods/A/image_1384.png,data/datasets/s1gfloods/B/image_1384.png,data/datasets/s1gfloods/Label/image_1384.png
image_839,data/datasets/s1gfloods/A/image_839.png,data/datasets/s1gfloods/B/image_839.png,data/datasets/s1gfloods/Label/image_839.png
image_2617,data/datasets/s1gfloods/A/image_2617.png,data/datasets/s1gfloods/B/image_2617.png,data/datasets/s1gfloods/Label/image_2617.png
image_2669,data/datasets/s1gfloods/A/image_2669.png,data/datasets/s1gfloods/B/image_2669.png,data/datasets/s1gfloods/Label/image_2669.png
image_2961,data/datasets/s1gfloods/A/image_2961.png,data/datasets/s1gfloods/B/image_2961.png,data/datasets/s1gfloods/Label/image_2961.png
image_4482,data/datasets/s1gfloods/A/image_4482.png,data/datasets/s1gfloods/B/image_4482.png,data/datasets/s1gfloods/Label/image_4482.png
image_1757,data/datasets/s1gfloods/A/image_1757.png,data/datasets/s1gfloods/B/image_1757.png,data/datasets/s1gfloods/Label/image_1757.png
image_269,data/datasets/s1gfloods/A/image_269.png,data/datasets/s1gfloods/B/image_269.png,data/datasets/s1gfloods/Label/image_269.png
image_1706,data/datasets/s1gfloods/A/image_1706.png,data/datasets/s1gfloods/B/image_1706.png,data/datasets/s1gfloods/Label/image_1706.png
image_2977,data/datasets/s1gfloods/A/image_2977.png,data/datasets/s1gfloods/B/image_2977.png,data/datasets/s1gfloods/Label/image_2977.png
image_3455,data/datasets/s1gfloods/A/image_3455.png,data/datasets/s1gfloods/B/image_3455.png,data/datasets/s1gfloods/Label/image_3455.png
image_5281,data/datasets/s1gfloods/A/image_5281.png,data/datasets/s1gfloods/B/image_5281.png,data/datasets/s1gfloods/Label/image_5281.png
image_3903,data/datasets/s1gfloods/A/image_3903.png,data/datasets/s1gfloods/B/image_3903.png,data/datasets/s1gfloods/Label/image_3903.png
image_5052,data/datasets/s1gfloods/A/image_5052.png,data/datasets/s1gfloods/B/image_5052.png,data/datasets/s1gfloods/Label/image_5052.png
image_319,data/datasets/s1gfloods/A/image_319.png,data/datasets/s1gfloods/B/image_319.png,data/datasets/s1gfloods/Label/image_319.png
image_4380,data/datasets/s1gfloods/A/image_4380.png,data/datasets/s1gfloods/B/image_4380.png,data/datasets/s1gfloods/Label/image_4380.png
image_1869,data/datasets/s1gfloods/A/image_1869.png,data/datasets/s1gfloods/B/image_1869.png,data/datasets/s1gfloods/Label/image_1869.png
image_2404,data/datasets/s1gfloods/A/image_2404.png,data/datasets/s1gfloods/B/image_2404.png,data/datasets/s1gfloods/Label/image_2404.png
image_2808,data/datasets/s1gfloods/A/image_2808.png,data/datasets/s1gfloods/B/image_2808.png,data/datasets/s1gfloods/Label/image_2808.png
image_1434,data/datasets/s1gfloods/A/image_1434.png,data/datasets/s1gfloods/B/image_1434.png,data/datasets/s1gfloods/Label/image_1434.png
image_4285,data/datasets/s1gfloods/A/image_4285.png,data/datasets/s1gfloods/B/image_4285.png,data/datasets/s1gfloods/Label/image_4285.png
image_920,data/datasets/s1gfloods/A/image_920.png,data/datasets/s1gfloods/B/image_920.png,data/datasets/s1gfloods/Label/image_920.png
image_4196,data/datasets/s1gfloods/A/image_4196.png,data/datasets/s1gfloods/B/image_4196.png,data/datasets/s1gfloods/Label/image_4196.png
image_4202,data/datasets/s1gfloods/A/image_4202.png,data/datasets/s1gfloods/B/image_4202.png,data/datasets/s1gfloods/Label/image_4202.png
image_1327,data/datasets/s1gfloods/A/image_1327.png,data/datasets/s1gfloods/B/image_1327.png,data/datasets/s1gfloods/Label/image_1327.png
image_2254,data/datasets/s1gfloods/A/image_2254.png,data/datasets/s1gfloods/B/image_2254.png,data/datasets/s1gfloods/Label/image_2254.png
image_2892,data/datasets/s1gfloods/A/image_2892.png,data/datasets/s1gfloods/B/image_2892.png,data/datasets/s1gfloods/Label/image_2892.png
image_2789,data/datasets/s1gfloods/A/image_2789.png,data/datasets/s1gfloods/B/image_2789.png,data/datasets/s1gfloods/Label/image_2789.png
image_945,data/datasets/s1gfloods/A/image_945.png,data/datasets/s1gfloods/B/image_945.png,data/datasets/s1gfloods/Label/image_945.png
image_2174,data/datasets/s1gfloods/A/image_2174.png,data/datasets/s1gfloods/B/image_2174.png,data/datasets/s1gfloods/Label/image_2174.png
image_2889,data/datasets/s1gfloods/A/image_2889.png,data/datasets/s1gfloods/B/image_2889.png,data/datasets/s1gfloods/Label/image_2889.png
image_5191,data/datasets/s1gfloods/A/image_5191.png,data/datasets/s1gfloods/B/image_5191.png,data/datasets/s1gfloods/Label/image_5191.png
image_2421,data/datasets/s1gfloods/A/image_2421.png,data/datasets/s1gfloods/B/image_2421.png,data/datasets/s1gfloods/Label/image_2421.png
image_4556,data/datasets/s1gfloods/A/image_4556.png,data/datasets/s1gfloods/B/image_4556.png,data/datasets/s1gfloods/Label/image_4556.png
image_5259,data/datasets/s1gfloods/A/image_5259.png,data/datasets/s1gfloods/B/image_5259.png,data/datasets/s1gfloods/Label/image_5259.png
image_43,data/datasets/s1gfloods/A/image_43.png,data/datasets/s1gfloods/B/image_43.png,data/datasets/s1gfloods/Label/image_43.png
image_3434,data/datasets/s1gfloods/A/image_3434.png,data/datasets/s1gfloods/B/image_3434.png,data/datasets/s1gfloods/Label/image_3434.png
image_2938,data/datasets/s1gfloods/A/image_2938.png,data/datasets/s1gfloods/B/image_2938.png,data/datasets/s1gfloods/Label/image_2938.png
image_403,data/datasets/s1gfloods/A/image_403.png,data/datasets/s1gfloods/B/image_403.png,data/datasets/s1gfloods/Label/image_403.png
image_4201,data/datasets/s1gfloods/A/image_4201.png,data/datasets/s1gfloods/B/image_4201.png,data/datasets/s1gfloods/Label/image_4201.png
image_159,data/datasets/s1gfloods/A/image_159.png,data/datasets/s1gfloods/B/image_159.png,data/datasets/s1gfloods/Label/image_159.png
image_504,data/datasets/s1gfloods/A/image_504.png,data/datasets/s1gfloods/B/image_504.png,data/datasets/s1gfloods/Label/image_504.png
image_528,data/datasets/s1gfloods/A/image_528.png,data/datasets/s1gfloods/B/image_528.png,data/datasets/s1gfloods/Label/image_528.png
image_2075,data/datasets/s1gfloods/A/image_2075.png,data/datasets/s1gfloods/B/image_2075.png,data/datasets/s1gfloods/Label/image_2075.png
image_5317,data/datasets/s1gfloods/A/image_5317.png,data/datasets/s1gfloods/B/image_5317.png,data/datasets/s1gfloods/Label/image_5317.png
image_4223,data/datasets/s1gfloods/A/image_4223.png,data/datasets/s1gfloods/B/image_4223.png,data/datasets/s1gfloods/Label/image_4223.png
image_948,data/datasets/s1gfloods/A/image_948.png,data/datasets/s1gfloods/B/image_948.png,data/datasets/s1gfloods/Label/image_948.png
image_1083,data/datasets/s1gfloods/A/image_1083.png,data/datasets/s1gfloods/B/image_1083.png,data/datasets/s1gfloods/Label/image_1083.png
image_1515,data/datasets/s1gfloods/A/image_1515.png,data/datasets/s1gfloods/B/image_1515.png,data/datasets/s1gfloods/Label/image_1515.png
image_2237,data/datasets/s1gfloods/A/image_2237.png,data/datasets/s1gfloods/B/image_2237.png,data/datasets/s1gfloods/Label/image_2237.png
image_130,data/datasets/s1gfloods/A/image_130.png,data/datasets/s1gfloods/B/image_130.png,data/datasets/s1gfloods/Label/image_130.png
image_5089,data/datasets/s1gfloods/A/image_5089.png,data/datasets/s1gfloods/B/image_5089.png,data/datasets/s1gfloods/Label/image_5089.png
image_2878,data/datasets/s1gfloods/A/image_2878.png,data/datasets/s1gfloods/B/image_2878.png,data/datasets/s1gfloods/Label/image_2878.png
image_5193,data/datasets/s1gfloods/A/image_5193.png,data/datasets/s1gfloods/B/image_5193.png,data/datasets/s1gfloods/Label/image_5193.png
image_3433,data/datasets/s1gfloods/A/image_3433.png,data/datasets/s1gfloods/B/image_3433.png,data/datasets/s1gfloods/Label/image_3433.png
image_4800,data/datasets/s1gfloods/A/image_4800.png,data/datasets/s1gfloods/B/image_4800.png,data/datasets/s1gfloods/Label/image_4800.png
image_3860,data/datasets/s1gfloods/A/image_3860.png,data/datasets/s1gfloods/B/image_3860.png,data/datasets/s1gfloods/Label/image_3860.png
image_1372,data/datasets/s1gfloods/A/image_1372.png,data/datasets/s1gfloods/B/image_1372.png,data/datasets/s1gfloods/Label/image_1372.png
image_4025,data/datasets/s1gfloods/A/image_4025.png,data/datasets/s1gfloods/B/image_4025.png,data/datasets/s1gfloods/Label/image_4025.png
image_432,data/datasets/s1gfloods/A/image_432.png,data/datasets/s1gfloods/B/image_432.png,data/datasets/s1gfloods/Label/image_432.png
image_521,data/datasets/s1gfloods/A/image_521.png,data/datasets/s1gfloods/B/image_521.png,data/datasets/s1gfloods/Label/image_521.png
image_1055,data/datasets/s1gfloods/A/image_1055.png,data/datasets/s1gfloods/B/image_1055.png,data/datasets/s1gfloods/Label/image_1055.png
image_4849,data/datasets/s1gfloods/A/image_4849.png,data/datasets/s1gfloods/B/image_4849.png,data/datasets/s1gfloods/Label/image_4849.png
image_4723,data/datasets/s1gfloods/A/image_4723.png,data/datasets/s1gfloods/B/image_4723.png,data/datasets/s1gfloods/Label/image_4723.png
image_461,data/datasets/s1gfloods/A/image_461.png,data/datasets/s1gfloods/B/image_461.png,data/datasets/s1gfloods/Label/image_461.png
image_4259,data/datasets/s1gfloods/A/image_4259.png,data/datasets/s1gfloods/B/image_4259.png,data/datasets/s1gfloods/Label/image_4259.png
image_5109,data/datasets/s1gfloods/A/image_5109.png,data/datasets/s1gfloods/B/image_5109.png,data/datasets/s1gfloods/Label/image_5109.png
image_653,data/datasets/s1gfloods/A/image_653.png,data/datasets/s1gfloods/B/image_653.png,data/datasets/s1gfloods/Label/image_653.png
image_2826,data/datasets/s1gfloods/A/image_2826.png,data/datasets/s1gfloods/B/image_2826.png,data/datasets/s1gfloods/Label/image_2826.png
image_345,data/datasets/s1gfloods/A/image_345.png,data/datasets/s1gfloods/B/image_345.png,data/datasets/s1gfloods/Label/image_345.png
image_2200,data/datasets/s1gfloods/A/image_2200.png,data/datasets/s1gfloods/B/image_2200.png,data/datasets/s1gfloods/Label/image_2200.png
image_3734,data/datasets/s1gfloods/A/image_3734.png,data/datasets/s1gfloods/B/image_3734.png,data/datasets/s1gfloods/Label/image_3734.png
image_3968,data/datasets/s1gfloods/A/image_3968.png,data/datasets/s1gfloods/B/image_3968.png,data/datasets/s1gfloods/Label/image_3968.png
image_2855,data/datasets/s1gfloods/A/image_2855.png,data/datasets/s1gfloods/B/image_2855.png,data/datasets/s1gfloods/Label/image_2855.png
image_2389,data/datasets/s1gfloods/A/image_2389.png,data/datasets/s1gfloods/B/image_2389.png,data/datasets/s1gfloods/Label/image_2389.png
image_1382,data/datasets/s1gfloods/A/image_1382.png,data/datasets/s1gfloods/B/image_1382.png,data/datasets/s1gfloods/Label/image_1382.png
image_4577,data/datasets/s1gfloods/A/image_4577.png,data/datasets/s1gfloods/B/image_4577.png,data/datasets/s1gfloods/Label/image_4577.png
image_2834,data/datasets/s1gfloods/A/image_2834.png,data/datasets/s1gfloods/B/image_2834.png,data/datasets/s1gfloods/Label/image_2834.png
image_5257,data/datasets/s1gfloods/A/image_5257.png,data/datasets/s1gfloods/B/image_5257.png,data/datasets/s1gfloods/Label/image_5257.png
image_1444,data/datasets/s1gfloods/A/image_1444.png,data/datasets/s1gfloods/B/image_1444.png,data/datasets/s1gfloods/Label/image_1444.png
image_3506,data/datasets/s1gfloods/A/image_3506.png,data/datasets/s1gfloods/B/image_3506.png,data/datasets/s1gfloods/Label/image_3506.png
image_2564,data/datasets/s1gfloods/A/image_2564.png,data/datasets/s1gfloods/B/image_2564.png,data/datasets/s1gfloods/Label/image_2564.png
image_244,data/datasets/s1gfloods/A/image_244.png,data/datasets/s1gfloods/B/image_244.png,data/datasets/s1gfloods/Label/image_244.png
image_3077,data/datasets/s1gfloods/A/image_3077.png,data/datasets/s1gfloods/B/image_3077.png,data/datasets/s1gfloods/Label/image_3077.png
image_2670,data/datasets/s1gfloods/A/image_2670.png,data/datasets/s1gfloods/B/image_2670.png,data/datasets/s1gfloods/Label/image_2670.png
image_5007,data/datasets/s1gfloods/A/image_5007.png,data/datasets/s1gfloods/B/image_5007.png,data/datasets/s1gfloods/Label/image_5007.png
image_298,data/datasets/s1gfloods/A/image_298.png,data/datasets/s1gfloods/B/image_298.png,data/datasets/s1gfloods/Label/image_298.png
image_912,data/datasets/s1gfloods/A/image_912.png,data/datasets/s1gfloods/B/image_912.png,data/datasets/s1gfloods/Label/image_912.png
image_1878,data/datasets/s1gfloods/A/image_1878.png,data/datasets/s1gfloods/B/image_1878.png,data/datasets/s1gfloods/Label/image_1878.png
image_3973,data/datasets/s1gfloods/A/image_3973.png,data/datasets/s1gfloods/B/image_3973.png,data/datasets/s1gfloods/Label/image_3973.png
image_5264,data/datasets/s1gfloods/A/image_5264.png,data/datasets/s1gfloods/B/image_5264.png,data/datasets/s1gfloods/Label/image_5264.png
image_4051,data/datasets/s1gfloods/A/image_4051.png,data/datasets/s1gfloods/B/image_4051.png,data/datasets/s1gfloods/Label/image_4051.png
image_134,data/datasets/s1gfloods/A/image_134.png,data/datasets/s1gfloods/B/image_134.png,data/datasets/s1gfloods/Label/image_134.png
image_442,data/datasets/s1gfloods/A/image_442.png,data/datasets/s1gfloods/B/image_442.png,data/datasets/s1gfloods/Label/image_442.png
image_1267,data/datasets/s1gfloods/A/image_1267.png,data/datasets/s1gfloods/B/image_1267.png,data/datasets/s1gfloods/Label/image_1267.png
image_4057,data/datasets/s1gfloods/A/image_4057.png,data/datasets/s1gfloods/B/image_4057.png,data/datasets/s1gfloods/Label/image_4057.png
image_3565,data/datasets/s1gfloods/A/image_3565.png,data/datasets/s1gfloods/B/image_3565.png,data/datasets/s1gfloods/Label/image_3565.png
image_719,data/datasets/s1gfloods/A/image_719.png,data/datasets/s1gfloods/B/image_719.png,data/datasets/s1gfloods/Label/image_719.png
image_4006,data/datasets/s1gfloods/A/image_4006.png,data/datasets/s1gfloods/B/image_4006.png,data/datasets/s1gfloods/Label/image_4006.png
image_4388,data/datasets/s1gfloods/A/image_4388.png,data/datasets/s1gfloods/B/image_4388.png,data/datasets/s1gfloods/Label/image_4388.png
image_488,data/datasets/s1gfloods/A/image_488.png,data/datasets/s1gfloods/B/image_488.png,data/datasets/s1gfloods/Label/image_488.png
image_3195,data/datasets/s1gfloods/A/image_3195.png,data/datasets/s1gfloods/B/image_3195.png,data/datasets/s1gfloods/Label/image_3195.png
image_1982,data/datasets/s1gfloods/A/image_1982.png,data/datasets/s1gfloods/B/image_1982.png,data/datasets/s1gfloods/Label/image_1982.png
image_5071,data/datasets/s1gfloods/A/image_5071.png,data/datasets/s1gfloods/B/image_5071.png,data/datasets/s1gfloods/Label/image_5071.png
image_4743,data/datasets/s1gfloods/A/image_4743.png,data/datasets/s1gfloods/B/image_4743.png,data/datasets/s1gfloods/Label/image_4743.png
image_3472,data/datasets/s1gfloods/A/image_3472.png,data/datasets/s1gfloods/B/image_3472.png,data/datasets/s1gfloods/Label/image_3472.png
image_2548,data/datasets/s1gfloods/A/image_2548.png,data/datasets/s1gfloods/B/image_2548.png,data/datasets/s1gfloods/Label/image_2548.png
image_2947,data/datasets/s1gfloods/A/image_2947.png,data/datasets/s1gfloods/B/image_2947.png,data/datasets/s1gfloods/Label/image_2947.png
image_1669,data/datasets/s1gfloods/A/image_1669.png,data/datasets/s1gfloods/B/image_1669.png,data/datasets/s1gfloods/Label/image_1669.png
image_808,data/datasets/s1gfloods/A/image_808.png,data/datasets/s1gfloods/B/image_808.png,data/datasets/s1gfloods/Label/image_808.png
image_189,data/datasets/s1gfloods/A/image_189.png,data/datasets/s1gfloods/B/image_189.png,data/datasets/s1gfloods/Label/image_189.png
image_2252,data/datasets/s1gfloods/A/image_2252.png,data/datasets/s1gfloods/B/image_2252.png,data/datasets/s1gfloods/Label/image_2252.png
image_4667,data/datasets/s1gfloods/A/image_4667.png,data/datasets/s1gfloods/B/image_4667.png,data/datasets/s1gfloods/Label/image_4667.png
image_304,data/datasets/s1gfloods/A/image_304.png,data/datasets/s1gfloods/B/image_304.png,data/datasets/s1gfloods/Label/image_304.png
image_3281,data/datasets/s1gfloods/A/image_3281.png,data/datasets/s1gfloods/B/image_3281.png,data/datasets/s1gfloods/Label/image_3281.png
image_783,data/datasets/s1gfloods/A/image_783.png,data/datasets/s1gfloods/B/image_783.png,data/datasets/s1gfloods/Label/image_783.png
image_3525,data/datasets/s1gfloods/A/image_3525.png,data/datasets/s1gfloods/B/image_3525.png,data/datasets/s1gfloods/Label/image_3525.png
image_3304,data/datasets/s1gfloods/A/image_3304.png,data/datasets/s1gfloods/B/image_3304.png,data/datasets/s1gfloods/Label/image_3304.png
image_1732,data/datasets/s1gfloods/A/image_1732.png,data/datasets/s1gfloods/B/image_1732.png,data/datasets/s1gfloods/Label/image_1732.png
image_1148,data/datasets/s1gfloods/A/image_1148.png,data/datasets/s1gfloods/B/image_1148.png,data/datasets/s1gfloods/Label/image_1148.png
image_4313,data/datasets/s1gfloods/A/image_4313.png,data/datasets/s1gfloods/B/image_4313.png,data/datasets/s1gfloods/Label/image_4313.png
image_5256,data/datasets/s1gfloods/A/image_5256.png,data/datasets/s1gfloods/B/image_5256.png,data/datasets/s1gfloods/Label/image_5256.png
image_2532,data/datasets/s1gfloods/A/image_2532.png,data/datasets/s1gfloods/B/image_2532.png,data/datasets/s1gfloods/Label/image_2532.png
image_2388,data/datasets/s1gfloods/A/image_2388.png,data/datasets/s1gfloods/B/image_2388.png,data/datasets/s1gfloods/Label/image_2388.png
image_214,data/datasets/s1gfloods/A/image_214.png,data/datasets/s1gfloods/B/image_214.png,data/datasets/s1gfloods/Label/image_214.png
image_378,data/datasets/s1gfloods/A/image_378.png,data/datasets/s1gfloods/B/image_378.png,data/datasets/s1gfloods/Label/image_378.png
image_245,data/datasets/s1gfloods/A/image_245.png,data/datasets/s1gfloods/B/image_245.png,data/datasets/s1gfloods/Label/image_245.png
image_3126,data/datasets/s1gfloods/A/image_3126.png,data/datasets/s1gfloods/B/image_3126.png,data/datasets/s1gfloods/Label/image_3126.png
image_3965,data/datasets/s1gfloods/A/image_3965.png,data/datasets/s1gfloods/B/image_3965.png,data/datasets/s1gfloods/Label/image_3965.png
image_693,data/datasets/s1gfloods/A/image_693.png,data/datasets/s1gfloods/B/image_693.png,data/datasets/s1gfloods/Label/image_693.png
image_1486,data/datasets/s1gfloods/A/image_1486.png,data/datasets/s1gfloods/B/image_1486.png,data/datasets/s1gfloods/Label/image_1486.png
image_5134,data/datasets/s1gfloods/A/image_5134.png,data/datasets/s1gfloods/B/image_5134.png,data/datasets/s1gfloods/Label/image_5134.png
image_5285,data/datasets/s1gfloods/A/image_5285.png,data/datasets/s1gfloods/B/image_5285.png,data/datasets/s1gfloods/Label/image_5285.png
image_58,data/datasets/s1gfloods/A/image_58.png,data/datasets/s1gfloods/B/image_58.png,data/datasets/s1gfloods/Label/image_58.png
image_2264,data/datasets/s1gfloods/A/image_2264.png,data/datasets/s1gfloods/B/image_2264.png,data/datasets/s1gfloods/Label/image_2264.png
image_4221,data/datasets/s1gfloods/A/image_4221.png,data/datasets/s1gfloods/B/image_4221.png,data/datasets/s1gfloods/Label/image_4221.png
image_657,data/datasets/s1gfloods/A/image_657.png,data/datasets/s1gfloods/B/image_657.png,data/datasets/s1gfloods/Label/image_657.png
image_2126,data/datasets/s1gfloods/A/image_2126.png,data/datasets/s1gfloods/B/image_2126.png,data/datasets/s1gfloods/Label/image_2126.png
image_2727,data/datasets/s1gfloods/A/image_2727.png,data/datasets/s1gfloods/B/image_2727.png,data/datasets/s1gfloods/Label/image_2727.png
image_1820,data/datasets/s1gfloods/A/image_1820.png,data/datasets/s1gfloods/B/image_1820.png,data/datasets/s1gfloods/Label/image_1820.png
image_4233,data/datasets/s1gfloods/A/image_4233.png,data/datasets/s1gfloods/B/image_4233.png,data/datasets/s1gfloods/Label/image_4233.png
image_4804,data/datasets/s1gfloods/A/image_4804.png,data/datasets/s1gfloods/B/image_4804.png,data/datasets/s1gfloods/Label/image_4804.png
image_1786,data/datasets/s1gfloods/A/image_1786.png,data/datasets/s1gfloods/B/image_1786.png,data/datasets/s1gfloods/Label/image_1786.png
image_855,data/datasets/s1gfloods/A/image_855.png,data/datasets/s1gfloods/B/image_855.png,data/datasets/s1gfloods/Label/image_855.png
image_2142,data/datasets/s1gfloods/A/image_2142.png,data/datasets/s1gfloods/B/image_2142.png,data/datasets/s1gfloods/Label/image_2142.png
image_191,data/datasets/s1gfloods/A/image_191.png,data/datasets/s1gfloods/B/image_191.png,data/datasets/s1gfloods/Label/image_191.png
image_4810,data/datasets/s1gfloods/A/image_4810.png,data/datasets/s1gfloods/B/image_4810.png,data/datasets/s1gfloods/Label/image_4810.png
image_3202,data/datasets/s1gfloods/A/image_3202.png,data/datasets/s1gfloods/B/image_3202.png,data/datasets/s1gfloods/Label/image_3202.png
image_2152,data/datasets/s1gfloods/A/image_2152.png,data/datasets/s1gfloods/B/image_2152.png,data/datasets/s1gfloods/Label/image_2152.png
image_3105,data/datasets/s1gfloods/A/image_3105.png,data/datasets/s1gfloods/B/image_3105.png,data/datasets/s1gfloods/Label/image_3105.png
image_2394,data/datasets/s1gfloods/A/image_2394.png,data/datasets/s1gfloods/B/image_2394.png,data/datasets/s1gfloods/Label/image_2394.png
image_2377,data/datasets/s1gfloods/A/image_2377.png,data/datasets/s1gfloods/B/image_2377.png,data/datasets/s1gfloods/Label/image_2377.png
image_267,data/datasets/s1gfloods/A/image_267.png,data/datasets/s1gfloods/B/image_267.png,data/datasets/s1gfloods/Label/image_267.png
image_87,data/datasets/s1gfloods/A/image_87.png,data/datasets/s1gfloods/B/image_87.png,data/datasets/s1gfloods/Label/image_87.png
image_3358,data/datasets/s1gfloods/A/image_3358.png,data/datasets/s1gfloods/B/image_3358.png,data/datasets/s1gfloods/Label/image_3358.png
image_4632,data/datasets/s1gfloods/A/image_4632.png,data/datasets/s1gfloods/B/image_4632.png,data/datasets/s1gfloods/Label/image_4632.png
image_3069,data/datasets/s1gfloods/A/image_3069.png,data/datasets/s1gfloods/B/image_3069.png,data/datasets/s1gfloods/Label/image_3069.png
image_2307,data/datasets/s1gfloods/A/image_2307.png,data/datasets/s1gfloods/B/image_2307.png,data/datasets/s1gfloods/Label/image_2307.png
image_2851,data/datasets/s1gfloods/A/image_2851.png,data/datasets/s1gfloods/B/image_2851.png,data/datasets/s1gfloods/Label/image_2851.png
image_2315,data/datasets/s1gfloods/A/image_2315.png,data/datasets/s1gfloods/B/image_2315.png,data/datasets/s1gfloods/Label/image_2315.png
image_2086,data/datasets/s1gfloods/A/image_2086.png,data/datasets/s1gfloods/B/image_2086.png,data/datasets/s1gfloods/Label/image_2086.png
image_4933,data/datasets/s1gfloods/A/image_4933.png,data/datasets/s1gfloods/B/image_4933.png,data/datasets/s1gfloods/Label/image_4933.png
image_4228,data/datasets/s1gfloods/A/image_4228.png,data/datasets/s1gfloods/B/image_4228.png,data/datasets/s1gfloods/Label/image_4228.png
image_2979,data/datasets/s1gfloods/A/image_2979.png,data/datasets/s1gfloods/B/image_2979.png,data/datasets/s1gfloods/Label/image_2979.png
image_4829,data/datasets/s1gfloods/A/image_4829.png,data/datasets/s1gfloods/B/image_4829.png,data/datasets/s1gfloods/Label/image_4829.png
image_1699,data/datasets/s1gfloods/A/image_1699.png,data/datasets/s1gfloods/B/image_1699.png,data/datasets/s1gfloods/Label/image_1699.png
image_899,data/datasets/s1gfloods/A/image_899.png,data/datasets/s1gfloods/B/image_899.png,data/datasets/s1gfloods/Label/image_899.png
image_3023,data/datasets/s1gfloods/A/image_3023.png,data/datasets/s1gfloods/B/image_3023.png,data/datasets/s1gfloods/Label/image_3023.png
image_2499,data/datasets/s1gfloods/A/image_2499.png,data/datasets/s1gfloods/B/image_2499.png,data/datasets/s1gfloods/Label/image_2499.png
image_1260,data/datasets/s1gfloods/A/image_1260.png,data/datasets/s1gfloods/B/image_1260.png,data/datasets/s1gfloods/Label/image_1260.png
image_3933,data/datasets/s1gfloods/A/image_3933.png,data/datasets/s1gfloods/B/image_3933.png,data/datasets/s1gfloods/Label/image_3933.png
image_734,data/datasets/s1gfloods/A/image_734.png,data/datasets/s1gfloods/B/image_734.png,data/datasets/s1gfloods/Label/image_734.png
image_2971,data/datasets/s1gfloods/A/image_2971.png,data/datasets/s1gfloods/B/image_2971.png,data/datasets/s1gfloods/Label/image_2971.png
image_1782,data/datasets/s1gfloods/A/image_1782.png,data/datasets/s1gfloods/B/image_1782.png,data/datasets/s1gfloods/Label/image_1782.png
image_3658,data/datasets/s1gfloods/A/image_3658.png,data/datasets/s1gfloods/B/image_3658.png,data/datasets/s1gfloods/Label/image_3658.png
image_1001,data/datasets/s1gfloods/A/image_1001.png,data/datasets/s1gfloods/B/image_1001.png,data/datasets/s1gfloods/Label/image_1001.png
image_1279,data/datasets/s1gfloods/A/image_1279.png,data/datasets/s1gfloods/B/image_1279.png,data/datasets/s1gfloods/Label/image_1279.png
image_1242,data/datasets/s1gfloods/A/image_1242.png,data/datasets/s1gfloods/B/image_1242.png,data/datasets/s1gfloods/Label/image_1242.png
image_933,data/datasets/s1gfloods/A/image_933.png,data/datasets/s1gfloods/B/image_933.png,data/datasets/s1gfloods/Label/image_933.png
image_2723,data/datasets/s1gfloods/A/image_2723.png,data/datasets/s1gfloods/B/image_2723.png,data/datasets/s1gfloods/Label/image_2723.png
image_2293,data/datasets/s1gfloods/A/image_2293.png,data/datasets/s1gfloods/B/image_2293.png,data/datasets/s1gfloods/Label/image_2293.png
image_2605,data/datasets/s1gfloods/A/image_2605.png,data/datasets/s1gfloods/B/image_2605.png,data/datasets/s1gfloods/Label/image_2605.png
image_2091,data/datasets/s1gfloods/A/image_2091.png,data/datasets/s1gfloods/B/image_2091.png,data/datasets/s1gfloods/Label/image_2091.png
image_584,data/datasets/s1gfloods/A/image_584.png,data/datasets/s1gfloods/B/image_584.png,data/datasets/s1gfloods/Label/image_584.png
image_3145,data/datasets/s1gfloods/A/image_3145.png,data/datasets/s1gfloods/B/image_3145.png,data/datasets/s1gfloods/Label/image_3145.png
image_5167,data/datasets/s1gfloods/A/image_5167.png,data/datasets/s1gfloods/B/image_5167.png,data/datasets/s1gfloods/Label/image_5167.png
image_18,data/datasets/s1gfloods/A/image_18.png,data/datasets/s1gfloods/B/image_18.png,data/datasets/s1gfloods/Label/image_18.png
image_1085,data/datasets/s1gfloods/A/image_1085.png,data/datasets/s1gfloods/B/image_1085.png,data/datasets/s1gfloods/Label/image_1085.png
image_4790,data/datasets/s1gfloods/A/image_4790.png,data/datasets/s1gfloods/B/image_4790.png,data/datasets/s1gfloods/Label/image_4790.png
image_4082,data/datasets/s1gfloods/A/image_4082.png,data/datasets/s1gfloods/B/image_4082.png,data/datasets/s1gfloods/Label/image_4082.png
image_4860,data/datasets/s1gfloods/A/image_4860.png,data/datasets/s1gfloods/B/image_4860.png,data/datasets/s1gfloods/Label/image_4860.png
image_2570,data/datasets/s1gfloods/A/image_2570.png,data/datasets/s1gfloods/B/image_2570.png,data/datasets/s1gfloods/Label/image_2570.png
image_2015,data/datasets/s1gfloods/A/image_2015.png,data/datasets/s1gfloods/B/image_2015.png,data/datasets/s1gfloods/Label/image_2015.png
image_1666,data/datasets/s1gfloods/A/image_1666.png,data/datasets/s1gfloods/B/image_1666.png,data/datasets/s1gfloods/Label/image_1666.png
image_3424,data/datasets/s1gfloods/A/image_3424.png,data/datasets/s1gfloods/B/image_3424.png,data/datasets/s1gfloods/Label/image_3424.png
image_1910,data/datasets/s1gfloods/A/image_1910.png,data/datasets/s1gfloods/B/image_1910.png,data/datasets/s1gfloods/Label/image_1910.png
image_2975,data/datasets/s1gfloods/A/image_2975.png,data/datasets/s1gfloods/B/image_2975.png,data/datasets/s1gfloods/Label/image_2975.png
image_2247,data/datasets/s1gfloods/A/image_2247.png,data/datasets/s1gfloods/B/image_2247.png,data/datasets/s1gfloods/Label/image_2247.png
image_3870,data/datasets/s1gfloods/A/image_3870.png,data/datasets/s1gfloods/B/image_3870.png,data/datasets/s1gfloods/Label/image_3870.png
image_2871,data/datasets/s1gfloods/A/image_2871.png,data/datasets/s1gfloods/B/image_2871.png,data/datasets/s1gfloods/Label/image_2871.png
image_4030,data/datasets/s1gfloods/A/image_4030.png,data/datasets/s1gfloods/B/image_4030.png,data/datasets/s1gfloods/Label/image_4030.png
image_2737,data/datasets/s1gfloods/A/image_2737.png,data/datasets/s1gfloods/B/image_2737.png,data/datasets/s1gfloods/Label/image_2737.png
image_288,data/datasets/s1gfloods/A/image_288.png,data/datasets/s1gfloods/B/image_288.png,data/datasets/s1gfloods/Label/image_288.png
image_3113,data/datasets/s1gfloods/A/image_3113.png,data/datasets/s1gfloods/B/image_3113.png,data/datasets/s1gfloods/Label/image_3113.png
image_4060,data/datasets/s1gfloods/A/image_4060.png,data/datasets/s1gfloods/B/image_4060.png,data/datasets/s1gfloods/Label/image_4060.png
image_2286,data/datasets/s1gfloods/A/image_2286.png,data/datasets/s1gfloods/B/image_2286.png,data/datasets/s1gfloods/Label/image_2286.png
image_3586,data/datasets/s1gfloods/A/image_3586.png,data/datasets/s1gfloods/B/image_3586.png,data/datasets/s1gfloods/Label/image_3586.png
image_5094,data/datasets/s1gfloods/A/image_5094.png,data/datasets/s1gfloods/B/image_5094.png,data/datasets/s1gfloods/Label/image_5094.png
image_3293,data/datasets/s1gfloods/A/image_3293.png,data/datasets/s1gfloods/B/image_3293.png,data/datasets/s1gfloods/Label/image_3293.png
image_3824,data/datasets/s1gfloods/A/image_3824.png,data/datasets/s1gfloods/B/image_3824.png,data/datasets/s1gfloods/Label/image_3824.png
image_2386,data/datasets/s1gfloods/A/image_2386.png,data/datasets/s1gfloods/B/image_2386.png,data/datasets/s1gfloods/Label/image_2386.png
image_1081,data/datasets/s1gfloods/A/image_1081.png,data/datasets/s1gfloods/B/image_1081.png,data/datasets/s1gfloods/Label/image_1081.png
image_3469,data/datasets/s1gfloods/A/image_3469.png,data/datasets/s1gfloods/B/image_3469.png,data/datasets/s1gfloods/Label/image_3469.png
image_1908,data/datasets/s1gfloods/A/image_1908.png,data/datasets/s1gfloods/B/image_1908.png,data/datasets/s1gfloods/Label/image_1908.png
image_1949,data/datasets/s1gfloods/A/image_1949.png,data/datasets/s1gfloods/B/image_1949.png,data/datasets/s1gfloods/Label/image_1949.png
image_2137,data/datasets/s1gfloods/A/image_2137.png,data/datasets/s1gfloods/B/image_2137.png,data/datasets/s1gfloods/Label/image_2137.png
image_4090,data/datasets/s1gfloods/A/image_4090.png,data/datasets/s1gfloods/B/image_4090.png,data/datasets/s1gfloods/Label/image_4090.png
image_4571,data/datasets/s1gfloods/A/image_4571.png,data/datasets/s1gfloods/B/image_4571.png,data/datasets/s1gfloods/Label/image_4571.png
image_2367,data/datasets/s1gfloods/A/image_2367.png,data/datasets/s1gfloods/B/image_2367.png,data/datasets/s1gfloods/Label/image_2367.png
image_4075,data/datasets/s1gfloods/A/image_4075.png,data/datasets/s1gfloods/B/image_4075.png,data/datasets/s1gfloods/Label/image_4075.png
image_4854,data/datasets/s1gfloods/A/image_4854.png,data/datasets/s1gfloods/B/image_4854.png,data/datasets/s1gfloods/Label/image_4854.png
image_2473,data/datasets/s1gfloods/A/image_2473.png,data/datasets/s1gfloods/B/image_2473.png,data/datasets/s1gfloods/Label/image_2473.png
image_3517,data/datasets/s1gfloods/A/image_3517.png,data/datasets/s1gfloods/B/image_3517.png,data/datasets/s1gfloods/Label/image_3517.png
image_2582,data/datasets/s1gfloods/A/image_2582.png,data/datasets/s1gfloods/B/image_2582.png,data/datasets/s1gfloods/Label/image_2582.png
image_1730,data/datasets/s1gfloods/A/image_1730.png,data/datasets/s1gfloods/B/image_1730.png,data/datasets/s1gfloods/Label/image_1730.png
image_4853,data/datasets/s1gfloods/A/image_4853.png,data/datasets/s1gfloods/B/image_4853.png,data/datasets/s1gfloods/Label/image_4853.png
image_4130,data/datasets/s1gfloods/A/image_4130.png,data/datasets/s1gfloods/B/image_4130.png,data/datasets/s1gfloods/Label/image_4130.png
image_2246,data/datasets/s1gfloods/A/image_2246.png,data/datasets/s1gfloods/B/image_2246.png,data/datasets/s1gfloods/Label/image_2246.png
image_3080,data/datasets/s1gfloods/A/image_3080.png,data/datasets/s1gfloods/B/image_3080.png,data/datasets/s1gfloods/Label/image_3080.png
image_1818,data/datasets/s1gfloods/A/image_1818.png,data/datasets/s1gfloods/B/image_1818.png,data/datasets/s1gfloods/Label/image_1818.png
image_3942,data/datasets/s1gfloods/A/image_3942.png,data/datasets/s1gfloods/B/image_3942.png,data/datasets/s1gfloods/Label/image_3942.png
image_3072,data/datasets/s1gfloods/A/image_3072.png,data/datasets/s1gfloods/B/image_3072.png,data/datasets/s1gfloods/Label/image_3072.png
image_452,data/datasets/s1gfloods/A/image_452.png,data/datasets/s1gfloods/B/image_452.png,data/datasets/s1gfloods/Label/image_452.png
image_2453,data/datasets/s1gfloods/A/image_2453.png,data/datasets/s1gfloods/B/image_2453.png,data/datasets/s1gfloods/Label/image_2453.png
image_3788,data/datasets/s1gfloods/A/image_3788.png,data/datasets/s1gfloods/B/image_3788.png,data/datasets/s1gfloods/Label/image_3788.png
image_4074,data/datasets/s1gfloods/A/image_4074.png,data/datasets/s1gfloods/B/image_4074.png,data/datasets/s1gfloods/Label/image_4074.png
image_4188,data/datasets/s1gfloods/A/image_4188.png,data/datasets/s1gfloods/B/image_4188.png,data/datasets/s1gfloods/Label/image_4188.png
image_643,data/datasets/s1gfloods/A/image_643.png,data/datasets/s1gfloods/B/image_643.png,data/datasets/s1gfloods/Label/image_643.png
image_9,data/datasets/s1gfloods/A/image_9.png,data/datasets/s1gfloods/B/image_9.png,data/datasets/s1gfloods/Label/image_9.png
image_866,data/datasets/s1gfloods/A/image_866.png,data/datasets/s1gfloods/B/image_866.png,data/datasets/s1gfloods/Label/image_866.png
image_2202,data/datasets/s1gfloods/A/image_2202.png,data/datasets/s1gfloods/B/image_2202.png,data/datasets/s1gfloods/Label/image_2202.png
image_596,data/datasets/s1gfloods/A/image_596.png,data/datasets/s1gfloods/B/image_596.png,data/datasets/s1gfloods/Label/image_596.png
image_3122,data/datasets/s1gfloods/A/image_3122.png,data/datasets/s1gfloods/B/image_3122.png,data/datasets/s1gfloods/Label/image_3122.png
image_3911,data/datasets/s1gfloods/A/image_3911.png,data/datasets/s1gfloods/B/image_3911.png,data/datasets/s1gfloods/Label/image_3911.png
image_1840,data/datasets/s1gfloods/A/image_1840.png,data/datasets/s1gfloods/B/image_1840.png,data/datasets/s1gfloods/Label/image_1840.png
image_3033,data/datasets/s1gfloods/A/image_3033.png,data/datasets/s1gfloods/B/image_3033.png,data/datasets/s1gfloods/Label/image_3033.png
image_3649,data/datasets/s1gfloods/A/image_3649.png,data/datasets/s1gfloods/B/image_3649.png,data/datasets/s1gfloods/Label/image_3649.png
image_796,data/datasets/s1gfloods/A/image_796.png,data/datasets/s1gfloods/B/image_796.png,data/datasets/s1gfloods/Label/image_796.png
image_3600,data/datasets/s1gfloods/A/image_3600.png,data/datasets/s1gfloods/B/image_3600.png,data/datasets/s1gfloods/Label/image_3600.png
image_654,data/datasets/s1gfloods/A/image_654.png,data/datasets/s1gfloods/B/image_654.png,data/datasets/s1gfloods/Label/image_654.png
image_517,data/datasets/s1gfloods/A/image_517.png,data/datasets/s1gfloods/B/image_517.png,data/datasets/s1gfloods/Label/image_517.png
image_4960,data/datasets/s1gfloods/A/image_4960.png,data/datasets/s1gfloods/B/image_4960.png,data/datasets/s1gfloods/Label/image_4960.png
image_2104,data/datasets/s1gfloods/A/image_2104.png,data/datasets/s1gfloods/B/image_2104.png,data/datasets/s1gfloods/Label/image_2104.png
image_3473,data/datasets/s1gfloods/A/image_3473.png,data/datasets/s1gfloods/B/image_3473.png,data/datasets/s1gfloods/Label/image_3473.png
image_3790,data/datasets/s1gfloods/A/image_3790.png,data/datasets/s1gfloods/B/image_3790.png,data/datasets/s1gfloods/Label/image_3790.png
image_2776,data/datasets/s1gfloods/A/image_2776.png,data/datasets/s1gfloods/B/image_2776.png,data/datasets/s1gfloods/Label/image_2776.png
image_3702,data/datasets/s1gfloods/A/image_3702.png,data/datasets/s1gfloods/B/image_3702.png,data/datasets/s1gfloods/Label/image_3702.png
image_1110,data/datasets/s1gfloods/A/image_1110.png,data/datasets/s1gfloods/B/image_1110.png,data/datasets/s1gfloods/Label/image_1110.png
image_820,data/datasets/s1gfloods/A/image_820.png,data/datasets/s1gfloods/B/image_820.png,data/datasets/s1gfloods/Label/image_820.png
image_565,data/datasets/s1gfloods/A/image_565.png,data/datasets/s1gfloods/B/image_565.png,data/datasets/s1gfloods/Label/image_565.png
image_166,data/datasets/s1gfloods/A/image_166.png,data/datasets/s1gfloods/B/image_166.png,data/datasets/s1gfloods/Label/image_166.png
image_1243,data/datasets/s1gfloods/A/image_1243.png,data/datasets/s1gfloods/B/image_1243.png,data/datasets/s1gfloods/Label/image_1243.png
image_2087,data/datasets/s1gfloods/A/image_2087.png,data/datasets/s1gfloods/B/image_2087.png,data/datasets/s1gfloods/Label/image_2087.png
image_4918,data/datasets/s1gfloods/A/image_4918.png,data/datasets/s1gfloods/B/image_4918.png,data/datasets/s1gfloods/Label/image_4918.png
image_4325,data/datasets/s1gfloods/A/image_4325.png,data/datasets/s1gfloods/B/image_4325.png,data/datasets/s1gfloods/Label/image_4325.png
image_1226,data/datasets/s1gfloods/A/image_1226.png,data/datasets/s1gfloods/B/image_1226.png,data/datasets/s1gfloods/Label/image_1226.png
image_4442,data/datasets/s1gfloods/A/image_4442.png,data/datasets/s1gfloods/B/image_4442.png,data/datasets/s1gfloods/Label/image_4442.png
image_3851,data/datasets/s1gfloods/A/image_3851.png,data/datasets/s1gfloods/B/image_3851.png,data/datasets/s1gfloods/Label/image_3851.png
image_3627,data/datasets/s1gfloods/A/image_3627.png,data/datasets/s1gfloods/B/image_3627.png,data/datasets/s1gfloods/Label/image_3627.png
image_1312,data/datasets/s1gfloods/A/image_1312.png,data/datasets/s1gfloods/B/image_1312.png,data/datasets/s1gfloods/Label/image_1312.png
image_1704,data/datasets/s1gfloods/A/image_1704.png,data/datasets/s1gfloods/B/image_1704.png,data/datasets/s1gfloods/Label/image_1704.png
image_578,data/datasets/s1gfloods/A/image_578.png,data/datasets/s1gfloods/B/image_578.png,data/datasets/s1gfloods/Label/image_578.png
image_3865,data/datasets/s1gfloods/A/image_3865.png,data/datasets/s1gfloods/B/image_3865.png,data/datasets/s1gfloods/Label/image_3865.png
image_1271,data/datasets/s1gfloods/A/image_1271.png,data/datasets/s1gfloods/B/image_1271.png,data/datasets/s1gfloods/Label/image_1271.png
image_1571,data/datasets/s1gfloods/A/image_1571.png,data/datasets/s1gfloods/B/image_1571.png,data/datasets/s1gfloods/Label/image_1571.png
image_5342,data/datasets/s1gfloods/A/image_5342.png,data/datasets/s1gfloods/B/image_5342.png,data/datasets/s1gfloods/Label/image_5342.png
image_3314,data/datasets/s1gfloods/A/image_3314.png,data/datasets/s1gfloods/B/image_3314.png,data/datasets/s1gfloods/Label/image_3314.png
image_5074,data/datasets/s1gfloods/A/image_5074.png,data/datasets/s1gfloods/B/image_5074.png,data/datasets/s1gfloods/Label/image_5074.png
image_277,data/datasets/s1gfloods/A/image_277.png,data/datasets/s1gfloods/B/image_277.png,data/datasets/s1gfloods/Label/image_277.png
image_175,data/datasets/s1gfloods/A/image_175.png,data/datasets/s1gfloods/B/image_175.png,data/datasets/s1gfloods/Label/image_175.png
image_2255,data/datasets/s1gfloods/A/image_2255.png,data/datasets/s1gfloods/B/image_2255.png,data/datasets/s1gfloods/Label/image_2255.png
image_4058,data/datasets/s1gfloods/A/image_4058.png,data/datasets/s1gfloods/B/image_4058.png,data/datasets/s1gfloods/Label/image_4058.png
image_1248,data/datasets/s1gfloods/A/image_1248.png,data/datasets/s1gfloods/B/image_1248.png,data/datasets/s1gfloods/Label/image_1248.png
image_4581,data/datasets/s1gfloods/A/image_4581.png,data/datasets/s1gfloods/B/image_4581.png,data/datasets/s1gfloods/Label/image_4581.png
image_1140,data/datasets/s1gfloods/A/image_1140.png,data/datasets/s1gfloods/B/image_1140.png,data/datasets/s1gfloods/Label/image_1140.png
image_2192,data/datasets/s1gfloods/A/image_2192.png,data/datasets/s1gfloods/B/image_2192.png,data/datasets/s1gfloods/Label/image_2192.png
image_792,data/datasets/s1gfloods/A/image_792.png,data/datasets/s1gfloods/B/image_792.png,data/datasets/s1gfloods/Label/image_792.png
image_89,data/datasets/s1gfloods/A/image_89.png,data/datasets/s1gfloods/B/image_89.png,data/datasets/s1gfloods/Label/image_89.png
image_4726,data/datasets/s1gfloods/A/image_4726.png,data/datasets/s1gfloods/B/image_4726.png,data/datasets/s1gfloods/Label/image_4726.png
image_2607,data/datasets/s1gfloods/A/image_2607.png,data/datasets/s1gfloods/B/image_2607.png,data/datasets/s1gfloods/Label/image_2607.png
image_3608,data/datasets/s1gfloods/A/image_3608.png,data/datasets/s1gfloods/B/image_3608.png,data/datasets/s1gfloods/Label/image_3608.png
image_3189,data/datasets/s1gfloods/A/image_3189.png,data/datasets/s1gfloods/B/image_3189.png,data/datasets/s1gfloods/Label/image_3189.png
image_4891,data/datasets/s1gfloods/A/image_4891.png,data/datasets/s1gfloods/B/image_4891.png,data/datasets/s1gfloods/Label/image_4891.png
image_1010,data/datasets/s1gfloods/A/image_1010.png,data/datasets/s1gfloods/B/image_1010.png,data/datasets/s1gfloods/Label/image_1010.png
image_2466,data/datasets/s1gfloods/A/image_2466.png,data/datasets/s1gfloods/B/image_2466.png,data/datasets/s1gfloods/Label/image_2466.png
image_1966,data/datasets/s1gfloods/A/image_1966.png,data/datasets/s1gfloods/B/image_1966.png,data/datasets/s1gfloods/Label/image_1966.png
image_2546,data/datasets/s1gfloods/A/image_2546.png,data/datasets/s1gfloods/B/image_2546.png,data/datasets/s1gfloods/Label/image_2546.png
image_5254,data/datasets/s1gfloods/A/image_5254.png,data/datasets/s1gfloods/B/image_5254.png,data/datasets/s1gfloods/Label/image_5254.png
image_4326,data/datasets/s1gfloods/A/image_4326.png,data/datasets/s1gfloods/B/image_4326.png,data/datasets/s1gfloods/Label/image_4326.png
image_1257,data/datasets/s1gfloods/A/image_1257.png,data/datasets/s1gfloods/B/image_1257.png,data/datasets/s1gfloods/Label/image_1257.png
image_1274,data/datasets/s1gfloods/A/image_1274.png,data/datasets/s1gfloods/B/image_1274.png,data/datasets/s1gfloods/Label/image_1274.png
image_4857,data/datasets/s1gfloods/A/image_4857.png,data/datasets/s1gfloods/B/image_4857.png,data/datasets/s1gfloods/Label/image_4857.png
image_3207,data/datasets/s1gfloods/A/image_3207.png,data/datasets/s1gfloods/B/image_3207.png,data/datasets/s1gfloods/Label/image_3207.png
image_4336,data/datasets/s1gfloods/A/image_4336.png,data/datasets/s1gfloods/B/image_4336.png,data/datasets/s1gfloods/Label/image_4336.png
image_1988,data/datasets/s1gfloods/A/image_1988.png,data/datasets/s1gfloods/B/image_1988.png,data/datasets/s1gfloods/Label/image_1988.png
image_5016,data/datasets/s1gfloods/A/image_5016.png,data/datasets/s1gfloods/B/image_5016.png,data/datasets/s1gfloods/Label/image_5016.png
image_3795,data/datasets/s1gfloods/A/image_3795.png,data/datasets/s1gfloods/B/image_3795.png,data/datasets/s1gfloods/Label/image_3795.png
image_1736,data/datasets/s1gfloods/A/image_1736.png,data/datasets/s1gfloods/B/image_1736.png,data/datasets/s1gfloods/Label/image_1736.png
image_1600,data/datasets/s1gfloods/A/image_1600.png,data/datasets/s1gfloods/B/image_1600.png,data/datasets/s1gfloods/Label/image_1600.png
image_4443,data/datasets/s1gfloods/A/image_4443.png,data/datasets/s1gfloods/B/image_4443.png,data/datasets/s1gfloods/Label/image_4443.png
image_2584,data/datasets/s1gfloods/A/image_2584.png,data/datasets/s1gfloods/B/image_2584.png,data/datasets/s1gfloods/Label/image_2584.png
image_1801,data/datasets/s1gfloods/A/image_1801.png,data/datasets/s1gfloods/B/image_1801.png,data/datasets/s1gfloods/Label/image_1801.png
image_2724,data/datasets/s1gfloods/A/image_2724.png,data/datasets/s1gfloods/B/image_2724.png,data/datasets/s1gfloods/Label/image_2724.png
image_395,data/datasets/s1gfloods/A/image_395.png,data/datasets/s1gfloods/B/image_395.png,data/datasets/s1gfloods/Label/image_395.png
image_1950,data/datasets/s1gfloods/A/image_1950.png,data/datasets/s1gfloods/B/image_1950.png,data/datasets/s1gfloods/Label/image_1950.png
image_692,data/datasets/s1gfloods/A/image_692.png,data/datasets/s1gfloods/B/image_692.png,data/datasets/s1gfloods/Label/image_692.png
image_4653,data/datasets/s1gfloods/A/image_4653.png,data/datasets/s1gfloods/B/image_4653.png,data/datasets/s1gfloods/Label/image_4653.png
image_1136,data/datasets/s1gfloods/A/image_1136.png,data/datasets/s1gfloods/B/image_1136.png,data/datasets/s1gfloods/Label/image_1136.png
image_4832,data/datasets/s1gfloods/A/image_4832.png,data/datasets/s1gfloods/B/image_4832.png,data/datasets/s1gfloods/Label/image_4832.png
image_2334,data/datasets/s1gfloods/A/image_2334.png,data/datasets/s1gfloods/B/image_2334.png,data/datasets/s1gfloods/Label/image_2334.png
image_3662,data/datasets/s1gfloods/A/image_3662.png,data/datasets/s1gfloods/B/image_3662.png,data/datasets/s1gfloods/Label/image_3662.png
image_4715,data/datasets/s1gfloods/A/image_4715.png,data/datasets/s1gfloods/B/image_4715.png,data/datasets/s1gfloods/Label/image_4715.png
image_1648,data/datasets/s1gfloods/A/image_1648.png,data/datasets/s1gfloods/B/image_1648.png,data/datasets/s1gfloods/Label/image_1648.png
image_3967,data/datasets/s1gfloods/A/image_3967.png,data/datasets/s1gfloods/B/image_3967.png,data/datasets/s1gfloods/Label/image_3967.png
image_4729,data/datasets/s1gfloods/A/image_4729.png,data/datasets/s1gfloods/B/image_4729.png,data/datasets/s1gfloods/Label/image_4729.png
image_438,data/datasets/s1gfloods/A/image_438.png,data/datasets/s1gfloods/B/image_438.png,data/datasets/s1gfloods/Label/image_438.png
image_4249,data/datasets/s1gfloods/A/image_4249.png,data/datasets/s1gfloods/B/image_4249.png,data/datasets/s1gfloods/Label/image_4249.png
image_4956,data/datasets/s1gfloods/A/image_4956.png,data/datasets/s1gfloods/B/image_4956.png,data/datasets/s1gfloods/Label/image_4956.png
image_2540,data/datasets/s1gfloods/A/image_2540.png,data/datasets/s1gfloods/B/image_2540.png,data/datasets/s1gfloods/Label/image_2540.png
image_2841,data/datasets/s1gfloods/A/image_2841.png,data/datasets/s1gfloods/B/image_2841.png,data/datasets/s1gfloods/Label/image_2841.png
image_5072,data/datasets/s1gfloods/A/image_5072.png,data/datasets/s1gfloods/B/image_5072.png,data/datasets/s1gfloods/Label/image_5072.png
image_525,data/datasets/s1gfloods/A/image_525.png,data/datasets/s1gfloods/B/image_525.png,data/datasets/s1gfloods/Label/image_525.png
image_2641,data/datasets/s1gfloods/A/image_2641.png,data/datasets/s1gfloods/B/image_2641.png,data/datasets/s1gfloods/Label/image_2641.png
image_5061,data/datasets/s1gfloods/A/image_5061.png,data/datasets/s1gfloods/B/image_5061.png,data/datasets/s1gfloods/Label/image_5061.png
image_2025,data/datasets/s1gfloods/A/image_2025.png,data/datasets/s1gfloods/B/image_2025.png,data/datasets/s1gfloods/Label/image_2025.png
image_4264,data/datasets/s1gfloods/A/image_4264.png,data/datasets/s1gfloods/B/image_4264.png,data/datasets/s1gfloods/Label/image_4264.png
image_168,data/datasets/s1gfloods/A/image_168.png,data/datasets/s1gfloods/B/image_168.png,data/datasets/s1gfloods/Label/image_168.png
image_1977,data/datasets/s1gfloods/A/image_1977.png,data/datasets/s1gfloods/B/image_1977.png,data/datasets/s1gfloods/Label/image_1977.png
image_251,data/datasets/s1gfloods/A/image_251.png,data/datasets/s1gfloods/B/image_251.png,data/datasets/s1gfloods/Label/image_251.png
image_446,data/datasets/s1gfloods/A/image_446.png,data/datasets/s1gfloods/B/image_446.png,data/datasets/s1gfloods/Label/image_446.png
image_5172,data/datasets/s1gfloods/A/image_5172.png,data/datasets/s1gfloods/B/image_5172.png,data/datasets/s1gfloods/Label/image_5172.png
image_1329,data/datasets/s1gfloods/A/image_1329.png,data/datasets/s1gfloods/B/image_1329.png,data/datasets/s1gfloods/Label/image_1329.png
image_622,data/datasets/s1gfloods/A/image_622.png,data/datasets/s1gfloods/B/image_622.png,data/datasets/s1gfloods/Label/image_622.png
image_4788,data/datasets/s1gfloods/A/image_4788.png,data/datasets/s1gfloods/B/image_4788.png,data/datasets/s1gfloods/Label/image_4788.png
image_4838,data/datasets/s1gfloods/A/image_4838.png,data/datasets/s1gfloods/B/image_4838.png,data/datasets/s1gfloods/Label/image_4838.png
image_2076,data/datasets/s1gfloods/A/image_2076.png,data/datasets/s1gfloods/B/image_2076.png,data/datasets/s1gfloods/Label/image_2076.png
image_3602,data/datasets/s1gfloods/A/image_3602.png,data/datasets/s1gfloods/B/image_3602.png,data/datasets/s1gfloods/Label/image_3602.png
image_937,data/datasets/s1gfloods/A/image_937.png,data/datasets/s1gfloods/B/image_937.png,data/datasets/s1gfloods/Label/image_937.png
image_3787,data/datasets/s1gfloods/A/image_3787.png,data/datasets/s1gfloods/B/image_3787.png,data/datasets/s1gfloods/Label/image_3787.png
image_3016,data/datasets/s1gfloods/A/image_3016.png,data/datasets/s1gfloods/B/image_3016.png,data/datasets/s1gfloods/Label/image_3016.png
image_4269,data/datasets/s1gfloods/A/image_4269.png,data/datasets/s1gfloods/B/image_4269.png,data/datasets/s1gfloods/Label/image_4269.png
image_2941,data/datasets/s1gfloods/A/image_2941.png,data/datasets/s1gfloods/B/image_2941.png,data/datasets/s1gfloods/Label/image_2941.png
image_3569,data/datasets/s1gfloods/A/image_3569.png,data/datasets/s1gfloods/B/image_3569.png,data/datasets/s1gfloods/Label/image_3569.png
image_559,data/datasets/s1gfloods/A/image_559.png,data/datasets/s1gfloods/B/image_559.png,data/datasets/s1gfloods/Label/image_559.png
image_3056,data/datasets/s1gfloods/A/image_3056.png,data/datasets/s1gfloods/B/image_3056.png,data/datasets/s1gfloods/Label/image_3056.png
image_2020,data/datasets/s1gfloods/A/image_2020.png,data/datasets/s1gfloods/B/image_2020.png,data/datasets/s1gfloods/Label/image_2020.png
image_315,data/datasets/s1gfloods/A/image_315.png,data/datasets/s1gfloods/B/image_315.png,data/datasets/s1gfloods/Label/image_315.png
image_2657,data/datasets/s1gfloods/A/image_2657.png,data/datasets/s1gfloods/B/image_2657.png,data/datasets/s1gfloods/Label/image_2657.png
image_4555,data/datasets/s1gfloods/A/image_4555.png,data/datasets/s1gfloods/B/image_4555.png,data/datasets/s1gfloods/Label/image_4555.png
image_2709,data/datasets/s1gfloods/A/image_2709.png,data/datasets/s1gfloods/B/image_2709.png,data/datasets/s1gfloods/Label/image_2709.png
image_1565,data/datasets/s1gfloods/A/image_1565.png,data/datasets/s1gfloods/B/image_1565.png,data/datasets/s1gfloods/Label/image_1565.png
image_3986,data/datasets/s1gfloods/A/image_3986.png,data/datasets/s1gfloods/B/image_3986.png,data/datasets/s1gfloods/Label/image_3986.png
image_2933,data/datasets/s1gfloods/A/image_2933.png,data/datasets/s1gfloods/B/image_2933.png,data/datasets/s1gfloods/Label/image_2933.png
image_3912,data/datasets/s1gfloods/A/image_3912.png,data/datasets/s1gfloods/B/image_3912.png,data/datasets/s1gfloods/Label/image_3912.png
image_1582,data/datasets/s1gfloods/A/image_1582.png,data/datasets/s1gfloods/B/image_1582.png,data/datasets/s1gfloods/Label/image_1582.png
image_2568,data/datasets/s1gfloods/A/image_2568.png,data/datasets/s1gfloods/B/image_2568.png,data/datasets/s1gfloods/Label/image_2568.png
image_4047,data/datasets/s1gfloods/A/image_4047.png,data/datasets/s1gfloods/B/image_4047.png,data/datasets/s1gfloods/Label/image_4047.png
image_4044,data/datasets/s1gfloods/A/image_4044.png,data/datasets/s1gfloods/B/image_4044.png,data/datasets/s1gfloods/Label/image_4044.png
image_4943,data/datasets/s1gfloods/A/image_4943.png,data/datasets/s1gfloods/B/image_4943.png,data/datasets/s1gfloods/Label/image_4943.png
image_1694,data/datasets/s1gfloods/A/image_1694.png,data/datasets/s1gfloods/B/image_1694.png,data/datasets/s1gfloods/Label/image_1694.png
image_1919,data/datasets/s1gfloods/A/image_1919.png,data/datasets/s1gfloods/B/image_1919.png,data/datasets/s1gfloods/Label/image_1919.png
image_3581,data/datasets/s1gfloods/A/image_3581.png,data/datasets/s1gfloods/B/image_3581.png,data/datasets/s1gfloods/Label/image_3581.png
image_4538,data/datasets/s1gfloods/A/image_4538.png,data/datasets/s1gfloods/B/image_4538.png,data/datasets/s1gfloods/Label/image_4538.png
image_1042,data/datasets/s1gfloods/A/image_1042.png,data/datasets/s1gfloods/B/image_1042.png,data/datasets/s1gfloods/Label/image_1042.png
image_2694,data/datasets/s1gfloods/A/image_2694.png,data/datasets/s1gfloods/B/image_2694.png,data/datasets/s1gfloods/Label/image_2694.png
image_4155,data/datasets/s1gfloods/A/image_4155.png,data/datasets/s1gfloods/B/image_4155.png,data/datasets/s1gfloods/Label/image_4155.png
image_5230,data/datasets/s1gfloods/A/image_5230.png,data/datasets/s1gfloods/B/image_5230.png,data/datasets/s1gfloods/Label/image_5230.png
image_1089,data/datasets/s1gfloods/A/image_1089.png,data/datasets/s1gfloods/B/image_1089.png,data/datasets/s1gfloods/Label/image_1089.png
image_4797,data/datasets/s1gfloods/A/image_4797.png,data/datasets/s1gfloods/B/image_4797.png,data/datasets/s1gfloods/Label/image_4797.png
image_5209,data/datasets/s1gfloods/A/image_5209.png,data/datasets/s1gfloods/B/image_5209.png,data/datasets/s1gfloods/Label/image_5209.png
image_2636,data/datasets/s1gfloods/A/image_2636.png,data/datasets/s1gfloods/B/image_2636.png,data/datasets/s1gfloods/Label/image_2636.png
image_5241,data/datasets/s1gfloods/A/image_5241.png,data/datasets/s1gfloods/B/image_5241.png,data/datasets/s1gfloods/Label/image_5241.png
image_3022,data/datasets/s1gfloods/A/image_3022.png,data/datasets/s1gfloods/B/image_3022.png,data/datasets/s1gfloods/Label/image_3022.png
image_544,data/datasets/s1gfloods/A/image_544.png,data/datasets/s1gfloods/B/image_544.png,data/datasets/s1gfloods/Label/image_544.png
image_3159,data/datasets/s1gfloods/A/image_3159.png,data/datasets/s1gfloods/B/image_3159.png,data/datasets/s1gfloods/Label/image_3159.png
image_2597,data/datasets/s1gfloods/A/image_2597.png,data/datasets/s1gfloods/B/image_2597.png,data/datasets/s1gfloods/Label/image_2597.png
image_4450,data/datasets/s1gfloods/A/image_4450.png,data/datasets/s1gfloods/B/image_4450.png,data/datasets/s1gfloods/Label/image_4450.png
image_4792,data/datasets/s1gfloods/A/image_4792.png,data/datasets/s1gfloods/B/image_4792.png,data/datasets/s1gfloods/Label/image_4792.png
image_5086,data/datasets/s1gfloods/A/image_5086.png,data/datasets/s1gfloods/B/image_5086.png,data/datasets/s1gfloods/Label/image_5086.png
image_1008,data/datasets/s1gfloods/A/image_1008.png,data/datasets/s1gfloods/B/image_1008.png,data/datasets/s1gfloods/Label/image_1008.png
image_1092,data/datasets/s1gfloods/A/image_1092.png,data/datasets/s1gfloods/B/image_1092.png,data/datasets/s1gfloods/Label/image_1092.png
image_2804,data/datasets/s1gfloods/A/image_2804.png,data/datasets/s1gfloods/B/image_2804.png,data/datasets/s1gfloods/Label/image_2804.png
image_169,data/datasets/s1gfloods/A/image_169.png,data/datasets/s1gfloods/B/image_169.png,data/datasets/s1gfloods/Label/image_169.png
image_1053,data/datasets/s1gfloods/A/image_1053.png,data/datasets/s1gfloods/B/image_1053.png,data/datasets/s1gfloods/Label/image_1053.png
image_1477,data/datasets/s1gfloods/A/image_1477.png,data/datasets/s1gfloods/B/image_1477.png,data/datasets/s1gfloods/Label/image_1477.png
image_665,data/datasets/s1gfloods/A/image_665.png,data/datasets/s1gfloods/B/image_665.png,data/datasets/s1gfloods/Label/image_665.png
image_3825,data/datasets/s1gfloods/A/image_3825.png,data/datasets/s1gfloods/B/image_3825.png,data/datasets/s1gfloods/Label/image_3825.png
image_527,data/datasets/s1gfloods/A/image_527.png,data/datasets/s1gfloods/B/image_527.png,data/datasets/s1gfloods/Label/image_527.png
image_4316,data/datasets/s1gfloods/A/image_4316.png,data/datasets/s1gfloods/B/image_4316.png,data/datasets/s1gfloods/Label/image_4316.png
image_47,data/datasets/s1gfloods/A/image_47.png,data/datasets/s1gfloods/B/image_47.png,data/datasets/s1gfloods/Label/image_47.png
image_4358,data/datasets/s1gfloods/A/image_4358.png,data/datasets/s1gfloods/B/image_4358.png,data/datasets/s1gfloods/Label/image_4358.png
image_3410,data/datasets/s1gfloods/A/image_3410.png,data/datasets/s1gfloods/B/image_3410.png,data/datasets/s1gfloods/Label/image_3410.png
image_2108,data/datasets/s1gfloods/A/image_2108.png,data/datasets/s1gfloods/B/image_2108.png,data/datasets/s1gfloods/Label/image_2108.png
image_2883,data/datasets/s1gfloods/A/image_2883.png,data/datasets/s1gfloods/B/image_2883.png,data/datasets/s1gfloods/Label/image_2883.png
image_2949,data/datasets/s1gfloods/A/image_2949.png,data/datasets/s1gfloods/B/image_2949.png,data/datasets/s1gfloods/Label/image_2949.png
image_3401,data/datasets/s1gfloods/A/image_3401.png,data/datasets/s1gfloods/B/image_3401.png,data/datasets/s1gfloods/Label/image_3401.png
image_902,data/datasets/s1gfloods/A/image_902.png,data/datasets/s1gfloods/B/image_902.png,data/datasets/s1gfloods/Label/image_902.png
image_4741,data/datasets/s1gfloods/A/image_4741.png,data/datasets/s1gfloods/B/image_4741.png,data/datasets/s1gfloods/Label/image_4741.png
image_2097,data/datasets/s1gfloods/A/image_2097.png,data/datasets/s1gfloods/B/image_2097.png,data/datasets/s1gfloods/Label/image_2097.png
image_2207,data/datasets/s1gfloods/A/image_2207.png,data/datasets/s1gfloods/B/image_2207.png,data/datasets/s1gfloods/Label/image_2207.png
image_1166,data/datasets/s1gfloods/A/image_1166.png,data/datasets/s1gfloods/B/image_1166.png,data/datasets/s1gfloods/Label/image_1166.png
image_3976,data/datasets/s1gfloods/A/image_3976.png,data/datasets/s1gfloods/B/image_3976.png,data/datasets/s1gfloods/Label/image_3976.png
image_268,data/datasets/s1gfloods/A/image_268.png,data/datasets/s1gfloods/B/image_268.png,data/datasets/s1gfloods/Label/image_268.png
image_3484,data/datasets/s1gfloods/A/image_3484.png,data/datasets/s1gfloods/B/image_3484.png,data/datasets/s1gfloods/Label/image_3484.png
image_4345,data/datasets/s1gfloods/A/image_4345.png,data/datasets/s1gfloods/B/image_4345.png,data/datasets/s1gfloods/Label/image_4345.png
image_3550,data/datasets/s1gfloods/A/image_3550.png,data/datasets/s1gfloods/B/image_3550.png,data/datasets/s1gfloods/Label/image_3550.png
image_428,data/datasets/s1gfloods/A/image_428.png,data/datasets/s1gfloods/B/image_428.png,data/datasets/s1gfloods/Label/image_428.png
image_3341,data/datasets/s1gfloods/A/image_3341.png,data/datasets/s1gfloods/B/image_3341.png,data/datasets/s1gfloods/Label/image_3341.png
image_2749,data/datasets/s1gfloods/A/image_2749.png,data/datasets/s1gfloods/B/image_2749.png,data/datasets/s1gfloods/Label/image_2749.png
image_2043,data/datasets/s1gfloods/A/image_2043.png,data/datasets/s1gfloods/B/image_2043.png,data/datasets/s1gfloods/Label/image_2043.png
image_1640,data/datasets/s1gfloods/A/image_1640.png,data/datasets/s1gfloods/B/image_1640.png,data/datasets/s1gfloods/Label/image_1640.png
image_297,data/datasets/s1gfloods/A/image_297.png,data/datasets/s1gfloods/B/image_297.png,data/datasets/s1gfloods/Label/image_297.png
image_4917,data/datasets/s1gfloods/A/image_4917.png,data/datasets/s1gfloods/B/image_4917.png,data/datasets/s1gfloods/Label/image_4917.png
image_4441,data/datasets/s1gfloods/A/image_4441.png,data/datasets/s1gfloods/B/image_4441.png,data/datasets/s1gfloods/Label/image_4441.png
image_388,data/datasets/s1gfloods/A/image_388.png,data/datasets/s1gfloods/B/image_388.png,data/datasets/s1gfloods/Label/image_388.png
image_4019,data/datasets/s1gfloods/A/image_4019.png,data/datasets/s1gfloods/B/image_4019.png,data/datasets/s1gfloods/Label/image_4019.png
image_4409,data/datasets/s1gfloods/A/image_4409.png,data/datasets/s1gfloods/B/image_4409.png,data/datasets/s1gfloods/Label/image_4409.png
image_2371,data/datasets/s1gfloods/A/image_2371.png,data/datasets/s1gfloods/B/image_2371.png,data/datasets/s1gfloods/Label/image_2371.png
image_4070,data/datasets/s1gfloods/A/image_4070.png,data/datasets/s1gfloods/B/image_4070.png,data/datasets/s1gfloods/Label/image_4070.png
image_2944,data/datasets/s1gfloods/A/image_2944.png,data/datasets/s1gfloods/B/image_2944.png,data/datasets/s1gfloods/Label/image_2944.png
image_2786,data/datasets/s1gfloods/A/image_2786.png,data/datasets/s1gfloods/B/image_2786.png,data/datasets/s1gfloods/Label/image_2786.png
image_404,data/datasets/s1gfloods/A/image_404.png,data/datasets/s1gfloods/B/image_404.png,data/datasets/s1gfloods/Label/image_404.png
image_826,data/datasets/s1gfloods/A/image_826.png,data/datasets/s1gfloods/B/image_826.png,data/datasets/s1gfloods/Label/image_826.png
image_1601,data/datasets/s1gfloods/A/image_1601.png,data/datasets/s1gfloods/B/image_1601.png,data/datasets/s1gfloods/Label/image_1601.png
image_4846,data/datasets/s1gfloods/A/image_4846.png,data/datasets/s1gfloods/B/image_4846.png,data/datasets/s1gfloods/Label/image_4846.png
image_3798,data/datasets/s1gfloods/A/image_3798.png,data/datasets/s1gfloods/B/image_3798.png,data/datasets/s1gfloods/Label/image_3798.png
image_490,data/datasets/s1gfloods/A/image_490.png,data/datasets/s1gfloods/B/image_490.png,data/datasets/s1gfloods/Label/image_490.png
image_2535,data/datasets/s1gfloods/A/image_2535.png,data/datasets/s1gfloods/B/image_2535.png,data/datasets/s1gfloods/Label/image_2535.png
image_4027,data/datasets/s1gfloods/A/image_4027.png,data/datasets/s1gfloods/B/image_4027.png,data/datasets/s1gfloods/Label/image_4027.png
image_4552,data/datasets/s1gfloods/A/image_4552.png,data/datasets/s1gfloods/B/image_4552.png,data/datasets/s1gfloods/Label/image_4552.png
image_4072,data/datasets/s1gfloods/A/image_4072.png,data/datasets/s1gfloods/B/image_4072.png,data/datasets/s1gfloods/Label/image_4072.png
image_1861,data/datasets/s1gfloods/A/image_1861.png,data/datasets/s1gfloods/B/image_1861.png,data/datasets/s1gfloods/Label/image_1861.png
image_2342,data/datasets/s1gfloods/A/image_2342.png,data/datasets/s1gfloods/B/image_2342.png,data/datasets/s1gfloods/Label/image_2342.png
image_4242,data/datasets/s1gfloods/A/image_4242.png,data/datasets/s1gfloods/B/image_4242.png,data/datasets/s1gfloods/Label/image_4242.png
image_4721,data/datasets/s1gfloods/A/image_4721.png,data/datasets/s1gfloods/B/image_4721.png,data/datasets/s1gfloods/Label/image_4721.png
image_1378,data/datasets/s1gfloods/A/image_1378.png,data/datasets/s1gfloods/B/image_1378.png,data/datasets/s1gfloods/Label/image_1378.png
image_412,data/datasets/s1gfloods/A/image_412.png,data/datasets/s1gfloods/B/image_412.png,data/datasets/s1gfloods/Label/image_412.png
image_4398,data/datasets/s1gfloods/A/image_4398.png,data/datasets/s1gfloods/B/image_4398.png,data/datasets/s1gfloods/Label/image_4398.png
image_417,data/datasets/s1gfloods/A/image_417.png,data/datasets/s1gfloods/B/image_417.png,data/datasets/s1gfloods/Label/image_417.png
image_3021,data/datasets/s1gfloods/A/image_3021.png,data/datasets/s1gfloods/B/image_3021.png,data/datasets/s1gfloods/Label/image_3021.png
image_3390,data/datasets/s1gfloods/A/image_3390.png,data/datasets/s1gfloods/B/image_3390.png,data/datasets/s1gfloods/Label/image_3390.png
image_2637,data/datasets/s1gfloods/A/image_2637.png,data/datasets/s1gfloods/B/image_2637.png,data/datasets/s1gfloods/Label/image_2637.png
image_3521,data/datasets/s1gfloods/A/image_3521.png,data/datasets/s1gfloods/B/image_3521.png,data/datasets/s1gfloods/Label/image_3521.png
image_3842,data/datasets/s1gfloods/A/image_3842.png,data/datasets/s1gfloods/B/image_3842.png,data/datasets/s1gfloods/Label/image_3842.png
image_4793,data/datasets/s1gfloods/A/image_4793.png,data/datasets/s1gfloods/B/image_4793.png,data/datasets/s1gfloods/Label/image_4793.png
image_97,data/datasets/s1gfloods/A/image_97.png,data/datasets/s1gfloods/B/image_97.png,data/datasets/s1gfloods/Label/image_97.png
image_2495,data/datasets/s1gfloods/A/image_2495.png,data/datasets/s1gfloods/B/image_2495.png,data/datasets/s1gfloods/Label/image_2495.png
image_4439,data/datasets/s1gfloods/A/image_4439.png,data/datasets/s1gfloods/B/image_4439.png,data/datasets/s1gfloods/Label/image_4439.png
image_5006,data/datasets/s1gfloods/A/image_5006.png,data/datasets/s1gfloods/B/image_5006.png,data/datasets/s1gfloods/Label/image_5006.png
image_2322,data/datasets/s1gfloods/A/image_2322.png,data/datasets/s1gfloods/B/image_2322.png,data/datasets/s1gfloods/Label/image_2322.png
image_3470,data/datasets/s1gfloods/A/image_3470.png,data/datasets/s1gfloods/B/image_3470.png,data/datasets/s1gfloods/Label/image_3470.png
image_1328,data/datasets/s1gfloods/A/image_1328.png,data/datasets/s1gfloods/B/image_1328.png,data/datasets/s1gfloods/Label/image_1328.png
image_2487,data/datasets/s1gfloods/A/image_2487.png,data/datasets/s1gfloods/B/image_2487.png,data/datasets/s1gfloods/Label/image_2487.png
image_829,data/datasets/s1gfloods/A/image_829.png,data/datasets/s1gfloods/B/image_829.png,data/datasets/s1gfloods/Label/image_829.png
image_2437,data/datasets/s1gfloods/A/image_2437.png,data/datasets/s1gfloods/B/image_2437.png,data/datasets/s1gfloods/Label/image_2437.png
image_2399,data/datasets/s1gfloods/A/image_2399.png,data/datasets/s1gfloods/B/image_2399.png,data/datasets/s1gfloods/Label/image_2399.png
image_3290,data/datasets/s1gfloods/A/image_3290.png,data/datasets/s1gfloods/B/image_3290.png,data/datasets/s1gfloods/Label/image_3290.png
image_28,data/datasets/s1gfloods/A/image_28.png,data/datasets/s1gfloods/B/image_28.png,data/datasets/s1gfloods/Label/image_28.png
image_939,data/datasets/s1gfloods/A/image_939.png,data/datasets/s1gfloods/B/image_939.png,data/datasets/s1gfloods/Label/image_939.png
image_5096,data/datasets/s1gfloods/A/image_5096.png,data/datasets/s1gfloods/B/image_5096.png,data/datasets/s1gfloods/Label/image_5096.png
image_1292,data/datasets/s1gfloods/A/image_1292.png,data/datasets/s1gfloods/B/image_1292.png,data/datasets/s1gfloods/Label/image_1292.png
image_5059,data/datasets/s1gfloods/A/image_5059.png,data/datasets/s1gfloods/B/image_5059.png,data/datasets/s1gfloods/Label/image_5059.png
image_2479,data/datasets/s1gfloods/A/image_2479.png,data/datasets/s1gfloods/B/image_2479.png,data/datasets/s1gfloods/Label/image_2479.png
image_1289,data/datasets/s1gfloods/A/image_1289.png,data/datasets/s1gfloods/B/image_1289.png,data/datasets/s1gfloods/Label/image_1289.png
image_3615,data/datasets/s1gfloods/A/image_3615.png,data/datasets/s1gfloods/B/image_3615.png,data/datasets/s1gfloods/Label/image_3615.png
image_1814,data/datasets/s1gfloods/A/image_1814.png,data/datasets/s1gfloods/B/image_1814.png,data/datasets/s1gfloods/Label/image_1814.png
image_4426,data/datasets/s1gfloods/A/image_4426.png,data/datasets/s1gfloods/B/image_4426.png,data/datasets/s1gfloods/Label/image_4426.png
image_1118,data/datasets/s1gfloods/A/image_1118.png,data/datasets/s1gfloods/B/image_1118.png,data/datasets/s1gfloods/Label/image_1118.png
image_1661,data/datasets/s1gfloods/A/image_1661.png,data/datasets/s1gfloods/B/image_1661.png,data/datasets/s1gfloods/Label/image_1661.png
image_3655,data/datasets/s1gfloods/A/image_3655.png,data/datasets/s1gfloods/B/image_3655.png,data/datasets/s1gfloods/Label/image_3655.png
image_1553,data/datasets/s1gfloods/A/image_1553.png,data/datasets/s1gfloods/B/image_1553.png,data/datasets/s1gfloods/Label/image_1553.png
image_5320,data/datasets/s1gfloods/A/image_5320.png,data/datasets/s1gfloods/B/image_5320.png,data/datasets/s1gfloods/Label/image_5320.png
image_1169,data/datasets/s1gfloods/A/image_1169.png,data/datasets/s1gfloods/B/image_1169.png,data/datasets/s1gfloods/Label/image_1169.png
image_5359,data/datasets/s1gfloods/A/image_5359.png,data/datasets/s1gfloods/B/image_5359.png,data/datasets/s1gfloods/Label/image_5359.png
image_5194,data/datasets/s1gfloods/A/image_5194.png,data/datasets/s1gfloods/B/image_5194.png,data/datasets/s1gfloods/Label/image_5194.png
image_4215,data/datasets/s1gfloods/A/image_4215.png,data/datasets/s1gfloods/B/image_4215.png,data/datasets/s1gfloods/Label/image_4215.png
image_279,data/datasets/s1gfloods/A/image_279.png,data/datasets/s1gfloods/B/image_279.png,data/datasets/s1gfloods/Label/image_279.png
image_1608,data/datasets/s1gfloods/A/image_1608.png,data/datasets/s1gfloods/B/image_1608.png,data/datasets/s1gfloods/Label/image_1608.png
image_5228,data/datasets/s1gfloods/A/image_5228.png,data/datasets/s1gfloods/B/image_5228.png,data/datasets/s1gfloods/Label/image_5228.png
image_335,data/datasets/s1gfloods/A/image_335.png,data/datasets/s1gfloods/B/image_335.png,data/datasets/s1gfloods/Label/image_335.png
image_1036,data/datasets/s1gfloods/A/image_1036.png,data/datasets/s1gfloods/B/image_1036.png,data/datasets/s1gfloods/Label/image_1036.png
image_651,data/datasets/s1gfloods/A/image_651.png,data/datasets/s1gfloods/B/image_651.png,data/datasets/s1gfloods/Label/image_651.png
image_1624,data/datasets/s1gfloods/A/image_1624.png,data/datasets/s1gfloods/B/image_1624.png,data/datasets/s1gfloods/Label/image_1624.png
image_2299,data/datasets/s1gfloods/A/image_2299.png,data/datasets/s1gfloods/B/image_2299.png,data/datasets/s1gfloods/Label/image_2299.png
image_3746,data/datasets/s1gfloods/A/image_3746.png,data/datasets/s1gfloods/B/image_3746.png,data/datasets/s1gfloods/Label/image_3746.png
image_1967,data/datasets/s1gfloods/A/image_1967.png,data/datasets/s1gfloods/B/image_1967.png,data/datasets/s1gfloods/Label/image_1967.png
image_4617,data/datasets/s1gfloods/A/image_4617.png,data/datasets/s1gfloods/B/image_4617.png,data/datasets/s1gfloods/Label/image_4617.png
image_1546,data/datasets/s1gfloods/A/image_1546.png,data/datasets/s1gfloods/B/image_1546.png,data/datasets/s1gfloods/Label/image_1546.png
image_3429,data/datasets/s1gfloods/A/image_3429.png,data/datasets/s1gfloods/B/image_3429.png,data/datasets/s1gfloods/Label/image_3429.png
image_2556,data/datasets/s1gfloods/A/image_2556.png,data/datasets/s1gfloods/B/image_2556.png,data/datasets/s1gfloods/Label/image_2556.png
image_2989,data/datasets/s1gfloods/A/image_2989.png,data/datasets/s1gfloods/B/image_2989.png,data/datasets/s1gfloods/Label/image_2989.png
image_1579,data/datasets/s1gfloods/A/image_1579.png,data/datasets/s1gfloods/B/image_1579.png,data/datasets/s1gfloods/Label/image_1579.png
image_5092,data/datasets/s1gfloods/A/image_5092.png,data/datasets/s1gfloods/B/image_5092.png,data/datasets/s1gfloods/Label/image_5092.png
image_4801,data/datasets/s1gfloods/A/image_4801.png,data/datasets/s1gfloods/B/image_4801.png,data/datasets/s1gfloods/Label/image_4801.png
image_5236,data/datasets/s1gfloods/A/image_5236.png,data/datasets/s1gfloods/B/image_5236.png,data/datasets/s1gfloods/Label/image_5236.png
image_4363,data/datasets/s1gfloods/A/image_4363.png,data/datasets/s1gfloods/B/image_4363.png,data/datasets/s1gfloods/Label/image_4363.png
image_4097,data/datasets/s1gfloods/A/image_4097.png,data/datasets/s1gfloods/B/image_4097.png,data/datasets/s1gfloods/Label/image_4097.png
image_3394,data/datasets/s1gfloods/A/image_3394.png,data/datasets/s1gfloods/B/image_3394.png,data/datasets/s1gfloods/Label/image_3394.png
image_4317,data/datasets/s1gfloods/A/image_4317.png,data/datasets/s1gfloods/B/image_4317.png,data/datasets/s1gfloods/Label/image_4317.png
image_284,data/datasets/s1gfloods/A/image_284.png,data/datasets/s1gfloods/B/image_284.png,data/datasets/s1gfloods/Label/image_284.png
image_3750,data/datasets/s1gfloods/A/image_3750.png,data/datasets/s1gfloods/B/image_3750.png,data/datasets/s1gfloods/Label/image_3750.png
image_1285,data/datasets/s1gfloods/A/image_1285.png,data/datasets/s1gfloods/B/image_1285.png,data/datasets/s1gfloods/Label/image_1285.png
image_4087,data/datasets/s1gfloods/A/image_4087.png,data/datasets/s1gfloods/B/image_4087.png,data/datasets/s1gfloods/Label/image_4087.png
image_1108,data/datasets/s1gfloods/A/image_1108.png,data/datasets/s1gfloods/B/image_1108.png,data/datasets/s1gfloods/Label/image_1108.png
image_3609,data/datasets/s1gfloods/A/image_3609.png,data/datasets/s1gfloods/B/image_3609.png,data/datasets/s1gfloods/Label/image_3609.png
image_3872,data/datasets/s1gfloods/A/image_3872.png,data/datasets/s1gfloods/B/image_3872.png,data/datasets/s1gfloods/Label/image_3872.png
image_2558,data/datasets/s1gfloods/A/image_2558.png,data/datasets/s1gfloods/B/image_2558.png,data/datasets/s1gfloods/Label/image_2558.png
image_1662,data/datasets/s1gfloods/A/image_1662.png,data/datasets/s1gfloods/B/image_1662.png,data/datasets/s1gfloods/Label/image_1662.png
image_3018,data/datasets/s1gfloods/A/image_3018.png,data/datasets/s1gfloods/B/image_3018.png,data/datasets/s1gfloods/Label/image_3018.png
image_194,data/datasets/s1gfloods/A/image_194.png,data/datasets/s1gfloods/B/image_194.png,data/datasets/s1gfloods/Label/image_194.png
image_1244,data/datasets/s1gfloods/A/image_1244.png,data/datasets/s1gfloods/B/image_1244.png,data/datasets/s1gfloods/Label/image_1244.png
image_4095,data/datasets/s1gfloods/A/image_4095.png,data/datasets/s1gfloods/B/image_4095.png,data/datasets/s1gfloods/Label/image_4095.png
image_4084,data/datasets/s1gfloods/A/image_4084.png,data/datasets/s1gfloods/B/image_4084.png,data/datasets/s1gfloods/Label/image_4084.png
image_3138,data/datasets/s1gfloods/A/image_3138.png,data/datasets/s1gfloods/B/image_3138.png,data/datasets/s1gfloods/Label/image_3138.png
image_2992,data/datasets/s1gfloods/A/image_2992.png,data/datasets/s1gfloods/B/image_2992.png,data/datasets/s1gfloods/Label/image_2992.png
image_3054,data/datasets/s1gfloods/A/image_3054.png,data/datasets/s1gfloods/B/image_3054.png,data/datasets/s1gfloods/Label/image_3054.png
image_696,data/datasets/s1gfloods/A/image_696.png,data/datasets/s1gfloods/B/image_696.png,data/datasets/s1gfloods/Label/image_696.png
image_998,data/datasets/s1gfloods/A/image_998.png,data/datasets/s1gfloods/B/image_998.png,data/datasets/s1gfloods/Label/image_998.png
image_929,data/datasets/s1gfloods/A/image_929.png,data/datasets/s1gfloods/B/image_929.png,data/datasets/s1gfloods/Label/image_929.png
image_5212,data/datasets/s1gfloods/A/image_5212.png,data/datasets/s1gfloods/B/image_5212.png,data/datasets/s1gfloods/Label/image_5212.png
image_1218,data/datasets/s1gfloods/A/image_1218.png,data/datasets/s1gfloods/B/image_1218.png,data/datasets/s1gfloods/Label/image_1218.png
image_94,data/datasets/s1gfloods/A/image_94.png,data/datasets/s1gfloods/B/image_94.png,data/datasets/s1gfloods/Label/image_94.png
image_1709,data/datasets/s1gfloods/A/image_1709.png,data/datasets/s1gfloods/B/image_1709.png,data/datasets/s1gfloods/Label/image_1709.png
image_1483,data/datasets/s1gfloods/A/image_1483.png,data/datasets/s1gfloods/B/image_1483.png,data/datasets/s1gfloods/Label/image_1483.png
image_3843,data/datasets/s1gfloods/A/image_3843.png,data/datasets/s1gfloods/B/image_3843.png,data/datasets/s1gfloods/Label/image_3843.png
image_3954,data/datasets/s1gfloods/A/image_3954.png,data/datasets/s1gfloods/B/image_3954.png,data/datasets/s1gfloods/Label/image_3954.png
image_3858,data/datasets/s1gfloods/A/image_3858.png,data/datasets/s1gfloods/B/image_3858.png,data/datasets/s1gfloods/Label/image_3858.png
image_3100,data/datasets/s1gfloods/A/image_3100.png,data/datasets/s1gfloods/B/image_3100.png,data/datasets/s1gfloods/Label/image_3100.png
image_3169,data/datasets/s1gfloods/A/image_3169.png,data/datasets/s1gfloods/B/image_3169.png,data/datasets/s1gfloods/Label/image_3169.png
image_2698,data/datasets/s1gfloods/A/image_2698.png,data/datasets/s1gfloods/B/image_2698.png,data/datasets/s1gfloods/Label/image_2698.png
image_324,data/datasets/s1gfloods/A/image_324.png,data/datasets/s1gfloods/B/image_324.png,data/datasets/s1gfloods/Label/image_324.png
image_2866,data/datasets/s1gfloods/A/image_2866.png,data/datasets/s1gfloods/B/image_2866.png,data/datasets/s1gfloods/Label/image_2866.png
image_1995,data/datasets/s1gfloods/A/image_1995.png,data/datasets/s1gfloods/B/image_1995.png,data/datasets/s1gfloods/Label/image_1995.png
image_2876,data/datasets/s1gfloods/A/image_2876.png,data/datasets/s1gfloods/B/image_2876.png,data/datasets/s1gfloods/Label/image_2876.png
image_775,data/datasets/s1gfloods/A/image_775.png,data/datasets/s1gfloods/B/image_775.png,data/datasets/s1gfloods/Label/image_775.png
image_613,data/datasets/s1gfloods/A/image_613.png,data/datasets/s1gfloods/B/image_613.png,data/datasets/s1gfloods/Label/image_613.png
image_4758,data/datasets/s1gfloods/A/image_4758.png,data/datasets/s1gfloods/B/image_4758.png,data/datasets/s1gfloods/Label/image_4758.png
image_3818,data/datasets/s1gfloods/A/image_3818.png,data/datasets/s1gfloods/B/image_3818.png,data/datasets/s1gfloods/Label/image_3818.png
image_4739,data/datasets/s1gfloods/A/image_4739.png,data/datasets/s1gfloods/B/image_4739.png,data/datasets/s1gfloods/Label/image_4739.png
image_3092,data/datasets/s1gfloods/A/image_3092.png,data/datasets/s1gfloods/B/image_3092.png,data/datasets/s1gfloods/Label/image_3092.png
image_3438,data/datasets/s1gfloods/A/image_3438.png,data/datasets/s1gfloods/B/image_3438.png,data/datasets/s1gfloods/Label/image_3438.png
image_977,data/datasets/s1gfloods/A/image_977.png,data/datasets/s1gfloods/B/image_977.png,data/datasets/s1gfloods/Label/image_977.png
image_755,data/datasets/s1gfloods/A/image_755.png,data/datasets/s1gfloods/B/image_755.png,data/datasets/s1gfloods/Label/image_755.png
image_3036,data/datasets/s1gfloods/A/image_3036.png,data/datasets/s1gfloods/B/image_3036.png,data/datasets/s1gfloods/Label/image_3036.png
image_5334,data/datasets/s1gfloods/A/image_5334.png,data/datasets/s1gfloods/B/image_5334.png,data/datasets/s1gfloods/Label/image_5334.png
image_4268,data/datasets/s1gfloods/A/image_4268.png,data/datasets/s1gfloods/B/image_4268.png,data/datasets/s1gfloods/Label/image_4268.png
image_2684,data/datasets/s1gfloods/A/image_2684.png,data/datasets/s1gfloods/B/image_2684.png,data/datasets/s1gfloods/Label/image_2684.png
image_3359,data/datasets/s1gfloods/A/image_3359.png,data/datasets/s1gfloods/B/image_3359.png,data/datasets/s1gfloods/Label/image_3359.png
image_1475,data/datasets/s1gfloods/A/image_1475.png,data/datasets/s1gfloods/B/image_1475.png,data/datasets/s1gfloods/Label/image_1475.png
image_126,data/datasets/s1gfloods/A/image_126.png,data/datasets/s1gfloods/B/image_126.png,data/datasets/s1gfloods/Label/image_126.png
image_4438,data/datasets/s1gfloods/A/image_4438.png,data/datasets/s1gfloods/B/image_4438.png,data/datasets/s1gfloods/Label/image_4438.png
image_4248,data/datasets/s1gfloods/A/image_4248.png,data/datasets/s1gfloods/B/image_4248.png,data/datasets/s1gfloods/Label/image_4248.png
image_5248,data/datasets/s1gfloods/A/image_5248.png,data/datasets/s1gfloods/B/image_5248.png,data/datasets/s1gfloods/Label/image_5248.png
image_286,data/datasets/s1gfloods/A/image_286.png,data/datasets/s1gfloods/B/image_286.png,data/datasets/s1gfloods/Label/image_286.png
image_2053,data/datasets/s1gfloods/A/image_2053.png,data/datasets/s1gfloods/B/image_2053.png,data/datasets/s1gfloods/Label/image_2053.png
image_2496,data/datasets/s1gfloods/A/image_2496.png,data/datasets/s1gfloods/B/image_2496.png,data/datasets/s1gfloods/Label/image_2496.png
image_2552,data/datasets/s1gfloods/A/image_2552.png,data/datasets/s1gfloods/B/image_2552.png,data/datasets/s1gfloods/Label/image_2552.png
image_3167,data/datasets/s1gfloods/A/image_3167.png,data/datasets/s1gfloods/B/image_3167.png,data/datasets/s1gfloods/Label/image_3167.png
image_3407,data/datasets/s1gfloods/A/image_3407.png,data/datasets/s1gfloods/B/image_3407.png,data/datasets/s1gfloods/Label/image_3407.png
image_4580,data/datasets/s1gfloods/A/image_4580.png,data/datasets/s1gfloods/B/image_4580.png,data/datasets/s1gfloods/Label/image_4580.png
image_5223,data/datasets/s1gfloods/A/image_5223.png,data/datasets/s1gfloods/B/image_5223.png,data/datasets/s1gfloods/Label/image_5223.png
image_3708,data/datasets/s1gfloods/A/image_3708.png,data/datasets/s1gfloods/B/image_3708.png,data/datasets/s1gfloods/Label/image_3708.png
image_1817,data/datasets/s1gfloods/A/image_1817.png,data/datasets/s1gfloods/B/image_1817.png,data/datasets/s1gfloods/Label/image_1817.png
image_1769,data/datasets/s1gfloods/A/image_1769.png,data/datasets/s1gfloods/B/image_1769.png,data/datasets/s1gfloods/Label/image_1769.png
image_845,data/datasets/s1gfloods/A/image_845.png,data/datasets/s1gfloods/B/image_845.png,data/datasets/s1gfloods/Label/image_845.png
image_3814,data/datasets/s1gfloods/A/image_3814.png,data/datasets/s1gfloods/B/image_3814.png,data/datasets/s1gfloods/Label/image_3814.png
image_2589,data/datasets/s1gfloods/A/image_2589.png,data/datasets/s1gfloods/B/image_2589.png,data/datasets/s1gfloods/Label/image_2589.png
image_1993,data/datasets/s1gfloods/A/image_1993.png,data/datasets/s1gfloods/B/image_1993.png,data/datasets/s1gfloods/Label/image_1993.png
image_5178,data/datasets/s1gfloods/A/image_5178.png,data/datasets/s1gfloods/B/image_5178.png,data/datasets/s1gfloods/Label/image_5178.png
image_2879,data/datasets/s1gfloods/A/image_2879.png,data/datasets/s1gfloods/B/image_2879.png,data/datasets/s1gfloods/Label/image_2879.png
image_536,data/datasets/s1gfloods/A/image_536.png,data/datasets/s1gfloods/B/image_536.png,data/datasets/s1gfloods/Label/image_536.png
image_4785,data/datasets/s1gfloods/A/image_4785.png,data/datasets/s1gfloods/B/image_4785.png,data/datasets/s1gfloods/Label/image_4785.png
image_1883,data/datasets/s1gfloods/A/image_1883.png,data/datasets/s1gfloods/B/image_1883.png,data/datasets/s1gfloods/Label/image_1883.png
image_1397,data/datasets/s1gfloods/A/image_1397.png,data/datasets/s1gfloods/B/image_1397.png,data/datasets/s1gfloods/Label/image_1397.png
image_91,data/datasets/s1gfloods/A/image_91.png,data/datasets/s1gfloods/B/image_91.png,data/datasets/s1gfloods/Label/image_91.png
image_1335,data/datasets/s1gfloods/A/image_1335.png,data/datasets/s1gfloods/B/image_1335.png,data/datasets/s1gfloods/Label/image_1335.png
image_1180,data/datasets/s1gfloods/A/image_1180.png,data/datasets/s1gfloods/B/image_1180.png,data/datasets/s1gfloods/Label/image_1180.png
image_5220,data/datasets/s1gfloods/A/image_5220.png,data/datasets/s1gfloods/B/image_5220.png,data/datasets/s1gfloods/Label/image_5220.png
image_266,data/datasets/s1gfloods/A/image_266.png,data/datasets/s1gfloods/B/image_266.png,data/datasets/s1gfloods/Label/image_266.png
image_3998,data/datasets/s1gfloods/A/image_3998.png,data/datasets/s1gfloods/B/image_3998.png,data/datasets/s1gfloods/Label/image_3998.png
image_1716,data/datasets/s1gfloods/A/image_1716.png,data/datasets/s1gfloods/B/image_1716.png,data/datasets/s1gfloods/Label/image_1716.png
image_500,data/datasets/s1gfloods/A/image_500.png,data/datasets/s1gfloods/B/image_500.png,data/datasets/s1gfloods/Label/image_500.png
image_3774,data/datasets/s1gfloods/A/image_3774.png,data/datasets/s1gfloods/B/image_3774.png,data/datasets/s1gfloods/Label/image_3774.png
image_5099,data/datasets/s1gfloods/A/image_5099.png,data/datasets/s1gfloods/B/image_5099.png,data/datasets/s1gfloods/Label/image_5099.png
image_4954,data/datasets/s1gfloods/A/image_4954.png,data/datasets/s1gfloods/B/image_4954.png,data/datasets/s1gfloods/Label/image_4954.png
image_231,data/datasets/s1gfloods/A/image_231.png,data/datasets/s1gfloods/B/image_231.png,data/datasets/s1gfloods/Label/image_231.png
image_3487,data/datasets/s1gfloods/A/image_3487.png,data/datasets/s1gfloods/B/image_3487.png,data/datasets/s1gfloods/Label/image_3487.png
image_3441,data/datasets/s1gfloods/A/image_3441.png,data/datasets/s1gfloods/B/image_3441.png,data/datasets/s1gfloods/Label/image_3441.png
image_1234,data/datasets/s1gfloods/A/image_1234.png,data/datasets/s1gfloods/B/image_1234.png,data/datasets/s1gfloods/Label/image_1234.png
image_3089,data/datasets/s1gfloods/A/image_3089.png,data/datasets/s1gfloods/B/image_3089.png,data/datasets/s1gfloods/Label/image_3089.png
image_5292,data/datasets/s1gfloods/A/image_5292.png,data/datasets/s1gfloods/B/image_5292.png,data/datasets/s1gfloods/Label/image_5292.png
image_2115,data/datasets/s1gfloods/A/image_2115.png,data/datasets/s1gfloods/B/image_2115.png,data/datasets/s1gfloods/Label/image_2115.png
image_1902,data/datasets/s1gfloods/A/image_1902.png,data/datasets/s1gfloods/B/image_1902.png,data/datasets/s1gfloods/Label/image_1902.png
image_1484,data/datasets/s1gfloods/A/image_1484.png,data/datasets/s1gfloods/B/image_1484.png,data/datasets/s1gfloods/Label/image_1484.png
image_4465,data/datasets/s1gfloods/A/image_4465.png,data/datasets/s1gfloods/B/image_4465.png,data/datasets/s1gfloods/Label/image_4465.png
image_1506,data/datasets/s1gfloods/A/image_1506.png,data/datasets/s1gfloods/B/image_1506.png,data/datasets/s1gfloods/Label/image_1506.png
image_1178,data/datasets/s1gfloods/A/image_1178.png,data/datasets/s1gfloods/B/image_1178.png,data/datasets/s1gfloods/Label/image_1178.png
image_4182,data/datasets/s1gfloods/A/image_4182.png,data/datasets/s1gfloods/B/image_4182.png,data/datasets/s1gfloods/Label/image_4182.png
image_887,data/datasets/s1gfloods/A/image_887.png,data/datasets/s1gfloods/B/image_887.png,data/datasets/s1gfloods/Label/image_887.png
image_1985,data/datasets/s1gfloods/A/image_1985.png,data/datasets/s1gfloods/B/image_1985.png,data/datasets/s1gfloods/Label/image_1985.png
image_3252,data/datasets/s1gfloods/A/image_3252.png,data/datasets/s1gfloods/B/image_3252.png,data/datasets/s1gfloods/Label/image_3252.png
image_2638,data/datasets/s1gfloods/A/image_2638.png,data/datasets/s1gfloods/B/image_2638.png,data/datasets/s1gfloods/Label/image_2638.png
image_4636,data/datasets/s1gfloods/A/image_4636.png,data/datasets/s1gfloods/B/image_4636.png,data/datasets/s1gfloods/Label/image_4636.png
image_3309,data/datasets/s1gfloods/A/image_3309.png,data/datasets/s1gfloods/B/image_3309.png,data/datasets/s1gfloods/Label/image_3309.png
image_74,data/datasets/s1gfloods/A/image_74.png,data/datasets/s1gfloods/B/image_74.png,data/datasets/s1gfloods/Label/image_74.png
image_398,data/datasets/s1gfloods/A/image_398.png,data/datasets/s1gfloods/B/image_398.png,data/datasets/s1gfloods/Label/image_398.png
image_2995,data/datasets/s1gfloods/A/image_2995.png,data/datasets/s1gfloods/B/image_2995.png,data/datasets/s1gfloods/Label/image_2995.png
image_373,data/datasets/s1gfloods/A/image_373.png,data/datasets/s1gfloods/B/image_373.png,data/datasets/s1gfloods/Label/image_373.png
image_2520,data/datasets/s1gfloods/A/image_2520.png,data/datasets/s1gfloods/B/image_2520.png,data/datasets/s1gfloods/Label/image_2520.png
image_1448,data/datasets/s1gfloods/A/image_1448.png,data/datasets/s1gfloods/B/image_1448.png,data/datasets/s1gfloods/Label/image_1448.png
image_4040,data/datasets/s1gfloods/A/image_4040.png,data/datasets/s1gfloods/B/image_4040.png,data/datasets/s1gfloods/Label/image_4040.png
image_3121,data/datasets/s1gfloods/A/image_3121.png,data/datasets/s1gfloods/B/image_3121.png,data/datasets/s1gfloods/Label/image_3121.png
image_4009,data/datasets/s1gfloods/A/image_4009.png,data/datasets/s1gfloods/B/image_4009.png,data/datasets/s1gfloods/Label/image_4009.png
image_1965,data/datasets/s1gfloods/A/image_1965.png,data/datasets/s1gfloods/B/image_1965.png,data/datasets/s1gfloods/Label/image_1965.png
image_3705,data/datasets/s1gfloods/A/image_3705.png,data/datasets/s1gfloods/B/image_3705.png,data/datasets/s1gfloods/Label/image_3705.png
image_4586,data/datasets/s1gfloods/A/image_4586.png,data/datasets/s1gfloods/B/image_4586.png,data/datasets/s1gfloods/Label/image_4586.png
image_4498,data/datasets/s1gfloods/A/image_4498.png,data/datasets/s1gfloods/B/image_4498.png,data/datasets/s1gfloods/Label/image_4498.png
image_1544,data/datasets/s1gfloods/A/image_1544.png,data/datasets/s1gfloods/B/image_1544.png,data/datasets/s1gfloods/Label/image_1544.png
image_422,data/datasets/s1gfloods/A/image_422.png,data/datasets/s1gfloods/B/image_422.png,data/datasets/s1gfloods/Label/image_422.png
image_1168,data/datasets/s1gfloods/A/image_1168.png,data/datasets/s1gfloods/B/image_1168.png,data/datasets/s1gfloods/Label/image_1168.png
image_4494,data/datasets/s1gfloods/A/image_4494.png,data/datasets/s1gfloods/B/image_4494.png,data/datasets/s1gfloods/Label/image_4494.png
image_619,data/datasets/s1gfloods/A/image_619.png,data/datasets/s1gfloods/B/image_619.png,data/datasets/s1gfloods/Label/image_619.png
image_2176,data/datasets/s1gfloods/A/image_2176.png,data/datasets/s1gfloods/B/image_2176.png,data/datasets/s1gfloods/Label/image_2176.png
image_4542,data/datasets/s1gfloods/A/image_4542.png,data/datasets/s1gfloods/B/image_4542.png,data/datasets/s1gfloods/Label/image_4542.png
image_3580,data/datasets/s1gfloods/A/image_3580.png,data/datasets/s1gfloods/B/image_3580.png,data/datasets/s1gfloods/Label/image_3580.png
image_776,data/datasets/s1gfloods/A/image_776.png,data/datasets/s1gfloods/B/image_776.png,data/datasets/s1gfloods/Label/image_776.png
image_996,data/datasets/s1gfloods/A/image_996.png,data/datasets/s1gfloods/B/image_996.png,data/datasets/s1gfloods/Label/image_996.png
image_4671,data/datasets/s1gfloods/A/image_4671.png,data/datasets/s1gfloods/B/image_4671.png,data/datasets/s1gfloods/Label/image_4671.png
image_3827,data/datasets/s1gfloods/A/image_3827.png,data/datasets/s1gfloods/B/image_3827.png,data/datasets/s1gfloods/Label/image_3827.png
image_1990,data/datasets/s1gfloods/A/image_1990.png,data/datasets/s1gfloods/B/image_1990.png,data/datasets/s1gfloods/Label/image_1990.png
image_4495,data/datasets/s1gfloods/A/image_4495.png,data/datasets/s1gfloods/B/image_4495.png,data/datasets/s1gfloods/Label/image_4495.png
image_1429,data/datasets/s1gfloods/A/image_1429.png,data/datasets/s1gfloods/B/image_1429.png,data/datasets/s1gfloods/Label/image_1429.png
image_1439,data/datasets/s1gfloods/A/image_1439.png,data/datasets/s1gfloods/B/image_1439.png,data/datasets/s1gfloods/Label/image_1439.png
image_3379,data/datasets/s1gfloods/A/image_3379.png,data/datasets/s1gfloods/B/image_3379.png,data/datasets/s1gfloods/Label/image_3379.png
image_4162,data/datasets/s1gfloods/A/image_4162.png,data/datasets/s1gfloods/B/image_4162.png,data/datasets/s1gfloods/Label/image_4162.png
image_3807,data/datasets/s1gfloods/A/image_3807.png,data/datasets/s1gfloods/B/image_3807.png,data/datasets/s1gfloods/Label/image_3807.png
image_1143,data/datasets/s1gfloods/A/image_1143.png,data/datasets/s1gfloods/B/image_1143.png,data/datasets/s1gfloods/Label/image_1143.png
image_3577,data/datasets/s1gfloods/A/image_3577.png,data/datasets/s1gfloods/B/image_3577.png,data/datasets/s1gfloods/Label/image_3577.png
image_447,data/datasets/s1gfloods/A/image_447.png,data/datasets/s1gfloods/B/image_447.png,data/datasets/s1gfloods/Label/image_447.png
image_3428,data/datasets/s1gfloods/A/image_3428.png,data/datasets/s1gfloods/B/image_3428.png,data/datasets/s1gfloods/Label/image_3428.png
image_93,data/datasets/s1gfloods/A/image_93.png,data/datasets/s1gfloods/B/image_93.png,data/datasets/s1gfloods/Label/image_93.png
image_5195,data/datasets/s1gfloods/A/image_5195.png,data/datasets/s1gfloods/B/image_5195.png,data/datasets/s1gfloods/Label/image_5195.png
image_1750,data/datasets/s1gfloods/A/image_1750.png,data/datasets/s1gfloods/B/image_1750.png,data/datasets/s1gfloods/Label/image_1750.png
image_2934,data/datasets/s1gfloods/A/image_2934.png,data/datasets/s1gfloods/B/image_2934.png,data/datasets/s1gfloods/Label/image_2934.png
image_4527,data/datasets/s1gfloods/A/image_4527.png,data/datasets/s1gfloods/B/image_4527.png,data/datasets/s1gfloods/Label/image_4527.png
image_2411,data/datasets/s1gfloods/A/image_2411.png,data/datasets/s1gfloods/B/image_2411.png,data/datasets/s1gfloods/Label/image_2411.png
image_4281,data/datasets/s1gfloods/A/image_4281.png,data/datasets/s1gfloods/B/image_4281.png,data/datasets/s1gfloods/Label/image_4281.png
image_4751,data/datasets/s1gfloods/A/image_4751.png,data/datasets/s1gfloods/B/image_4751.png,data/datasets/s1gfloods/Label/image_4751.png
image_1201,data/datasets/s1gfloods/A/image_1201.png,data/datasets/s1gfloods/B/image_1201.png,data/datasets/s1gfloods/Label/image_1201.png
image_5312,data/datasets/s1gfloods/A/image_5312.png,data/datasets/s1gfloods/B/image_5312.png,data/datasets/s1gfloods/Label/image_5312.png
image_1202,data/datasets/s1gfloods/A/image_1202.png,data/datasets/s1gfloods/B/image_1202.png,data/datasets/s1gfloods/Label/image_1202.png
image_4663,data/datasets/s1gfloods/A/image_4663.png,data/datasets/s1gfloods/B/image_4663.png,data/datasets/s1gfloods/Label/image_4663.png
image_1954,data/datasets/s1gfloods/A/image_1954.png,data/datasets/s1gfloods/B/image_1954.png,data/datasets/s1gfloods/Label/image_1954.png
image_497,data/datasets/s1gfloods/A/image_497.png,data/datasets/s1gfloods/B/image_497.png,data/datasets/s1gfloods/Label/image_497.png
image_3913,data/datasets/s1gfloods/A/image_3913.png,data/datasets/s1gfloods/B/image_3913.png,data/datasets/s1gfloods/Label/image_3913.png
image_3083,data/datasets/s1gfloods/A/image_3083.png,data/datasets/s1gfloods/B/image_3083.png,data/datasets/s1gfloods/Label/image_3083.png
image_4777,data/datasets/s1gfloods/A/image_4777.png,data/datasets/s1gfloods/B/image_4777.png,data/datasets/s1gfloods/Label/image_4777.png
image_4002,data/datasets/s1gfloods/A/image_4002.png,data/datasets/s1gfloods/B/image_4002.png,data/datasets/s1gfloods/Label/image_4002.png
image_4569,data/datasets/s1gfloods/A/image_4569.png,data/datasets/s1gfloods/B/image_4569.png,data/datasets/s1gfloods/Label/image_4569.png
image_337,data/datasets/s1gfloods/A/image_337.png,data/datasets/s1gfloods/B/image_337.png,data/datasets/s1gfloods/Label/image_337.png
image_3176,data/datasets/s1gfloods/A/image_3176.png,data/datasets/s1gfloods/B/image_3176.png,data/datasets/s1gfloods/Label/image_3176.png
image_238,data/datasets/s1gfloods/A/image_238.png,data/datasets/s1gfloods/B/image_238.png,data/datasets/s1gfloods/Label/image_238.png
image_3660,data/datasets/s1gfloods/A/image_3660.png,data/datasets/s1gfloods/B/image_3660.png,data/datasets/s1gfloods/Label/image_3660.png
image_216,data/datasets/s1gfloods/A/image_216.png,data/datasets/s1gfloods/B/image_216.png,data/datasets/s1gfloods/Label/image_216.png
image_110,data/datasets/s1gfloods/A/image_110.png,data/datasets/s1gfloods/B/image_110.png,data/datasets/s1gfloods/Label/image_110.png
image_4216,data/datasets/s1gfloods/A/image_4216.png,data/datasets/s1gfloods/B/image_4216.png,data/datasets/s1gfloods/Label/image_4216.png
image_5340,data/datasets/s1gfloods/A/image_5340.png,data/datasets/s1gfloods/B/image_5340.png,data/datasets/s1gfloods/Label/image_5340.png
image_2155,data/datasets/s1gfloods/A/image_2155.png,data/datasets/s1gfloods/B/image_2155.png,data/datasets/s1gfloods/Label/image_2155.png
image_4976,data/datasets/s1gfloods/A/image_4976.png,data/datasets/s1gfloods/B/image_4976.png,data/datasets/s1gfloods/Label/image_4976.png
image_2362,data/datasets/s1gfloods/A/image_2362.png,data/datasets/s1gfloods/B/image_2362.png,data/datasets/s1gfloods/Label/image_2362.png
image_5030,data/datasets/s1gfloods/A/image_5030.png,data/datasets/s1gfloods/B/image_5030.png,data/datasets/s1gfloods/Label/image_5030.png
image_2099,data/datasets/s1gfloods/A/image_2099.png,data/datasets/s1gfloods/B/image_2099.png,data/datasets/s1gfloods/Label/image_2099.png
image_2451,data/datasets/s1gfloods/A/image_2451.png,data/datasets/s1gfloods/B/image_2451.png,data/datasets/s1gfloods/Label/image_2451.png
image_557,data/datasets/s1gfloods/A/image_557.png,data/datasets/s1gfloods/B/image_557.png,data/datasets/s1gfloods/Label/image_557.png
image_2170,data/datasets/s1gfloods/A/image_2170.png,data/datasets/s1gfloods/B/image_2170.png,data/datasets/s1gfloods/Label/image_2170.png
image_2416,data/datasets/s1gfloods/A/image_2416.png,data/datasets/s1gfloods/B/image_2416.png,data/datasets/s1gfloods/Label/image_2416.png
image_354,data/datasets/s1gfloods/A/image_354.png,data/datasets/s1gfloods/B/image_354.png,data/datasets/s1gfloods/Label/image_354.png
image_3471,data/datasets/s1gfloods/A/image_3471.png,data/datasets/s1gfloods/B/image_3471.png,data/datasets/s1gfloods/Label/image_3471.png
image_2632,data/datasets/s1gfloods/A/image_2632.png,data/datasets/s1gfloods/B/image_2632.png,data/datasets/s1gfloods/Label/image_2632.png
image_4066,data/datasets/s1gfloods/A/image_4066.png,data/datasets/s1gfloods/B/image_4066.png,data/datasets/s1gfloods/Label/image_4066.png
image_873,data/datasets/s1gfloods/A/image_873.png,data/datasets/s1gfloods/B/image_873.png,data/datasets/s1gfloods/Label/image_873.png
image_3093,data/datasets/s1gfloods/A/image_3093.png,data/datasets/s1gfloods/B/image_3093.png,data/datasets/s1gfloods/Label/image_3093.png
image_4315,data/datasets/s1gfloods/A/image_4315.png,data/datasets/s1gfloods/B/image_4315.png,data/datasets/s1gfloods/Label/image_4315.png
image_2057,data/datasets/s1gfloods/A/image_2057.png,data/datasets/s1gfloods/B/image_2057.png,data/datasets/s1gfloods/Label/image_2057.png
image_2675,data/datasets/s1gfloods/A/image_2675.png,data/datasets/s1gfloods/B/image_2675.png,data/datasets/s1gfloods/Label/image_2675.png
image_828,data/datasets/s1gfloods/A/image_828.png,data/datasets/s1gfloods/B/image_828.png,data/datasets/s1gfloods/Label/image_828.png
image_5341,data/datasets/s1gfloods/A/image_5341.png,data/datasets/s1gfloods/B/image_5341.png,data/datasets/s1gfloods/Label/image_5341.png
image_4427,data/datasets/s1gfloods/A/image_4427.png,data/datasets/s1gfloods/B/image_4427.png,data/datasets/s1gfloods/Label/image_4427.png
image_3844,data/datasets/s1gfloods/A/image_3844.png,data/datasets/s1gfloods/B/image_3844.png,data/datasets/s1gfloods/Label/image_3844.png
image_1698,data/datasets/s1gfloods/A/image_1698.png,data/datasets/s1gfloods/B/image_1698.png,data/datasets/s1gfloods/Label/image_1698.png
image_5065,data/datasets/s1gfloods/A/image_5065.png,data/datasets/s1gfloods/B/image_5065.png,data/datasets/s1gfloods/Label/image_5065.png
image_2310,data/datasets/s1gfloods/A/image_2310.png,data/datasets/s1gfloods/B/image_2310.png,data/datasets/s1gfloods/Label/image_2310.png
image_3820,data/datasets/s1gfloods/A/image_3820.png,data/datasets/s1gfloods/B/image_3820.png,data/datasets/s1gfloods/Label/image_3820.png
image_4089,data/datasets/s1gfloods/A/image_4089.png,data/datasets/s1gfloods/B/image_4089.png,data/datasets/s1gfloods/Label/image_4089.png
image_1914,data/datasets/s1gfloods/A/image_1914.png,data/datasets/s1gfloods/B/image_1914.png,data/datasets/s1gfloods/Label/image_1914.png
image_2553,data/datasets/s1gfloods/A/image_2553.png,data/datasets/s1gfloods/B/image_2553.png,data/datasets/s1gfloods/Label/image_2553.png
image_347,data/datasets/s1gfloods/A/image_347.png,data/datasets/s1gfloods/B/image_347.png,data/datasets/s1gfloods/Label/image_347.png
image_4885,data/datasets/s1gfloods/A/image_4885.png,data/datasets/s1gfloods/B/image_4885.png,data/datasets/s1gfloods/Label/image_4885.png
image_235,data/datasets/s1gfloods/A/image_235.png,data/datasets/s1gfloods/B/image_235.png,data/datasets/s1gfloods/Label/image_235.png
image_427,data/datasets/s1gfloods/A/image_427.png,data/datasets/s1gfloods/B/image_427.png,data/datasets/s1gfloods/Label/image_427.png
image_576,data/datasets/s1gfloods/A/image_576.png,data/datasets/s1gfloods/B/image_576.png,data/datasets/s1gfloods/Label/image_576.png
image_3067,data/datasets/s1gfloods/A/image_3067.png,data/datasets/s1gfloods/B/image_3067.png,data/datasets/s1gfloods/Label/image_3067.png
image_154,data/datasets/s1gfloods/A/image_154.png,data/datasets/s1gfloods/B/image_154.png,data/datasets/s1gfloods/Label/image_154.png
image_3634,data/datasets/s1gfloods/A/image_3634.png,data/datasets/s1gfloods/B/image_3634.png,data/datasets/s1gfloods/Label/image_3634.png
image_2624,data/datasets/s1gfloods/A/image_2624.png,data/datasets/s1gfloods/B/image_2624.png,data/datasets/s1gfloods/Label/image_2624.png
image_2231,data/datasets/s1gfloods/A/image_2231.png,data/datasets/s1gfloods/B/image_2231.png,data/datasets/s1gfloods/Label/image_2231.png
image_4911,data/datasets/s1gfloods/A/image_4911.png,data/datasets/s1gfloods/B/image_4911.png,data/datasets/s1gfloods/Label/image_4911.png
image_492,data/datasets/s1gfloods/A/image_492.png,data/datasets/s1gfloods/B/image_492.png,data/datasets/s1gfloods/Label/image_492.png
image_3418,data/datasets/s1gfloods/A/image_3418.png,data/datasets/s1gfloods/B/image_3418.png,data/datasets/s1gfloods/Label/image_3418.png
image_2306,data/datasets/s1gfloods/A/image_2306.png,data/datasets/s1gfloods/B/image_2306.png,data/datasets/s1gfloods/Label/image_2306.png
image_1481,data/datasets/s1gfloods/A/image_1481.png,data/datasets/s1gfloods/B/image_1481.png,data/datasets/s1gfloods/Label/image_1481.png
image_3794,data/datasets/s1gfloods/A/image_3794.png,data/datasets/s1gfloods/B/image_3794.png,data/datasets/s1gfloods/Label/image_3794.png
image_2586,data/datasets/s1gfloods/A/image_2586.png,data/datasets/s1gfloods/B/image_2586.png,data/datasets/s1gfloods/Label/image_2586.png
image_990,data/datasets/s1gfloods/A/image_990.png,data/datasets/s1gfloods/B/image_990.png,data/datasets/s1gfloods/Label/image_990.png
image_5180,data/datasets/s1gfloods/A/image_5180.png,data/datasets/s1gfloods/B/image_5180.png,data/datasets/s1gfloods/Label/image_5180.png
image_4430,data/datasets/s1gfloods/A/image_4430.png,data/datasets/s1gfloods/B/image_4430.png,data/datasets/s1gfloods/Label/image_4430.png
image_5067,data/datasets/s1gfloods/A/image_5067.png,data/datasets/s1gfloods/B/image_5067.png,data/datasets/s1gfloods/Label/image_5067.png
image_4706,data/datasets/s1gfloods/A/image_4706.png,data/datasets/s1gfloods/B/image_4706.png,data/datasets/s1gfloods/Label/image_4706.png
image_1135,data/datasets/s1gfloods/A/image_1135.png,data/datasets/s1gfloods/B/image_1135.png,data/datasets/s1gfloods/Label/image_1135.png
image_636,data/datasets/s1gfloods/A/image_636.png,data/datasets/s1gfloods/B/image_636.png,data/datasets/s1gfloods/Label/image_636.png
image_1326,data/datasets/s1gfloods/A/image_1326.png,data/datasets/s1gfloods/B/image_1326.png,data/datasets/s1gfloods/Label/image_1326.png
image_4185,data/datasets/s1gfloods/A/image_4185.png,data/datasets/s1gfloods/B/image_4185.png,data/datasets/s1gfloods/Label/image_4185.png
image_1791,data/datasets/s1gfloods/A/image_1791.png,data/datasets/s1gfloods/B/image_1791.png,data/datasets/s1gfloods/Label/image_1791.png
image_4286,data/datasets/s1gfloods/A/image_4286.png,data/datasets/s1gfloods/B/image_4286.png,data/datasets/s1gfloods/Label/image_4286.png
image_4172,data/datasets/s1gfloods/A/image_4172.png,data/datasets/s1gfloods/B/image_4172.png,data/datasets/s1gfloods/Label/image_4172.png
image_4004,data/datasets/s1gfloods/A/image_4004.png,data/datasets/s1gfloods/B/image_4004.png,data/datasets/s1gfloods/Label/image_4004.png
image_4362,data/datasets/s1gfloods/A/image_4362.png,data/datasets/s1gfloods/B/image_4362.png,data/datasets/s1gfloods/Label/image_4362.png
image_574,data/datasets/s1gfloods/A/image_574.png,data/datasets/s1gfloods/B/image_574.png,data/datasets/s1gfloods/Label/image_574.png
image_4812,data/datasets/s1gfloods/A/image_4812.png,data/datasets/s1gfloods/B/image_4812.png,data/datasets/s1gfloods/Label/image_4812.png
image_1968,data/datasets/s1gfloods/A/image_1968.png,data/datasets/s1gfloods/B/image_1968.png,data/datasets/s1gfloods/Label/image_1968.png
image_1084,data/datasets/s1gfloods/A/image_1084.png,data/datasets/s1gfloods/B/image_1084.png,data/datasets/s1gfloods/Label/image_1084.png
image_4767,data/datasets/s1gfloods/A/image_4767.png,data/datasets/s1gfloods/B/image_4767.png,data/datasets/s1gfloods/Label/image_4767.png
image_1049,data/datasets/s1gfloods/A/image_1049.png,data/datasets/s1gfloods/B/image_1049.png,data/datasets/s1gfloods/Label/image_1049.png
image_3661,data/datasets/s1gfloods/A/image_3661.png,data/datasets/s1gfloods/B/image_3661.png,data/datasets/s1gfloods/Label/image_3661.png
image_4754,data/datasets/s1gfloods/A/image_4754.png,data/datasets/s1gfloods/B/image_4754.png,data/datasets/s1gfloods/Label/image_4754.png
image_3831,data/datasets/s1gfloods/A/image_3831.png,data/datasets/s1gfloods/B/image_3831.png,data/datasets/s1gfloods/Label/image_3831.png
image_1983,data/datasets/s1gfloods/A/image_1983.png,data/datasets/s1gfloods/B/image_1983.png,data/datasets/s1gfloods/Label/image_1983.png
image_5111,data/datasets/s1gfloods/A/image_5111.png,data/datasets/s1gfloods/B/image_5111.png,data/datasets/s1gfloods/Label/image_5111.png
image_1096,data/datasets/s1gfloods/A/image_1096.png,data/datasets/s1gfloods/B/image_1096.png,data/datasets/s1gfloods/Label/image_1096.png
image_4451,data/datasets/s1gfloods/A/image_4451.png,data/datasets/s1gfloods/B/image_4451.png,data/datasets/s1gfloods/Label/image_4451.png
image_1296,data/datasets/s1gfloods/A/image_1296.png,data/datasets/s1gfloods/B/image_1296.png,data/datasets/s1gfloods/Label/image_1296.png
image_3936,data/datasets/s1gfloods/A/image_3936.png,data/datasets/s1gfloods/B/image_3936.png,data/datasets/s1gfloods/Label/image_3936.png
image_3450,data/datasets/s1gfloods/A/image_3450.png,data/datasets/s1gfloods/B/image_3450.png,data/datasets/s1gfloods/Label/image_3450.png
image_4131,data/datasets/s1gfloods/A/image_4131.png,data/datasets/s1gfloods/B/image_4131.png,data/datasets/s1gfloods/Label/image_4131.png
image_2009,data/datasets/s1gfloods/A/image_2009.png,data/datasets/s1gfloods/B/image_2009.png,data/datasets/s1gfloods/Label/image_2009.png
image_3741,data/datasets/s1gfloods/A/image_3741.png,data/datasets/s1gfloods/B/image_3741.png,data/datasets/s1gfloods/Label/image_3741.png
image_1917,data/datasets/s1gfloods/A/image_1917.png,data/datasets/s1gfloods/B/image_1917.png,data/datasets/s1gfloods/Label/image_1917.png
image_3208,data/datasets/s1gfloods/A/image_3208.png,data/datasets/s1gfloods/B/image_3208.png,data/datasets/s1gfloods/Label/image_3208.png
image_1033,data/datasets/s1gfloods/A/image_1033.png,data/datasets/s1gfloods/B/image_1033.png,data/datasets/s1gfloods/Label/image_1033.png
image_1775,data/datasets/s1gfloods/A/image_1775.png,data/datasets/s1gfloods/B/image_1775.png,data/datasets/s1gfloods/Label/image_1775.png
image_2909,data/datasets/s1gfloods/A/image_2909.png,data/datasets/s1gfloods/B/image_2909.png,data/datasets/s1gfloods/Label/image_2909.png
image_305,data/datasets/s1gfloods/A/image_305.png,data/datasets/s1gfloods/B/image_305.png,data/datasets/s1gfloods/Label/image_305.png
image_3823,data/datasets/s1gfloods/A/image_3823.png,data/datasets/s1gfloods/B/image_3823.png,data/datasets/s1gfloods/Label/image_3823.png
image_4211,data/datasets/s1gfloods/A/image_4211.png,data/datasets/s1gfloods/B/image_4211.png,data/datasets/s1gfloods/Label/image_4211.png
image_5091,data/datasets/s1gfloods/A/image_5091.png,data/datasets/s1gfloods/B/image_5091.png,data/datasets/s1gfloods/Label/image_5091.png
image_3587,data/datasets/s1gfloods/A/image_3587.png,data/datasets/s1gfloods/B/image_3587.png,data/datasets/s1gfloods/Label/image_3587.png
image_3610,data/datasets/s1gfloods/A/image_3610.png,data/datasets/s1gfloods/B/image_3610.png,data/datasets/s1gfloods/Label/image_3610.png
image_2970,data/datasets/s1gfloods/A/image_2970.png,data/datasets/s1gfloods/B/image_2970.png,data/datasets/s1gfloods/Label/image_2970.png
image_3235,data/datasets/s1gfloods/A/image_3235.png,data/datasets/s1gfloods/B/image_3235.png,data/datasets/s1gfloods/Label/image_3235.png
image_4558,data/datasets/s1gfloods/A/image_4558.png,data/datasets/s1gfloods/B/image_4558.png,data/datasets/s1gfloods/Label/image_4558.png
image_3319,data/datasets/s1gfloods/A/image_3319.png,data/datasets/s1gfloods/B/image_3319.png,data/datasets/s1gfloods/Label/image_3319.png
image_4402,data/datasets/s1gfloods/A/image_4402.png,data/datasets/s1gfloods/B/image_4402.png,data/datasets/s1gfloods/Label/image_4402.png
image_1364,data/datasets/s1gfloods/A/image_1364.png,data/datasets/s1gfloods/B/image_1364.png,data/datasets/s1gfloods/Label/image_1364.png
image_1912,data/datasets/s1gfloods/A/image_1912.png,data/datasets/s1gfloods/B/image_1912.png,data/datasets/s1gfloods/Label/image_1912.png
image_3543,data/datasets/s1gfloods/A/image_3543.png,data/datasets/s1gfloods/B/image_3543.png,data/datasets/s1gfloods/Label/image_3543.png
image_4690,data/datasets/s1gfloods/A/image_4690.png,data/datasets/s1gfloods/B/image_4690.png,data/datasets/s1gfloods/Label/image_4690.png
image_5296,data/datasets/s1gfloods/A/image_5296.png,data/datasets/s1gfloods/B/image_5296.png,data/datasets/s1gfloods/Label/image_5296.png
image_3974,data/datasets/s1gfloods/A/image_3974.png,data/datasets/s1gfloods/B/image_3974.png,data/datasets/s1gfloods/Label/image_3974.png
image_3451,data/datasets/s1gfloods/A/image_3451.png,data/datasets/s1gfloods/B/image_3451.png,data/datasets/s1gfloods/Label/image_3451.png
image_7,data/datasets/s1gfloods/A/image_7.png,data/datasets/s1gfloods/B/image_7.png,data/datasets/s1gfloods/Label/image_7.png
image_4796,data/datasets/s1gfloods/A/image_4796.png,data/datasets/s1gfloods/B/image_4796.png,data/datasets/s1gfloods/Label/image_4796.png
image_3871,data/datasets/s1gfloods/A/image_3871.png,data/datasets/s1gfloods/B/image_3871.png,data/datasets/s1gfloods/Label/image_3871.png
image_4329,data/datasets/s1gfloods/A/image_4329.png,data/datasets/s1gfloods/B/image_4329.png,data/datasets/s1gfloods/Label/image_4329.png
image_3014,data/datasets/s1gfloods/A/image_3014.png,data/datasets/s1gfloods/B/image_3014.png,data/datasets/s1gfloods/Label/image_3014.png
image_2,data/datasets/s1gfloods/A/image_2.png,data/datasets/s1gfloods/B/image_2.png,data/datasets/s1gfloods/Label/image_2.png
image_1578,data/datasets/s1gfloods/A/image_1578.png,data/datasets/s1gfloods/B/image_1578.png,data/datasets/s1gfloods/Label/image_1578.png
image_4003,data/datasets/s1gfloods/A/image_4003.png,data/datasets/s1gfloods/B/image_4003.png,data/datasets/s1gfloods/Label/image_4003.png
image_4461,data/datasets/s1gfloods/A/image_4461.png,data/datasets/s1gfloods/B/image_4461.png,data/datasets/s1gfloods/Label/image_4461.png
image_5056,data/datasets/s1gfloods/A/image_5056.png,data/datasets/s1gfloods/B/image_5056.png,data/datasets/s1gfloods/Label/image_5056.png
image_5119,data/datasets/s1gfloods/A/image_5119.png,data/datasets/s1gfloods/B/image_5119.png,data/datasets/s1gfloods/Label/image_5119.png
image_2509,data/datasets/s1gfloods/A/image_2509.png,data/datasets/s1gfloods/B/image_2509.png,data/datasets/s1gfloods/Label/image_2509.png
image_2662,data/datasets/s1gfloods/A/image_2662.png,data/datasets/s1gfloods/B/image_2662.png,data/datasets/s1gfloods/Label/image_2662.png
image_2019,data/datasets/s1gfloods/A/image_2019.png,data/datasets/s1gfloods/B/image_2019.png,data/datasets/s1gfloods/Label/image_2019.png
image_3997,data/datasets/s1gfloods/A/image_3997.png,data/datasets/s1gfloods/B/image_3997.png,data/datasets/s1gfloods/Label/image_3997.png
image_4579,data/datasets/s1gfloods/A/image_4579.png,data/datasets/s1gfloods/B/image_4579.png,data/datasets/s1gfloods/Label/image_4579.png
image_1066,data/datasets/s1gfloods/A/image_1066.png,data/datasets/s1gfloods/B/image_1066.png,data/datasets/s1gfloods/Label/image_1066.png
image_871,data/datasets/s1gfloods/A/image_871.png,data/datasets/s1gfloods/B/image_871.png,data/datasets/s1gfloods/Label/image_871.png
image_682,data/datasets/s1gfloods/A/image_682.png,data/datasets/s1gfloods/B/image_682.png,data/datasets/s1gfloods/Label/image_682.png
image_1710,data/datasets/s1gfloods/A/image_1710.png,data/datasets/s1gfloods/B/image_1710.png,data/datasets/s1gfloods/Label/image_1710.png
image_2943,data/datasets/s1gfloods/A/image_2943.png,data/datasets/s1gfloods/B/image_2943.png,data/datasets/s1gfloods/Label/image_2943.png
image_150,data/datasets/s1gfloods/A/image_150.png,data/datasets/s1gfloods/B/image_150.png,data/datasets/s1gfloods/Label/image_150.png
image_2319,data/datasets/s1gfloods/A/image_2319.png,data/datasets/s1gfloods/B/image_2319.png,data/datasets/s1gfloods/Label/image_2319.png
image_3279,data/datasets/s1gfloods/A/image_3279.png,data/datasets/s1gfloods/B/image_3279.png,data/datasets/s1gfloods/Label/image_3279.png
image_3737,data/datasets/s1gfloods/A/image_3737.png,data/datasets/s1gfloods/B/image_3737.png,data/datasets/s1gfloods/Label/image_3737.png
image_735,data/datasets/s1gfloods/A/image_735.png,data/datasets/s1gfloods/B/image_735.png,data/datasets/s1gfloods/Label/image_735.png
image_668,data/datasets/s1gfloods/A/image_668.png,data/datasets/s1gfloods/B/image_668.png,data/datasets/s1gfloods/Label/image_668.png
image_2578,data/datasets/s1gfloods/A/image_2578.png,data/datasets/s1gfloods/B/image_2578.png,data/datasets/s1gfloods/Label/image_2578.png
image_5025,data/datasets/s1gfloods/A/image_5025.png,data/datasets/s1gfloods/B/image_5025.png,data/datasets/s1gfloods/Label/image_5025.png
image_4981,data/datasets/s1gfloods/A/image_4981.png,data/datasets/s1gfloods/B/image_4981.png,data/datasets/s1gfloods/Label/image_4981.png
image_3775,data/datasets/s1gfloods/A/image_3775.png,data/datasets/s1gfloods/B/image_3775.png,data/datasets/s1gfloods/Label/image_3775.png
image_3060,data/datasets/s1gfloods/A/image_3060.png,data/datasets/s1gfloods/B/image_3060.png,data/datasets/s1gfloods/Label/image_3060.png
image_4587,data/datasets/s1gfloods/A/image_4587.png,data/datasets/s1gfloods/B/image_4587.png,data/datasets/s1gfloods/Label/image_4587.png
image_2857,data/datasets/s1gfloods/A/image_2857.png,data/datasets/s1gfloods/B/image_2857.png,data/datasets/s1gfloods/Label/image_2857.png
image_2817,data/datasets/s1gfloods/A/image_2817.png,data/datasets/s1gfloods/B/image_2817.png,data/datasets/s1gfloods/Label/image_2817.png
image_550,data/datasets/s1gfloods/A/image_550.png,data/datasets/s1gfloods/B/image_550.png,data/datasets/s1gfloods/Label/image_550.png
image_2833,data/datasets/s1gfloods/A/image_2833.png,data/datasets/s1gfloods/B/image_2833.png,data/datasets/s1gfloods/Label/image_2833.png
image_2951,data/datasets/s1gfloods/A/image_2951.png,data/datasets/s1gfloods/B/image_2951.png,data/datasets/s1gfloods/Label/image_2951.png
image_4583,data/datasets/s1gfloods/A/image_4583.png,data/datasets/s1gfloods/B/image_4583.png,data/datasets/s1gfloods/Label/image_4583.png
image_5043,data/datasets/s1gfloods/A/image_5043.png,data/datasets/s1gfloods/B/image_5043.png,data/datasets/s1gfloods/Label/image_5043.png
image_1632,data/datasets/s1gfloods/A/image_1632.png,data/datasets/s1gfloods/B/image_1632.png,data/datasets/s1gfloods/Label/image_1632.png
image_1654,data/datasets/s1gfloods/A/image_1654.png,data/datasets/s1gfloods/B/image_1654.png,data/datasets/s1gfloods/Label/image_1654.png
image_3276,data/datasets/s1gfloods/A/image_3276.png,data/datasets/s1gfloods/B/image_3276.png,data/datasets/s1gfloods/Label/image_3276.png
image_984,data/datasets/s1gfloods/A/image_984.png,data/datasets/s1gfloods/B/image_984.png,data/datasets/s1gfloods/Label/image_984.png
image_3114,data/datasets/s1gfloods/A/image_3114.png,data/datasets/s1gfloods/B/image_3114.png,data/datasets/s1gfloods/Label/image_3114.png
image_4303,data/datasets/s1gfloods/A/image_4303.png,data/datasets/s1gfloods/B/image_4303.png,data/datasets/s1gfloods/Label/image_4303.png
image_890,data/datasets/s1gfloods/A/image_890.png,data/datasets/s1gfloods/B/image_890.png,data/datasets/s1gfloods/Label/image_890.png
image_3962,data/datasets/s1gfloods/A/image_3962.png,data/datasets/s1gfloods/B/image_3962.png,data/datasets/s1gfloods/Label/image_3962.png
image_857,data/datasets/s1gfloods/A/image_857.png,data/datasets/s1gfloods/B/image_857.png,data/datasets/s1gfloods/Label/image_857.png
image_1858,data/datasets/s1gfloods/A/image_1858.png,data/datasets/s1gfloods/B/image_1858.png,data/datasets/s1gfloods/Label/image_1858.png
image_2420,data/datasets/s1gfloods/A/image_2420.png,data/datasets/s1gfloods/B/image_2420.png,data/datasets/s1gfloods/Label/image_2420.png
image_4546,data/datasets/s1gfloods/A/image_4546.png,data/datasets/s1gfloods/B/image_4546.png,data/datasets/s1gfloods/Label/image_4546.png
image_493,data/datasets/s1gfloods/A/image_493.png,data/datasets/s1gfloods/B/image_493.png,data/datasets/s1gfloods/Label/image_493.png
image_3239,data/datasets/s1gfloods/A/image_3239.png,data/datasets/s1gfloods/B/image_3239.png,data/datasets/s1gfloods/Label/image_3239.png
image_31,data/datasets/s1gfloods/A/image_31.png,data/datasets/s1gfloods/B/image_31.png,data/datasets/s1gfloods/Label/image_31.png
image_3224,data/datasets/s1gfloods/A/image_3224.png,data/datasets/s1gfloods/B/image_3224.png,data/datasets/s1gfloods/Label/image_3224.png
image_437,data/datasets/s1gfloods/A/image_437.png,data/datasets/s1gfloods/B/image_437.png,data/datasets/s1gfloods/Label/image_437.png
image_5097,data/datasets/s1gfloods/A/image_5097.png,data/datasets/s1gfloods/B/image_5097.png,data/datasets/s1gfloods/Label/image_5097.png
image_5260,data/datasets/s1gfloods/A/image_5260.png,data/datasets/s1gfloods/B/image_5260.png,data/datasets/s1gfloods/Label/image_5260.png
image_739,data/datasets/s1gfloods/A/image_739.png,data/datasets/s1gfloods/B/image_739.png,data/datasets/s1gfloods/Label/image_739.png
image_4929,data/datasets/s1gfloods/A/image_4929.png,data/datasets/s1gfloods/B/image_4929.png,data/datasets/s1gfloods/Label/image_4929.png
image_1815,data/datasets/s1gfloods/A/image_1815.png,data/datasets/s1gfloods/B/image_1815.png,data/datasets/s1gfloods/Label/image_1815.png
image_2295,data/datasets/s1gfloods/A/image_2295.png,data/datasets/s1gfloods/B/image_2295.png,data/datasets/s1gfloods/Label/image_2295.png
image_2369,data/datasets/s1gfloods/A/image_2369.png,data/datasets/s1gfloods/B/image_2369.png,data/datasets/s1gfloods/Label/image_2369.png
image_3739,data/datasets/s1gfloods/A/image_3739.png,data/datasets/s1gfloods/B/image_3739.png,data/datasets/s1gfloods/Label/image_3739.png
image_3193,data/datasets/s1gfloods/A/image_3193.png,data/datasets/s1gfloods/B/image_3193.png,data/datasets/s1gfloods/Label/image_3193.png
image_3251,data/datasets/s1gfloods/A/image_3251.png,data/datasets/s1gfloods/B/image_3251.png,data/datasets/s1gfloods/Label/image_3251.png
image_1761,data/datasets/s1gfloods/A/image_1761.png,data/datasets/s1gfloods/B/image_1761.png,data/datasets/s1gfloods/Label/image_1761.png
image_5044,data/datasets/s1gfloods/A/image_5044.png,data/datasets/s1gfloods/B/image_5044.png,data/datasets/s1gfloods/Label/image_5044.png
image_3038,data/datasets/s1gfloods/A/image_3038.png,data/datasets/s1gfloods/B/image_3038.png,data/datasets/s1gfloods/Label/image_3038.png
image_3829,data/datasets/s1gfloods/A/image_3829.png,data/datasets/s1gfloods/B/image_3829.png,data/datasets/s1gfloods/Label/image_3829.png
image_4431,data/datasets/s1gfloods/A/image_4431.png,data/datasets/s1gfloods/B/image_4431.png,data/datasets/s1gfloods/Label/image_4431.png
image_4318,data/datasets/s1gfloods/A/image_4318.png,data/datasets/s1gfloods/B/image_4318.png,data/datasets/s1gfloods/Label/image_4318.png
image_2910,data/datasets/s1gfloods/A/image_2910.png,data/datasets/s1gfloods/B/image_2910.png,data/datasets/s1gfloods/Label/image_2910.png
image_3793,data/datasets/s1gfloods/A/image_3793.png,data/datasets/s1gfloods/B/image_3793.png,data/datasets/s1gfloods/Label/image_3793.png
image_2456,data/datasets/s1gfloods/A/image_2456.png,data/datasets/s1gfloods/B/image_2456.png,data/datasets/s1gfloods/Label/image_2456.png
image_2100,data/datasets/s1gfloods/A/image_2100.png,data/datasets/s1gfloods/B/image_2100.png,data/datasets/s1gfloods/Label/image_2100.png
image_4321,data/datasets/s1gfloods/A/image_4321.png,data/datasets/s1gfloods/B/image_4321.png,data/datasets/s1gfloods/Label/image_4321.png
image_1695,data/datasets/s1gfloods/A/image_1695.png,data/datasets/s1gfloods/B/image_1695.png,data/datasets/s1gfloods/Label/image_1695.png
image_1900,data/datasets/s1gfloods/A/image_1900.png,data/datasets/s1gfloods/B/image_1900.png,data/datasets/s1gfloods/Label/image_1900.png
image_4466,data/datasets/s1gfloods/A/image_4466.png,data/datasets/s1gfloods/B/image_4466.png,data/datasets/s1gfloods/Label/image_4466.png
image_564,data/datasets/s1gfloods/A/image_564.png,data/datasets/s1gfloods/B/image_564.png,data/datasets/s1gfloods/Label/image_564.png
image_2347,data/datasets/s1gfloods/A/image_2347.png,data/datasets/s1gfloods/B/image_2347.png,data/datasets/s1gfloods/Label/image_2347.png
image_3805,data/datasets/s1gfloods/A/image_3805.png,data/datasets/s1gfloods/B/image_3805.png,data/datasets/s1gfloods/Label/image_3805.png
image_1421,data/datasets/s1gfloods/A/image_1421.png,data/datasets/s1gfloods/B/image_1421.png,data/datasets/s1gfloods/Label/image_1421.png
image_471,data/datasets/s1gfloods/A/image_471.png,data/datasets/s1gfloods/B/image_471.png,data/datasets/s1gfloods/Label/image_471.png
image_2536,data/datasets/s1gfloods/A/image_2536.png,data/datasets/s1gfloods/B/image_2536.png,data/datasets/s1gfloods/Label/image_2536.png
image_4967,data/datasets/s1gfloods/A/image_4967.png,data/datasets/s1gfloods/B/image_4967.png,data/datasets/s1gfloods/Label/image_4967.png
image_5015,data/datasets/s1gfloods/A/image_5015.png,data/datasets/s1gfloods/B/image_5015.png,data/datasets/s1gfloods/Label/image_5015.png
image_561,data/datasets/s1gfloods/A/image_561.png,data/datasets/s1gfloods/B/image_561.png,data/datasets/s1gfloods/Label/image_561.png
image_64,data/datasets/s1gfloods/A/image_64.png,data/datasets/s1gfloods/B/image_64.png,data/datasets/s1gfloods/Label/image_64.png
image_1633,data/datasets/s1gfloods/A/image_1633.png,data/datasets/s1gfloods/B/image_1633.png,data/datasets/s1gfloods/Label/image_1633.png
image_1591,data/datasets/s1gfloods/A/image_1591.png,data/datasets/s1gfloods/B/image_1591.png,data/datasets/s1gfloods/Label/image_1591.png
image_5084,data/datasets/s1gfloods/A/image_5084.png,data/datasets/s1gfloods/B/image_5084.png,data/datasets/s1gfloods/Label/image_5084.png
image_475,data/datasets/s1gfloods/A/image_475.png,data/datasets/s1gfloods/B/image_475.png,data/datasets/s1gfloods/Label/image_475.png
image_1149,data/datasets/s1gfloods/A/image_1149.png,data/datasets/s1gfloods/B/image_1149.png,data/datasets/s1gfloods/Label/image_1149.png
image_4234,data/datasets/s1gfloods/A/image_4234.png,data/datasets/s1gfloods/B/image_4234.png,data/datasets/s1gfloods/Label/image_4234.png
image_1926,data/datasets/s1gfloods/A/image_1926.png,data/datasets/s1gfloods/B/image_1926.png,data/datasets/s1gfloods/Label/image_1926.png
image_1427,data/datasets/s1gfloods/A/image_1427.png,data/datasets/s1gfloods/B/image_1427.png,data/datasets/s1gfloods/Label/image_1427.png
image_5143,data/datasets/s1gfloods/A/image_5143.png,data/datasets/s1gfloods/B/image_5143.png,data/datasets/s1gfloods/Label/image_5143.png
image_2426,data/datasets/s1gfloods/A/image_2426.png,data/datasets/s1gfloods/B/image_2426.png,data/datasets/s1gfloods/Label/image_2426.png
image_2827,data/datasets/s1gfloods/A/image_2827.png,data/datasets/s1gfloods/B/image_2827.png,data/datasets/s1gfloods/Label/image_2827.png
image_3183,data/datasets/s1gfloods/A/image_3183.png,data/datasets/s1gfloods/B/image_3183.png,data/datasets/s1gfloods/Label/image_3183.png
image_2320,data/datasets/s1gfloods/A/image_2320.png,data/datasets/s1gfloods/B/image_2320.png,data/datasets/s1gfloods/Label/image_2320.png
image_543,data/datasets/s1gfloods/A/image_543.png,data/datasets/s1gfloods/B/image_543.png,data/datasets/s1gfloods/Label/image_543.png
image_1156,data/datasets/s1gfloods/A/image_1156.png,data/datasets/s1gfloods/B/image_1156.png,data/datasets/s1gfloods/Label/image_1156.png
image_3427,data/datasets/s1gfloods/A/image_3427.png,data/datasets/s1gfloods/B/image_3427.png,data/datasets/s1gfloods/Label/image_3427.png
image_5269,data/datasets/s1gfloods/A/image_5269.png,data/datasets/s1gfloods/B/image_5269.png,data/datasets/s1gfloods/Label/image_5269.png
image_2210,data/datasets/s1gfloods/A/image_2210.png,data/datasets/s1gfloods/B/image_2210.png,data/datasets/s1gfloods/Label/image_2210.png
image_4339,data/datasets/s1gfloods/A/image_4339.png,data/datasets/s1gfloods/B/image_4339.png,data/datasets/s1gfloods/Label/image_4339.png
image_162,data/datasets/s1gfloods/A/image_162.png,data/datasets/s1gfloods/B/image_162.png,data/datasets/s1gfloods/Label/image_162.png
image_5023,data/datasets/s1gfloods/A/image_5023.png,data/datasets/s1gfloods/B/image_5023.png,data/datasets/s1gfloods/Label/image_5023.png
image_991,data/datasets/s1gfloods/A/image_991.png,data/datasets/s1gfloods/B/image_991.png,data/datasets/s1gfloods/Label/image_991.png
image_4811,data/datasets/s1gfloods/A/image_4811.png,data/datasets/s1gfloods/B/image_4811.png,data/datasets/s1gfloods/Label/image_4811.png
image_522,data/datasets/s1gfloods/A/image_522.png,data/datasets/s1gfloods/B/image_522.png,data/datasets/s1gfloods/Label/image_522.png
image_1222,data/datasets/s1gfloods/A/image_1222.png,data/datasets/s1gfloods/B/image_1222.png,data/datasets/s1gfloods/Label/image_1222.png
image_779,data/datasets/s1gfloods/A/image_779.png,data/datasets/s1gfloods/B/image_779.png,data/datasets/s1gfloods/Label/image_779.png
image_3124,data/datasets/s1gfloods/A/image_3124.png,data/datasets/s1gfloods/B/image_3124.png,data/datasets/s1gfloods/Label/image_3124.png
image_2696,data/datasets/s1gfloods/A/image_2696.png,data/datasets/s1gfloods/B/image_2696.png,data/datasets/s1gfloods/Label/image_2696.png
image_5133,data/datasets/s1gfloods/A/image_5133.png,data/datasets/s1gfloods/B/image_5133.png,data/datasets/s1gfloods/Label/image_5133.png
image_3692,data/datasets/s1gfloods/A/image_3692.png,data/datasets/s1gfloods/B/image_3692.png,data/datasets/s1gfloods/Label/image_3692.png
image_941,data/datasets/s1gfloods/A/image_941.png,data/datasets/s1gfloods/B/image_941.png,data/datasets/s1gfloods/Label/image_941.png
image_5064,data/datasets/s1gfloods/A/image_5064.png,data/datasets/s1gfloods/B/image_5064.png,data/datasets/s1gfloods/Label/image_5064.png
image_704,data/datasets/s1gfloods/A/image_704.png,data/datasets/s1gfloods/B/image_704.png,data/datasets/s1gfloods/Label/image_704.png
image_580,data/datasets/s1gfloods/A/image_580.png,data/datasets/s1gfloods/B/image_580.png,data/datasets/s1gfloods/Label/image_580.png
image_1659,data/datasets/s1gfloods/A/image_1659.png,data/datasets/s1gfloods/B/image_1659.png,data/datasets/s1gfloods/Label/image_1659.png
image_3833,data/datasets/s1gfloods/A/image_3833.png,data/datasets/s1gfloods/B/image_3833.png,data/datasets/s1gfloods/Label/image_3833.png
image_876,data/datasets/s1gfloods/A/image_876.png,data/datasets/s1gfloods/B/image_876.png,data/datasets/s1gfloods/Label/image_876.png
image_2305,data/datasets/s1gfloods/A/image_2305.png,data/datasets/s1gfloods/B/image_2305.png,data/datasets/s1gfloods/Label/image_2305.png
image_4276,data/datasets/s1gfloods/A/image_4276.png,data/datasets/s1gfloods/B/image_4276.png,data/datasets/s1gfloods/Label/image_4276.png
image_37,data/datasets/s1gfloods/A/image_37.png,data/datasets/s1gfloods/B/image_37.png,data/datasets/s1gfloods/Label/image_37.png
image_209,data/datasets/s1gfloods/A/image_209.png,data/datasets/s1gfloods/B/image_209.png,data/datasets/s1gfloods/Label/image_209.png
image_4064,data/datasets/s1gfloods/A/image_4064.png,data/datasets/s1gfloods/B/image_4064.png,data/datasets/s1gfloods/Label/image_4064.png
image_2832,data/datasets/s1gfloods/A/image_2832.png,data/datasets/s1gfloods/B/image_2832.png,data/datasets/s1gfloods/Label/image_2832.png
image_1031,data/datasets/s1gfloods/A/image_1031.png,data/datasets/s1gfloods/B/image_1031.png,data/datasets/s1gfloods/Label/image_1031.png
image_3059,data/datasets/s1gfloods/A/image_3059.png,data/datasets/s1gfloods/B/image_3059.png,data/datasets/s1gfloods/Label/image_3059.png
image_1501,data/datasets/s1gfloods/A/image_1501.png,data/datasets/s1gfloods/B/image_1501.png,data/datasets/s1gfloods/Label/image_1501.png
image_4098,data/datasets/s1gfloods/A/image_4098.png,data/datasets/s1gfloods/B/image_4098.png,data/datasets/s1gfloods/Label/image_4098.png
image_4404,data/datasets/s1gfloods/A/image_4404.png,data/datasets/s1gfloods/B/image_4404.png,data/datasets/s1gfloods/Label/image_4404.png
image_2266,data/datasets/s1gfloods/A/image_2266.png,data/datasets/s1gfloods/B/image_2266.png,data/datasets/s1gfloods/Label/image_2266.png
image_376,data/datasets/s1gfloods/A/image_376.png,data/datasets/s1gfloods/B/image_376.png,data/datasets/s1gfloods/Label/image_376.png
image_702,data/datasets/s1gfloods/A/image_702.png,data/datasets/s1gfloods/B/image_702.png,data/datasets/s1gfloods/Label/image_702.png
image_2590,data/datasets/s1gfloods/A/image_2590.png,data/datasets/s1gfloods/B/image_2590.png,data/datasets/s1gfloods/Label/image_2590.png
image_813,data/datasets/s1gfloods/A/image_813.png,data/datasets/s1gfloods/B/image_813.png,data/datasets/s1gfloods/Label/image_813.png
image_118,data/datasets/s1gfloods/A/image_118.png,data/datasets/s1gfloods/B/image_118.png,data/datasets/s1gfloods/Label/image_118.png
image_4504,data/datasets/s1gfloods/A/image_4504.png,data/datasets/s1gfloods/B/image_4504.png,data/datasets/s1gfloods/Label/image_4504.png
image_4984,data/datasets/s1gfloods/A/image_4984.png,data/datasets/s1gfloods/B/image_4984.png,data/datasets/s1gfloods/Label/image_4984.png
image_1007,data/datasets/s1gfloods/A/image_1007.png,data/datasets/s1gfloods/B/image_1007.png,data/datasets/s1gfloods/Label/image_1007.png
image_22,data/datasets/s1gfloods/A/image_22.png,data/datasets/s1gfloods/B/image_22.png,data/datasets/s1gfloods/Label/image_22.png
image_5004,data/datasets/s1gfloods/A/image_5004.png,data/datasets/s1gfloods/B/image_5004.png,data/datasets/s1gfloods/Label/image_5004.png
image_699,data/datasets/s1gfloods/A/image_699.png,data/datasets/s1gfloods/B/image_699.png,data/datasets/s1gfloods/Label/image_699.png
image_3796,data/datasets/s1gfloods/A/image_3796.png,data/datasets/s1gfloods/B/image_3796.png,data/datasets/s1gfloods/Label/image_3796.png
image_296,data/datasets/s1gfloods/A/image_296.png,data/datasets/s1gfloods/B/image_296.png,data/datasets/s1gfloods/Label/image_296.png
image_740,data/datasets/s1gfloods/A/image_740.png,data/datasets/s1gfloods/B/image_740.png,data/datasets/s1gfloods/Label/image_740.png
image_3503,data/datasets/s1gfloods/A/image_3503.png,data/datasets/s1gfloods/B/image_3503.png,data/datasets/s1gfloods/Label/image_3503.png
image_1703,data/datasets/s1gfloods/A/image_1703.png,data/datasets/s1gfloods/B/image_1703.png,data/datasets/s1gfloods/Label/image_1703.png
image_718,data/datasets/s1gfloods/A/image_718.png,data/datasets/s1gfloods/B/image_718.png,data/datasets/s1gfloods/Label/image_718.png
image_708,data/datasets/s1gfloods/A/image_708.png,data/datasets/s1gfloods/B/image_708.png,data/datasets/s1gfloods/Label/image_708.png
image_2410,data/datasets/s1gfloods/A/image_2410.png,data/datasets/s1gfloods/B/image_2410.png,data/datasets/s1gfloods/Label/image_2410.png
image_612,data/datasets/s1gfloods/A/image_612.png,data/datasets/s1gfloods/B/image_612.png,data/datasets/s1gfloods/Label/image_612.png
image_1848,data/datasets/s1gfloods/A/image_1848.png,data/datasets/s1gfloods/B/image_1848.png,data/datasets/s1gfloods/Label/image_1848.png
image_207,data/datasets/s1gfloods/A/image_207.png,data/datasets/s1gfloods/B/image_207.png,data/datasets/s1gfloods/Label/image_207.png
image_1792,data/datasets/s1gfloods/A/image_1792.png,data/datasets/s1gfloods/B/image_1792.png,data/datasets/s1gfloods/Label/image_1792.png
image_1465,data/datasets/s1gfloods/A/image_1465.png,data/datasets/s1gfloods/B/image_1465.png,data/datasets/s1gfloods/Label/image_1465.png
image_3371,data/datasets/s1gfloods/A/image_3371.png,data/datasets/s1gfloods/B/image_3371.png,data/datasets/s1gfloods/Label/image_3371.png
image_5147,data/datasets/s1gfloods/A/image_5147.png,data/datasets/s1gfloods/B/image_5147.png,data/datasets/s1gfloods/Label/image_5147.png
image_4844,data/datasets/s1gfloods/A/image_4844.png,data/datasets/s1gfloods/B/image_4844.png,data/datasets/s1gfloods/Label/image_4844.png
image_5168,data/datasets/s1gfloods/A/image_5168.png,data/datasets/s1gfloods/B/image_5168.png,data/datasets/s1gfloods/Label/image_5168.png
image_4730,data/datasets/s1gfloods/A/image_4730.png,data/datasets/s1gfloods/B/image_4730.png,data/datasets/s1gfloods/Label/image_4730.png
image_5215,data/datasets/s1gfloods/A/image_5215.png,data/datasets/s1gfloods/B/image_5215.png,data/datasets/s1gfloods/Label/image_5215.png
image_101,data/datasets/s1gfloods/A/image_101.png,data/datasets/s1gfloods/B/image_101.png,data/datasets/s1gfloods/Label/image_101.png
image_5129,data/datasets/s1gfloods/A/image_5129.png,data/datasets/s1gfloods/B/image_5129.png,data/datasets/s1gfloods/Label/image_5129.png
image_4833,data/datasets/s1gfloods/A/image_4833.png,data/datasets/s1gfloods/B/image_4833.png,data/datasets/s1gfloods/Label/image_4833.png
image_92,data/datasets/s1gfloods/A/image_92.png,data/datasets/s1gfloods/B/image_92.png,data/datasets/s1gfloods/Label/image_92.png
image_4570,data/datasets/s1gfloods/A/image_4570.png,data/datasets/s1gfloods/B/image_4570.png,data/datasets/s1gfloods/Label/image_4570.png
image_3024,data/datasets/s1gfloods/A/image_3024.png,data/datasets/s1gfloods/B/image_3024.png,data/datasets/s1gfloods/Label/image_3024.png
image_3679,data/datasets/s1gfloods/A/image_3679.png,data/datasets/s1gfloods/B/image_3679.png,data/datasets/s1gfloods/Label/image_3679.png
image_2968,data/datasets/s1gfloods/A/image_2968.png,data/datasets/s1gfloods/B/image_2968.png,data/datasets/s1gfloods/Label/image_2968.png
image_1867,data/datasets/s1gfloods/A/image_1867.png,data/datasets/s1gfloods/B/image_1867.png,data/datasets/s1gfloods/Label/image_1867.png
image_1884,data/datasets/s1gfloods/A/image_1884.png,data/datasets/s1gfloods/B/image_1884.png,data/datasets/s1gfloods/Label/image_1884.png
image_729,data/datasets/s1gfloods/A/image_729.png,data/datasets/s1gfloods/B/image_729.png,data/datasets/s1gfloods/Label/image_729.png
image_4710,data/datasets/s1gfloods/A/image_4710.png,data/datasets/s1gfloods/B/image_4710.png,data/datasets/s1gfloods/Label/image_4710.png
image_1457,data/datasets/s1gfloods/A/image_1457.png,data/datasets/s1gfloods/B/image_1457.png,data/datasets/s1gfloods/Label/image_1457.png
image_720,data/datasets/s1gfloods/A/image_720.png,data/datasets/s1gfloods/B/image_720.png,data/datasets/s1gfloods/Label/image_720.png
image_2431,data/datasets/s1gfloods/A/image_2431.png,data/datasets/s1gfloods/B/image_2431.png,data/datasets/s1gfloods/Label/image_2431.png
image_2134,data/datasets/s1gfloods/A/image_2134.png,data/datasets/s1gfloods/B/image_2134.png,data/datasets/s1gfloods/Label/image_2134.png
image_4291,data/datasets/s1gfloods/A/image_4291.png,data/datasets/s1gfloods/B/image_4291.png,data/datasets/s1gfloods/Label/image_4291.png
image_406,data/datasets/s1gfloods/A/image_406.png,data/datasets/s1gfloods/B/image_406.png,data/datasets/s1gfloods/Label/image_406.png
image_393,data/datasets/s1gfloods/A/image_393.png,data/datasets/s1gfloods/B/image_393.png,data/datasets/s1gfloods/Label/image_393.png
image_4522,data/datasets/s1gfloods/A/image_4522.png,data/datasets/s1gfloods/B/image_4522.png,data/datasets/s1gfloods/Label/image_4522.png
image_5301,data/datasets/s1gfloods/A/image_5301.png,data/datasets/s1gfloods/B/image_5301.png,data/datasets/s1gfloods/Label/image_5301.png
image_1282,data/datasets/s1gfloods/A/image_1282.png,data/datasets/s1gfloods/B/image_1282.png,data/datasets/s1gfloods/Label/image_1282.png
image_2768,data/datasets/s1gfloods/A/image_2768.png,data/datasets/s1gfloods/B/image_2768.png,data/datasets/s1gfloods/Label/image_2768.png
image_2082,data/datasets/s1gfloods/A/image_2082.png,data/datasets/s1gfloods/B/image_2082.png,data/datasets/s1gfloods/Label/image_2082.png
image_4502,data/datasets/s1gfloods/A/image_4502.png,data/datasets/s1gfloods/B/image_4502.png,data/datasets/s1gfloods/Label/image_4502.png
image_2039,data/datasets/s1gfloods/A/image_2039.png,data/datasets/s1gfloods/B/image_2039.png,data/datasets/s1gfloods/Label/image_2039.png
image_2759,data/datasets/s1gfloods/A/image_2759.png,data/datasets/s1gfloods/B/image_2759.png,data/datasets/s1gfloods/Label/image_2759.png
image_1972,data/datasets/s1gfloods/A/image_1972.png,data/datasets/s1gfloods/B/image_1972.png,data/datasets/s1gfloods/Label/image_1972.png
image_993,data/datasets/s1gfloods/A/image_993.png,data/datasets/s1gfloods/B/image_993.png,data/datasets/s1gfloods/Label/image_993.png
image_666,data/datasets/s1gfloods/A/image_666.png,data/datasets/s1gfloods/B/image_666.png,data/datasets/s1gfloods/Label/image_666.png
image_3778,data/datasets/s1gfloods/A/image_3778.png,data/datasets/s1gfloods/B/image_3778.png,data/datasets/s1gfloods/Label/image_3778.png
image_2041,data/datasets/s1gfloods/A/image_2041.png,data/datasets/s1gfloods/B/image_2041.png,data/datasets/s1gfloods/Label/image_2041.png
image_2990,data/datasets/s1gfloods/A/image_2990.png,data/datasets/s1gfloods/B/image_2990.png,data/datasets/s1gfloods/Label/image_2990.png
image_361,data/datasets/s1gfloods/A/image_361.png,data/datasets/s1gfloods/B/image_361.png,data/datasets/s1gfloods/Label/image_361.png
image_821,data/datasets/s1gfloods/A/image_821.png,data/datasets/s1gfloods/B/image_821.png,data/datasets/s1gfloods/Label/image_821.png
image_1306,data/datasets/s1gfloods/A/image_1306.png,data/datasets/s1gfloods/B/image_1306.png,data/datasets/s1gfloods/Label/image_1306.png
image_108,data/datasets/s1gfloods/A/image_108.png,data/datasets/s1gfloods/B/image_108.png,data/datasets/s1gfloods/Label/image_108.png
image_2112,data/datasets/s1gfloods/A/image_2112.png,data/datasets/s1gfloods/B/image_2112.png,data/datasets/s1gfloods/Label/image_2112.png
image_5062,data/datasets/s1gfloods/A/image_5062.png,data/datasets/s1gfloods/B/image_5062.png,data/datasets/s1gfloods/Label/image_5062.png
image_2316,data/datasets/s1gfloods/A/image_2316.png,data/datasets/s1gfloods/B/image_2316.png,data/datasets/s1gfloods/Label/image_2316.png
image_3955,data/datasets/s1gfloods/A/image_3955.png,data/datasets/s1gfloods/B/image_3955.png,data/datasets/s1gfloods/Label/image_3955.png
image_107,data/datasets/s1gfloods/A/image_107.png,data/datasets/s1gfloods/B/image_107.png,data/datasets/s1gfloods/Label/image_107.png
image_4246,data/datasets/s1gfloods/A/image_4246.png,data/datasets/s1gfloods/B/image_4246.png,data/datasets/s1gfloods/Label/image_4246.png
image_5304,data/datasets/s1gfloods/A/image_5304.png,data/datasets/s1gfloods/B/image_5304.png,data/datasets/s1gfloods/Label/image_5304.png
image_1121,data/datasets/s1gfloods/A/image_1121.png,data/datasets/s1gfloods/B/image_1121.png,data/datasets/s1gfloods/Label/image_1121.png
image_3884,data/datasets/s1gfloods/A/image_3884.png,data/datasets/s1gfloods/B/image_3884.png,data/datasets/s1gfloods/Label/image_3884.png
image_3924,data/datasets/s1gfloods/A/image_3924.png,data/datasets/s1gfloods/B/image_3924.png,data/datasets/s1gfloods/Label/image_3924.png
image_5288,data/datasets/s1gfloods/A/image_5288.png,data/datasets/s1gfloods/B/image_5288.png,data/datasets/s1gfloods/Label/image_5288.png
image_811,data/datasets/s1gfloods/A/image_811.png,data/datasets/s1gfloods/B/image_811.png,data/datasets/s1gfloods/Label/image_811.png
image_2885,data/datasets/s1gfloods/A/image_2885.png,data/datasets/s1gfloods/B/image_2885.png,data/datasets/s1gfloods/Label/image_2885.png
image_24,data/datasets/s1gfloods/A/image_24.png,data/datasets/s1gfloods/B/image_24.png,data/datasets/s1gfloods/Label/image_24.png
image_68,data/datasets/s1gfloods/A/image_68.png,data/datasets/s1gfloods/B/image_68.png,data/datasets/s1gfloods/Label/image_68.png
image_1674,data/datasets/s1gfloods/A/image_1674.png,data/datasets/s1gfloods/B/image_1674.png,data/datasets/s1gfloods/Label/image_1674.png
image_1845,data/datasets/s1gfloods/A/image_1845.png,data/datasets/s1gfloods/B/image_1845.png,data/datasets/s1gfloods/Label/image_1845.png
image_4260,data/datasets/s1gfloods/A/image_4260.png,data/datasets/s1gfloods/B/image_4260.png,data/datasets/s1gfloods/Label/image_4260.png
image_721,data/datasets/s1gfloods/A/image_721.png,data/datasets/s1gfloods/B/image_721.png,data/datasets/s1gfloods/Label/image_721.png
image_2580,data/datasets/s1gfloods/A/image_2580.png,data/datasets/s1gfloods/B/image_2580.png,data/datasets/s1gfloods/Label/image_2580.png
image_4463,data/datasets/s1gfloods/A/image_4463.png,data/datasets/s1gfloods/B/image_4463.png,data/datasets/s1gfloods/Label/image_4463.png
image_5021,data/datasets/s1gfloods/A/image_5021.png,data/datasets/s1gfloods/B/image_5021.png,data/datasets/s1gfloods/Label/image_5021.png
image_1780,data/datasets/s1gfloods/A/image_1780.png,data/datasets/s1gfloods/B/image_1780.png,data/datasets/s1gfloods/Label/image_1780.png
image_2703,data/datasets/s1gfloods/A/image_2703.png,data/datasets/s1gfloods/B/image_2703.png,data/datasets/s1gfloods/Label/image_2703.png
image_1005,data/datasets/s1gfloods/A/image_1005.png,data/datasets/s1gfloods/B/image_1005.png,data/datasets/s1gfloods/Label/image_1005.png
image_2022,data/datasets/s1gfloods/A/image_2022.png,data/datasets/s1gfloods/B/image_2022.png,data/datasets/s1gfloods/Label/image_2022.png
image_1961,data/datasets/s1gfloods/A/image_1961.png,data/datasets/s1gfloods/B/image_1961.png,data/datasets/s1gfloods/Label/image_1961.png
image_320,data/datasets/s1gfloods/A/image_320.png,data/datasets/s1gfloods/B/image_320.png,data/datasets/s1gfloods/Label/image_320.png
image_4137,data/datasets/s1gfloods/A/image_4137.png,data/datasets/s1gfloods/B/image_4137.png,data/datasets/s1gfloods/Label/image_4137.png
image_4747,data/datasets/s1gfloods/A/image_4747.png,data/datasets/s1gfloods/B/image_4747.png,data/datasets/s1gfloods/Label/image_4747.png
image_2964,data/datasets/s1gfloods/A/image_2964.png,data/datasets/s1gfloods/B/image_2964.png,data/datasets/s1gfloods/Label/image_2964.png
image_3117,data/datasets/s1gfloods/A/image_3117.png,data/datasets/s1gfloods/B/image_3117.png,data/datasets/s1gfloods/Label/image_3117.png
image_4001,data/datasets/s1gfloods/A/image_4001.png,data/datasets/s1gfloods/B/image_4001.png,data/datasets/s1gfloods/Label/image_4001.png
image_3337,data/datasets/s1gfloods/A/image_3337.png,data/datasets/s1gfloods/B/image_3337.png,data/datasets/s1gfloods/Label/image_3337.png
image_3336,data/datasets/s1gfloods/A/image_3336.png,data/datasets/s1gfloods/B/image_3336.png,data/datasets/s1gfloods/Label/image_3336.png
image_5033,data/datasets/s1gfloods/A/image_5033.png,data/datasets/s1gfloods/B/image_5033.png,data/datasets/s1gfloods/Label/image_5033.png
image_498,data/datasets/s1gfloods/A/image_498.png,data/datasets/s1gfloods/B/image_498.png,data/datasets/s1gfloods/Label/image_498.png
image_2414,data/datasets/s1gfloods/A/image_2414.png,data/datasets/s1gfloods/B/image_2414.png,data/datasets/s1gfloods/Label/image_2414.png
image_1651,data/datasets/s1gfloods/A/image_1651.png,data/datasets/s1gfloods/B/image_1651.png,data/datasets/s1gfloods/Label/image_1651.png
image_1597,data/datasets/s1gfloods/A/image_1597.png,data/datasets/s1gfloods/B/image_1597.png,data/datasets/s1gfloods/Label/image_1597.png
image_681,data/datasets/s1gfloods/A/image_681.png,data/datasets/s1gfloods/B/image_681.png,data/datasets/s1gfloods/Label/image_681.png
image_1197,data/datasets/s1gfloods/A/image_1197.png,data/datasets/s1gfloods/B/image_1197.png,data/datasets/s1gfloods/Label/image_1197.png
image_3246,data/datasets/s1gfloods/A/image_3246.png,data/datasets/s1gfloods/B/image_3246.png,data/datasets/s1gfloods/Label/image_3246.png
image_3263,data/datasets/s1gfloods/A/image_3263.png,data/datasets/s1gfloods/B/image_3263.png,data/datasets/s1gfloods/Label/image_3263.png
image_1891,data/datasets/s1gfloods/A/image_1891.png,data/datasets/s1gfloods/B/image_1891.png,data/datasets/s1gfloods/Label/image_1891.png
image_1212,data/datasets/s1gfloods/A/image_1212.png,data/datasets/s1gfloods/B/image_1212.png,data/datasets/s1gfloods/Label/image_1212.png
image_5128,data/datasets/s1gfloods/A/image_5128.png,data/datasets/s1gfloods/B/image_5128.png,data/datasets/s1gfloods/Label/image_5128.png
image_1733,data/datasets/s1gfloods/A/image_1733.png,data/datasets/s1gfloods/B/image_1733.png,data/datasets/s1gfloods/Label/image_1733.png
image_1300,data/datasets/s1gfloods/A/image_1300.png,data/datasets/s1gfloods/B/image_1300.png,data/datasets/s1gfloods/Label/image_1300.png
image_774,data/datasets/s1gfloods/A/image_774.png,data/datasets/s1gfloods/B/image_774.png,data/datasets/s1gfloods/Label/image_774.png
image_3029,data/datasets/s1gfloods/A/image_3029.png,data/datasets/s1gfloods/B/image_3029.png,data/datasets/s1gfloods/Label/image_3029.png
image_4684,data/datasets/s1gfloods/A/image_4684.png,data/datasets/s1gfloods/B/image_4684.png,data/datasets/s1gfloods/Label/image_4684.png
image_1230,data/datasets/s1gfloods/A/image_1230.png,data/datasets/s1gfloods/B/image_1230.png,data/datasets/s1gfloods/Label/image_1230.png
image_1797,data/datasets/s1gfloods/A/image_1797.png,data/datasets/s1gfloods/B/image_1797.png,data/datasets/s1gfloods/Label/image_1797.png
image_1464,data/datasets/s1gfloods/A/image_1464.png,data/datasets/s1gfloods/B/image_1464.png,data/datasets/s1gfloods/Label/image_1464.png
image_911,data/datasets/s1gfloods/A/image_911.png,data/datasets/s1gfloods/B/image_911.png,data/datasets/s1gfloods/Label/image_911.png
image_626,data/datasets/s1gfloods/A/image_626.png,data/datasets/s1gfloods/B/image_626.png,data/datasets/s1gfloods/Label/image_626.png
